요인,평균 |SHAP| (%p),방향(요인과 SHAP 의 순위상관)
지하철 접근 (고령자 10분),2.6831813635256045,0.8939719415634847
시청까지 거리(km),2.2261751073012515,-0.8279101605188045
인구밀도,0.9820859248824205,0.9672874076078966
70세 이상 중 80세 이상 비율,0.9693776574263275,0.6989374348540656
버스 접근 (고령자 5분),0.6752513581034569,0.9359936006359625
경사 8% 이상 비율,0.4334557451446527,0.6234848406625685
평균 경사(%),0.32007333581504066,0.5801598313644699
큰길 접근 (고령자 5분),0.26541601360158823,-0.7177802593882794
65세 이상 비율,0.17599528210343454,0.323060625126583
따릉이 대여소 접근,0.15231728424727287,0.15618318809852974
