,소득 없음,소득 없음,소득 포함,소득 포함,소득만 (청장년 외출 통제 안 함),소득만 (청장년 외출 통제 안 함)
,계수,p,계수,p,계수,p
Intercept,0.6160991797640083,0.0,0.6160991798312001,0.0,0.6160991799060657,0.0
out_rate_adult_z,0.061103155928517935,2.3084066431630638e-05,0.058840222153901056,9.60825794233172e-05,,
share80_in70_z,-0.02031379193466023,0.0001329099811973686,-0.014983471461432403,0.0015898875979921537,-0.001681527538612504,0.7339892848703972
elderly_share_z,-0.028579148606098594,6.142986104722832e-08,-0.009250199659731374,0.16013481063149526,-0.016031626056681385,0.0012712328048921466
pop_density_z,-0.00015851296049110633,0.9712430026300082,0.003304863882673835,0.41474997605580466,,
dist_cityhall_km_z,-0.005023861751919989,0.34943035927706434,-0.0031923328983937405,0.5297563548066123,,
mci_elderly_z,-0.0016370174627635958,0.6656420985462934,0.0009178715377562638,0.8019402295449038,,
slope_mean_z,0.004780910880709199,0.2081845791437369,0.0025195856221873203,0.4798008827220409,,
R2,0.5156752891965763,,0.5903489115164706,,0.2734920038774503,
welfare_65p_rate_z,,,-0.02332078369880031,2.9725861491510075e-06,-0.022555341709787402,1.2902996567730242e-05
log_apt_price_z,,,0.01841616000728112,2.3237878459526215e-07,0.027928985390609062,8.470738695008668e-09
