key,lat,lon,n_lines,x,y,E,A,mid_E,far_E,steep_E,paid,free,dist_cbd,logvol,rel_use
4.19민주묘지,37.649502,127.013684,1,957100.2089425038,1961223.8900091636,7384.075942385319,17716.981107976073,0.27774653113344927,0.4079623629186183,0.1599416354785808,866645,547100,9.732586161667417,14.161752769713022,0.4151999484673176
가락시장,37.492566499999995,127.1180775,2,966238.4303152713,1943770.1195070434,3237.2605769230777,14648.331730769232,0.34953681896362643,0.21103134743258403,0.027621830686901556,4704899,2062263,14.848168746439729,15.727592354635217,0.6847985999802397
가산디지털단지,37.4809595,126.8826185,2,945415.4731545461,1942592.8749161535,3170.2170766149748,18213.067787819655,0.23030808864786553,0.5467251490451425,0.03593757266101969,19240709,2000958,12.692737391602455,16.87147523525077,-0.5150629462100518
가양,37.561391,126.854456,1,942986.7527503242,1951533.0368993913,12902.748348372588,32370.008598378467,0.2870698025725894,0.43390918286661384,0.09046672638334813,6385087,2033359,10.925815601741345,15.94593580861504,-0.2244840150655292
가오리,37.641537,127.016789,1,957369.5624952215,1960338.7863725324,9993.5979601958,23712.956909704222,0.2616142344478635,0.3748630312476361,0.13906423608904855,947430,739526,9.001729473440523,14.338436279385954,0.61633330463207
가좌,37.568491,126.915487,1,948381.8477564004,1952285.4756032177,13738.857596257596,59160.1390759837,0.19517552149981468,0.6548787226543589,0.21407826124565732,1692857,610380,5.525131230727571,14.649826082756835,0.4399286506383215
강남,37.4974135,127.028008,2,958279.0297923496,1944343.9764379533,3914.0341791617093,23391.755443463637,0.31575278478449875,0.35908618362741396,0.10401012053012787,28613317,2252706,8.847183102117485,17.24516655759912,-0.7539250512373235
강남구청,37.517324,127.041203,2,959456.157020865,1946547.1540198685,2939.3519594131362,14539.110080507726,0.3894159119081769,0.16656874174026082,0.371348603446771,8182848,1306089,7.8065585651967675,16.065637151667335,-0.23634995050233568
강동,37.535804,127.132481,1,967530.4276213322,1948561.970762859,8278.590157669058,29131.588021098123,0.3599569524262033,0.18833173038022685,0.12018954689745807,5547685,1634615,14.064083902097162,15.78713022399018,0.03617698036074107
강동구청,37.530341,127.120508,1,966470.1872803457,1947960.0855352227,7642.1797833502915,28466.9826843454,0.2883056277820689,0.42766920920387635,0.020337684643700605,3035765,1007608,13.212170909120365,15.21258980259147,0.21217779201231696
강변,37.535095,127.094681,1,964190.5199883515,1948497.0339507672,5429.8892773892785,23437.559440559435,0.2807688171639107,0.3036100149285927,0.23104147057908123,9337064,1554010,10.879677253718345,16.203454112635786,-0.33073207197277704
강일,37.55749,127.17593,1,971377.3646854108,1950953.7870024878,6976.806550782616,29007.899902810637,0.1753681934606624,0.7043788546237568,0.13024386774467903,1680606,662978,17.50943352692706,14.667191939525864,0.4948089909533169
개롱,37.498079,127.13482,1,967720.828738622,1944375.8203591567,7023.316425649974,26625.728896194254,0.2515594603837514,0.44980930003818265,0.07374089424639403,1737398,737115,15.798779190217019,14.721554166946861,0.4752425155802293
개봉,37.494594,126.85968,1,943397.6794589014,1944119.0892206666,15610.757627036763,45975.58354512701,0.27981288559570394,0.4706560319446554,0.13762346660594324,6329406,2399359,13.15061419243486,15.98213445160002,0.11014542045547057
개포동,37.489116,127.06614,1,961645.4209945868,1943407.2041574998,2986.3529871136952,17136.52455064727,0.258965580829588,0.2927333474694633,0.24627792707435073,1147004,438731,11.59146221416853,14.276558580204991,0.7861370826195219
개화,37.578608,126.798153,1,938028.3819638882,1953478.8413894202,3341.42645112601,10077.422163646112,0.2185767063403598,0.5628465873192806,0.12261620111776281,772405,175083,15.938581081947401,13.761569550950867,-0.3803491814510301
개화산,37.572399,126.806171,1,938731.2763739536,1952784.7176803036,1765.589934539369,5388.950464001731,0.30751409280315084,0.061104252336322426,0.18827121564913826,1681703,656217,15.188548067582971,14.664772203149,0.17479504927090667
거여,37.493105,127.14415,1,968543.4473070671,1943820.83040628,9869.474734558116,38893.90617896554,0.28797690236075435,0.3365505546323389,0.16688646409384375,2837187,995442,16.78752685740416,15.159061548652833,0.32400946350179455
건대입구,37.5405795,127.070101,2,962021.6759194232,1949115.1507097573,6008.68990246701,27287.057413041766,0.36324374914453844,0.3382837717394673,0.024726093538365,18420478,2291381,8.62850941466419,16.846216992742598,-0.5711025241404242
경복궁,37.575762,126.97353,1,953512.1654431198,1953061.8575354305,3273.234829064948,11451.114912561206,0.20802036726048184,0.5423436153449991,0.3234115538242702,9093737,1254735,1.10080000640422,16.15234943392661,-0.7283531826644707
경찰병원,37.495918,127.12454,1,966811.1941789915,1944139.64727362,4624.647826086956,19553.109661835748,0.30908541231207404,0.2090607402974314,0.1286910817986745,2179331,651690,15.131402946780826,14.856147981940067,0.2345298741999006
고덕,37.555004,127.154151,1,969452.770797142,1950684.834525822,7046.313175618535,34875.87581750808,0.17637079931575136,0.6069697983398497,0.2213291379364398,2840664,1120866,15.609852855380192,15.192140872247817,0.669354599804019
고려대,37.590508,127.036296,1,959062.5759523879,1954668.6496893892,7600.622468456409,21686.319588012197,0.31046336055701806,0.4295862400011199,0.20230891296723877,2932410,506226,5.795830774037903,15.050585439090153,-0.7081451993052772
고속터미널,37.504746000000004,127.00479566666667,3,956231.4804533784,1945168.0137512118,3424.9363209091034,16698.339106869327,0.360990054272687,0.20673857503710977,0.2585318397800278,28742374,5511446,7.24884732672948,17.3493086492999,-0.06731907851412561
공덕,37.543278,126.95179325000001,4,951571.7528286772,1949468.8948585584,6279.10189160682,28238.782362097143,0.38617992230130305,0.16769711790609645,0.4706857566762313,13274207,2237117,3.4635365750401506,16.55708089579051,-0.2771655108229489
공릉,37.625742,127.072896,1,962311.5520738909,1958562.3795307523,6893.1149841582,24504.541748855325,0.33009590052857074,0.2618901997863969,0.1166790359961789,3707408,1146606,10.647976552186428,15.395316549483725,0.09480868700034198
공항시장,37.563726,126.810678,1,939122.2143697705,1951819.553579869,961.5702348270244,3107.1759780813536,0.2135654780865765,0.018525541684076868,0.0,776184,307968,14.780478979137467,13.896308672553841,0.24850821350784386
관악산,37.4691018,126.9450639,1,950928.7512899109,1941242.969139113,4270.890129252313,23917.4945469888,0.16355537572236664,0.6664326839749857,0.7021814372884709,816592,513699,11.191075882822734,14.100908273257847,1.2592858225693677
광나루,37.545303,127.10357,1,964980.6311172167,1949626.2035510114,4695.045552297164,27149.370087976546,0.23731786399240024,0.5071090517080921,0.47497705407559676,3430120,962817,11.337672103414135,15.295508581858043,0.48435886763493685
광운대,37.623632,127.061835,1,961334.4111855609,1958332.7833406355,9518.652177217944,29443.28716576146,0.25240501604900123,0.49848525236902963,0.1692556240760797,2527925,795101,9.744331401556934,15.016386371561314,-0.027472253178627126
광화문,37.571525,126.97717,1,953830.9677330347,1952589.9877834988,777.3788863721093,2417.5926559008917,0.2051583273607062,0.029384251398717986,0.04370118886103879,11714001,1375937,0.5623057020179706,16.387354401434834,-1.0070501444713948
광흥창,37.547456,126.931993,1,949825.3966557969,1949942.8054370447,3691.3861875497582,17527.755455488394,0.29385640472791014,0.20156556316424476,0.3206527713088863,2913735,775694,4.580061400320145,15.12098226149542,0.23435067264039688
교대,37.493493,127.0142265,2,957058.5840932459,1943915.220137202,3720.000456949483,17594.530160593218,0.3617718792338809,0.2554908011794995,0.18300591301449257,14248965,3249259,8.709346892032046,16.677609948029435,0.0756069741369486
구로,37.503039,126.881966,1,945373.866166315,1945042.8454276647,8332.096875469222,29810.691379889075,0.3121137263496293,0.4121480363910631,0.06942918168029383,5074193,1463137,11.025617638747558,15.693039383193119,0.031167213405161417
구로디지털단지,37.485266,126.901401,1,947079.1433385541,1943059.9317033829,12418.686073883724,43378.59800301553,0.21520300225865766,0.6100383137921039,0.17148944746265524,18464090,2981478,11.271177686195005,16.881028561942816,-0.5726447077976866
구룡,37.486839,127.058856,1,961000.3055947432,1943157.5788929611,6965.666543871094,34247.58307784,0.13697317385440766,0.6828667643932194,0.22530297961094653,968719,368275,11.364619660533446,14.105934368415072,0.6254780549921907
구반포,37.501364,126.987332,1,954685.9037727229,1944801.0672090466,3015.6280099063683,13335.471877206828,0.27674815991306323,0.5845186985111785,0.23431177110073886,737888,158751,7.273470601715984,13.706408607415298,-0.04983567487362409
구산,37.611377,126.91727,1,948568.8255878488,1957042.5200524223,14806.671140201706,46041.319784216954,0.20365678717843513,0.5439445726117715,0.23731954413285197,2333218,806457,7.316990272166129,14.959629849342898,0.07210828731575848
구의,37.537077,127.085916,1,963417.1068195573,1948720.2987651955,12234.630952380954,53624.55390154918,0.2558226262342894,0.5373480086438716,0.04931142959728873,9284542,1630572,10.075765192014973,16.205658992254286,-0.2616834680182988
구일,37.496756,126.870793,1,944381.6483799478,1944352.3260009224,5931.6985563456155,22882.088012271764,0.3251165355377373,0.49821000363023055,0.13320736683633858,2465653,672700,12.231101305572292,14.959208697981502,0.051131320085367166
구파발,37.636763,126.918821,1,948723.1578720004,1959858.1579763035,6894.335597826088,27106.408967391297,0.17181266340794157,0.7184181349703178,0.5202809760026411,6684665,1953152,9.383988609147421,15.971660446818772,0.13869842732138069
국회의사당,37.528105,126.917874,1,948564.9006464048,1947803.5407058073,2487.0358186500007,9833.062089517693,0.32885694585720743,0.24979509226324587,0.10276779558037731,5504246,906059,6.808544148762839,15.673417409668145,-0.4295118249357801
군자,37.5569925,127.0794575,2,962856.4012911649,1950932.3421751866,7465.891344642148,29072.84970474006,0.3670162608308305,0.2933490343059624,0.04920195716872176,8850841,1858531,9.02250945561277,16.18662980391668,-0.20126618022424775
굽은다리,37.545477,127.142853,1,968450.8524022673,1949631.601132216,10462.055204594444,33472.48346433746,0.3034064496858325,0.3367121620488916,0.060024397705854826,2664593,1182461,14.746379145929986,15.162818218547795,0.3505153249333941
금천구청,37.455626,126.89398,1,946401.9021941705,1939775.7573303117,18933.907479655292,58497.96335834354,0.12042374455593881,0.7886537558105188,0.23073951167677137,2930625,1123159,14.368591326092488,15.215161323864205,0.16896711792803934
금호,37.548034,127.015872,1,957235.1845672431,1949965.4710287354,4435.569312169312,16505.819624819625,0.3300711046877022,0.15110396244437005,0.7714547279690819,2373533,736326,3.9225707234181297,14.950087945507057,0.14359516174432355
길동,37.537801,127.140004,1,968195.9201527145,1948780.9548411968,9140.517769560938,31562.847851984116,0.3438812501073144,0.2702914228887653,0.008972728534974907,2334009,1183893,14.659803447395742,15.073375347154853,0.5604844662761393
길음,37.603407,127.025053,1,958077.236178877,1956104.6948952018,10592.427912929867,43647.007346953396,0.31669990815070126,0.4059409643277573,0.526468251425494,6562318,1703685,5.833159692108375,15.927661636986244,0.06744497967857503
김포공항,37.5620404,126.8022632,5,938377.6595853437,1951638.0274254866,779.6548141180589,2929.1484102418267,0.21078054870259497,0.29911413735605624,0.02413504695224924,11258903,1610144,15.52850631108293,16.37033552865656,-0.6212198383951181
까치산,37.531768,126.846683,1,942277.4097647127,1948251.2452936424,24934.00944044139,77835.51214175191,0.19815864313177187,0.6431907398516544,0.2521659429200562,8325251,2313713,12.223191543412613,16.180033668716106,-0.14207452337543264
낙성대,37.47693,126.963693,1,952581.0226086085,1942101.9129321568,9360.366143469666,42673.53855285078,0.2239724849467646,0.4814164411807214,0.7260183088395387,9252196,1579913,10.017535335500853,16.19802533686052,-0.2503965320231067
남구로,37.486056,126.887249,1,945828.5533970485,1943155.6266000248,7918.5336985563445,23715.584458090932,0.31409786484259744,0.34606523483578633,0.2458063543133729,4633549,967640,11.998270936908039,15.538489454596945,-0.4692919043602912
남부터미널,37.485013,127.016189,1,957227.2312277722,1942973.5259945309,4937.5375228693665,22192.228012519314,0.2470803190155947,0.5107046516634344,0.3230004936796964,10183154,1799449,9.649877350686666,16.298966405847956,-0.2303788711007692
남성,37.484596,126.971251,1,953254.0638651724,1942948.6267370232,10933.733269604694,37102.89514224886,0.30986547339172005,0.38551159652055556,0.5811224896596963,3204775,1104338,9.106474688394195,15.276242640436072,0.15644637247572474
남영,37.541021,126.9713,1,953293.5720868137,1949208.6241593403,1492.7557315233785,7562.099595502536,0.2656604614513098,0.028052144845738404,0.20515911914661158,3116717,491760,2.8880924397351753,15.098796357634606,-0.22401971072318475
남태령,37.463873,126.989134,1,954822.6130841522,1940640.8194425383,2141.312741846324,7505.976245755349,0.2695183767648718,0.3720688301859124,0.6611921787411682,442713,116263,11.428469074666042,13.233861817405177,-0.08278637411777258
내방,37.487618,126.993513,1,955224.0325846779,1943273.0773486178,6400.259146341463,27833.07663393517,0.34161011963597127,0.28109761180592446,0.4827119709805957,4464244,1108658,8.858336323447443,15.533426481613281,0.07693703104238064
노들,37.512887,126.953222,1,951678.367787274,1946096.4460098196,3919.544751244793,14922.730669335662,0.3692566992988338,0.2589240468805353,0.7004955971386276,1467450,486645,6.338185175979143,14.485437728622076,0.23316351151436704
노량진,37.5138415,126.9418575,2,950674.6474605202,1946208.2395805824,4563.700319033411,16916.12996590372,0.33222585339254795,0.2287539394419654,0.20224837068652554,12420192,1824856,6.657893516859704,16.47191989551184,-0.6076886208461856
노원,37.655553,127.061869,2,961353.9501952606,1961874.2799431009,7702.174338405068,28952.838049849037,0.3607856159998952,0.32338999549043734,0.023831234233078324,12512250,3580209,12.345561265536595,16.59386133513496,0.07287857559066546
녹번,37.600927,126.935756,1,950193.4279567302,1955873.1670063278,9983.088972325686,33348.00875685851,0.18938783105561124,0.5604188076380007,0.7419513817003183,4644927,1112538,5.33865696270553,15.566007831631145,-0.22302626010020504
녹사평,37.534675,126.986695,1,954649.7639620053,1948497.0344440325,2331.762522361361,7228.055008944541,0.06188781701558221,0.7160069361798186,0.7724693655574286,1915888,256681,3.613440734752669,14.591420896261745,-0.8787568786763875
녹천,37.644799,127.051269,1,960413.2473256964,1960685.5837609693,6118.253307520552,19189.360620016203,0.2545802870493083,0.4007317162076563,0.35243070833896073,1162295,530053,10.830065676031936,14.341627471759223,0.3579045662718975
논현,37.511093,127.021415,2,957703.9667604921,1945864.5741141727,2291.109105806663,12869.3916918835,0.3875030738334644,0.0,0.2548394112194462,6369603,639183,7.245649714433906,15.762675062843424,-0.573285895974443
답십리,37.566747,127.052704,1,960498.5888421377,1952025.46049745,8499.855382502194,30492.31964915659,0.20280189714716843,0.6212893646023986,0.3091772042493437,4939092,1179762,6.597426851795506,15.62688538205216,-0.15444309782563226
당곡,37.4902998,126.9275133,1,949391.0926084517,1943604.042957743,5720.395284067094,24497.064502589998,0.28755018587327635,0.26099625624107425,0.42979013696211504,1322695,579522,9.558900600063472,14.458530606010779,0.6292924104840462
당산,37.534176,126.902788,2,947236.2065837883,1948485.4434975802,4125.79896973163,23123.480898910628,0.3580104294027867,0.20634101205858557,0.02797728110536254,12698652,1885724,7.549855116227094,16.495461376686848,-0.18359511434024384
대림,37.493128,126.8960035,2,946607.5536614291,1943935.2215454632,11047.477001673557,30131.295979296432,0.32359682142764723,0.41307216731962565,0.020101055595786826,10489679,2625693,10.897518231204337,16.389295535349014,-0.3816846712816593
대모산입구,37.491373,127.07272,1,962228.2529211695,1943654.9426005618,2521.1057625554404,13337.299216085667,0.23551398489076902,0.21316425107023676,0.1948214686391994,1661719,533286,11.811724491421021,14.601694882393142,0.5293169403853328
대방,37.51332395,126.92605424999999,2,949277.6868477,1946159.2226860435,3647.271289537713,15367.713381995136,0.3392644502756285,0.1672137120808577,0.2220253317398568,4112691,1090849,7.4744242347773495,15.464849721164166,0.11116821223608638
대청,37.493514,127.079532,1,962831.5006666651,1943889.7606312775,5220.637592302745,15183.522070529913,0.29157465529206766,0.4375824582712631,0.10165274991236721,3195647,871404,12.085043243217743,15.21842872476648,-0.23184791927905116
대치,37.494612,127.063642,1,961427.4153421475,1944017.9693750555,2797.7072046347453,15938.219674503624,0.2692842129467371,0.17925558475424236,0.06654873525951277,3929131,983563,10.994108618523805,15.407333025474049,0.35492788359531563
대흥,37.547771,126.942069,1,950715.6696583272,1949972.4232509255,3955.6670786770155,21471.069102946745,0.4033485687493134,0.1558891318731295,0.24565101010311446,3058170,699380,3.7933590019549213,15.139277707240627,0.21617940312626402
도곡,37.491073,127.055319,2,960689.8314262537,1943628.7839531417,2472.8621028496573,12749.56043236161,0.24999999999999986,0.0,0.21470987786450432,3958319,1192251,10.802841687030067,15.454617946127033,0.4401442459648468
도림천,37.514287,126.882768,1,945452.9389209803,1946290.2837792065,4671.707053940731,23128.26646580543,0.318761545837298,0.39706789233302714,0.022809340852970025,384718,129594,10.21473270531578,13.150585364176008,0.5114268731144351
도봉,37.679563,127.045595,1,959931.3784827334,1964544.9406160025,7273.909922589727,14829.704257565092,0.3335099290592136,0.26752182082706,0.14087559617988224,1274835,991829,13.890108969183338,14.633819705006944,0.4613169267062933
도봉산,37.6893875,127.046279,2,959996.9694328583,1965634.6473062735,6156.747225897257,13074.970575650948,0.3328759032345206,0.34034301556931507,0.18469763884367624,4293499,2232294,14.90599337727979,15.691273036355597,0.09907890723969663
독립문,37.574571,126.957748,1,952117.8256258033,1952937.6475627846,5573.071079849837,20764.176719037227,0.33776545550381304,0.28234510408607333,0.7819869441440566,2159212,985282,2.000087816675251,14.961163544870377,0.5307122412477892
독바위,37.618456,126.933031,1,949964.6314273335,1957819.3902390008,6546.1878881987595,18627.151656314705,0.29036255750762907,0.42280201957186664,0.6492034326079968,718308,287260,6.999231921875064,13.821063113953919,0.1292266869248826
독산,37.466613,126.889249,1,945991.3784026487,1940997.3963901857,10622.092549032091,44006.737566690106,0.13667422821038613,0.7355791242206988,0.140339975253133,5095951,940480,13.576781390679347,15.613323501224578,-0.26840448479884293
돌곶이,37.610537,127.056431,1,960850.6708626503,1956882.1894310704,9489.48550185205,31481.421455029315,0.23170227756790224,0.5047326104984238,0.06274488009046164,3632822,983999,8.474619719633715,15.345216930973644,-0.10692697453723073
동대문,37.5713085,127.0101085,2,956739.5290597812,1952550.293509566,2397.8360512173012,6364.935627104377,0.3313778775185378,0.03423599693174692,0.44335676122993356,9235487,3707553,2.8852821336228094,16.376068749893413,0.06355617693428
동대문역사문화공원,37.565137,127.00743066666666,3,956499.4691855161,1951866.8327443572,1040.7822510822512,3541.9411255411255,0.2526792040415451,0.0,0.12246149261597598,13602070,2002562,2.603553340614129,16.563078351223755,-0.6910923037739685
동대입구,37.559052,127.005602,1,956334.4208181666,1951192.5811713038,1068.1524912995499,3764.2302117816816,0.35266364796925054,0.06201314544305388,0.5231841860635016,3802350,573183,2.574003163327897,15.291538898924783,-0.6325566693055751
동묘앞,37.572738,127.0160665,2,957266.4776465824,1952706.1630557736,2821.567621103508,9039.959302510513,0.31220080234019654,0.0,0.2986490682531141,5215034,3042430,3.4321587600781966,15.926628076564555,0.6254729780860651
동작,37.502865,126.97925000000001,2,953972.4620429775,1944971.5160385205,3578.527164246113,11792.804724977663,0.16762135280154322,0.6084207780076426,0.5441777029793397,1218860,405485,7.060924904273905,14.300615215565559,0.09195087414378483
둔촌동,37.527788,127.136248,1,967859.7961253461,1947671.351102723,7651.1809207554,30279.55825236986,0.39603153094153487,0.22556209856121007,0.05477999501019297,3815973,1365320,14.623930362036232,15.460565196986913,0.34780599035966686
둔촌오륜,37.519683,127.137989,1,968010.1664780525,1946771.5591991912,4319.164965986395,21133.846301020407,0.38661357050859774,0.23472291074151785,0.2537511778109667,1404537,345939,15.057788791723775,14.375398308914404,0.1866132255828288
등촌,37.550632,126.865689,1,943970.7858096526,1950332.619612931,11644.168765870596,49231.53819353458,0.22185555585877256,0.5264864210466826,0.31271044855608193,3514075,1321734,10.07475091497104,15.391558994486068,0.46389709690334985
디지털미디어시티,37.576846999999994,126.900151,3,947033.436390639,1953221.0717420843,3941.880883545883,15224.199076089079,0.3499912913382994,0.29462104428593755,0.18461262415706467,10281846,1455726,6.969892364582835,16.278305536665144,-0.6036468552760842
뚝섬,37.547184,127.047367,1,960016.8158561931,1949857.307797982,2038.6791727194582,8812.779383102325,0.34050660359876006,0.11123050015953241,0.04015565502933738,8723914,931055,6.490825830824093,16.082983263067977,-0.773604180739775
마곡,37.560183,126.825448,1,940423.8281014586,1951417.0071630278,3493.588568266221,15657.638803816568,0.24279484594128364,0.5068765451659422,0.06238267319713371,5145832,959277,13.491365167763083,15.624636519585412,-0.17973302047968331
마곡나루,37.566160499999995,126.827344,2,940596.0307835682,1952078.9855954982,2490.4567579313343,13647.360495436767,0.2640490662225434,0.3042960516293313,0.009816001665462301,10438838,996489,13.305217204793852,16.252217981444666,-0.6479704495428211
마들,37.66494,127.057675,1,960988.9222008476,1962917.4713125166,9398.845259285372,37237.540147707645,0.3598964576216755,0.41367519986913165,0.09774830525781403,3726746,1378304,12.98953503495653,15.445740803852233,0.38204885021166124
마장,37.5661,127.042973,1,959638.8752050528,1951957.8140890098,2196.7800877360296,8052.901201602137,0.2518191537594512,0.03937793927581834,0.1455985465176348,1715862,587217,5.7381905149671235,14.64975748129742,0.2267633030415181
마천,37.49499,127.152781,1,969307.1873483228,1944027.1087909304,10543.970550184986,30109.04557107053,0.2825577793927251,0.35362894273536444,0.10582807158503131,1951343,800499,17.361598276430954,14.827781063596497,0.15823360997133828
마포,37.539574,126.945932,1,951051.5479145248,1949060.9905273244,6371.247763150255,27459.07223203843,0.32204799259494177,0.2861102042090684,0.46930278027139,4651744,913921,4.116758164553406,15.532127032407947,-0.16635206554994564
마포구청,37.563515,126.903343,1,947305.8999902856,1951740.1512627609,6488.720715182435,26097.695093061753,0.24458781736359875,0.42779839682544396,0.19306308237489683,4516626,1152922,6.601723080005842,15.55061995471325,0.026315939298898607
망우,37.59955,127.091909,1,963976.6697093965,1955649.0298201484,12474.85536884304,39534.215502870466,0.20537090954308757,0.5412569311157187,0.12768847483518278,1976343,1030555,10.705050573339319,14.916419540543995,0.5023007891469624
망원,37.556094,126.910052,1,947893.2466634705,1950913.0856287335,6430.407260785923,26334.896174764483,0.3099571405844111,0.3999754184526467,0.07196651064775321,5296944,1205918,6.111238588312834,15.687752945651185,-0.0700319112576989
매봉,37.486947,127.046769,1,959931.79644432,1943174.6364552039,6820.127696394689,30960.697780322065,0.23853607865807838,0.48574579695379355,0.2164436198746445,3685443,1088635,10.715541766329961,15.37871142424765,0.2933742734761041
먹골,37.610637,127.077725,1,962730.1347981932,1956884.6172627194,6096.111151811151,19509.93499185999,0.41184445462475866,0.07387527578431592,0.18812470310492588,2962945,1021457,10.074612179603553,15.197897796210656,0.09831910408445324
면목,37.588579,127.087503,1,963582.3920059369,1954433.5498559591,13583.944377573647,40712.981206598284,0.26707042144193754,0.454450478956594,0.10071700150658584,4299621,1389979,9.974627966147128,15.554150504861667,-0.03157978486399483
명동,37.560989,126.986325,1,954633.0255050751,1951416.6118067678,480.0636694415347,1272.9063096091297,0.29879677072531213,0.029959261357785476,0.5788043647710189,14082196,1157799,0.9562539642074769,16.53943378013873,-1.5232512575560648
명일,37.55137,127.143999,1,968554.5621830383,1950285.0108413836,6716.7694449086275,24084.252242466522,0.27928055566651083,0.13545596885743283,0.1221827359308044,2213137,971872,14.75717770855162,14.973965672730092,0.45400875491157794
목동,37.526065,126.864931,1,943885.4225152993,1947607.4824822242,11048.574343798227,47253.940632162004,0.1947937598962846,0.6009877117103702,0.13867794026956776,5032277,1219495,10.949528557483449,15.648375501528385,0.03579892215193628
몽촌토성,37.517409,127.112359,1,965744.2714934535,1946528.2972527712,4155.030222365625,20649.0366722806,0.23866344756871996,0.2512795903498932,0.1278472029482431,2579834,572676,13.059509919122593,14.963709518901826,0.09818874305478453
무악재,37.582299,126.950291,1,951464.3658727237,1953798.8603330615,4978.959508632791,16106.008905707362,0.2679492390495284,0.2635106210674327,0.801591042369563,1159106,464302,3.0099004624112218,14.300038201226108,0.25910239638440447
문래,37.517933,126.89476,1,946515.3286956314,1946687.9025514263,3701.3597317934355,17713.517535134237,0.4135542865472658,0.18510589075481884,0.0452578877517731,7417512,1209689,9.116513894719477,15.970430676732471,-0.24785258576092714
문정,37.485855,127.1225,1,966626.3906105586,1943023.948111323,6006.741168287423,25457.102054729443,0.2916372801970867,0.42120469513590253,0.0896456529568551,7250488,996811,15.590953038814677,15.925396310766374,-0.5401504760419735
미아,37.62667,127.025983,1,958172.3590174246,1958685.2119148371,11508.189093370043,27374.479789765697,0.18588873789255492,0.5587661216738391,0.3727432881152649,4486214,1706391,7.906152472359009,15.638866396197056,-0.10007621721156616
미아사거리,37.613292,127.030053,1,958524.069810951,1957199.171925048,14643.32078896672,46832.12633048394,0.2579819729830829,0.5388583571884679,0.3940543015547927,7521539,2602717,6.933258602478695,16.130444686775498,0.10137024292891125
반포,37.508178,127.011727,1,956846.0842959934,1945545.5717232665,1964.905357322596,11031.200765973563,0.1446156745951556,0.0,0.22463872751832759,2041308,625501,7.1237174387568505,14.796393184551606,0.5424904818172034
발산,37.558598,126.837668,1,941501.8671528691,1951233.4822470641,6543.263029408914,25245.376350064664,0.3717155162763754,0.34334173869367896,0.14665204753029212,7317655,1755939,12.424989125853367,16.020878994982645,-0.07707911598708958
방배,37.481426,126.997596,1,955581.326706614,1942584.1812602007,5201.302419354839,19460.27649769585,0.20526290222310836,0.49617049657207085,0.5384024788617155,5331797,1059017,9.596132106718327,15.670372204782213,-0.29688098451833383
방이,37.508857,127.126133,1,966957.7106233403,1945574.5821857587,5669.617351981562,21657.07440885917,0.32618808007287786,0.26055425516728203,0.051180823621489735,2197881,761899,14.566147950950278,14.90062549921373,0.2807755421671662
방학,37.667503,127.044273,1,959808.3018232153,1963207.4880416002,19300.319799103076,49395.263417389404,0.18455165822669833,0.6546152838887676,0.038456539369461605,2327420,1569517,12.640569005119742,15.175701417908416,0.5457404424637566
방화,37.577446,126.812741,1,939315.5448316758,1953340.3988316855,8027.144924447564,21428.78854660659,0.21164484535213077,0.468104063223375,0.14911985121373808,1896372,836017,14.644180427866164,14.820686876066832,0.16285744526129783
버티고개,37.548013,127.007055,1,956456.3292074095,1949967.1884061964,3455.923271604938,9724.564179894178,0.15813054181222116,0.08438380615441017,0.9001588559073841,672503,188686,3.2852159547299387,13.666069271515713,-0.23635688974793598
보라매,37.50007295,126.92043175,2,948771.7409217515,1944692.1463855891,2761.802374409618,12192.355139544869,0.2409615364377781,0.0,0.08854873900937116,3487537,859685,8.954643176233773,15.28504757837016,0.08454063430722485
보라매공원,37.4955691,126.9180827,1,948561.0162796407,1944193.7520366306,2525.767158079113,10265.629791271347,0.3662247902378906,0.0911316859190981,0.1377686521454874,653951,284016,9.484544917896095,13.751470046132814,0.5682547097903309
보라매병원,37.4929598,126.9234964,1,949037.7952790842,1943901.321011998,1873.8072537706037,8275.549682070809,0.3338422381760984,0.0746599228940078,0.3086120040367291,2176379,870739,9.474261222964468,14.929706783834334,0.5692575309855199
보문,37.58528,127.01936599999999,2,957564.9589829558,1954096.1414971077,3111.020465489567,13551.004271851745,0.3155488636614283,0.0809717899514012,0.34275241939447126,3169312,708419,4.205202716192586,15.170760746726428,-0.026724217800295953
복정,37.470549500000004,127.12669600000001,2,966990.6156971919,1941324.4331898768,3678.3543608723344,20367.83490540739,0.1764688708344642,0.6081509980743698,0.18349291139306548,3048015,625370,16.911162957059727,15.11662413825777,0.12758910509617552
봉은사,37.514219,127.060245,1,961137.2952371715,1946194.637602151,1403.1418314019547,5348.550874801182,0.27403445172025404,0.28512751725151086,0.4995892620760576,8008580,879938,9.297167389625397,16.000270889431423,-0.8703055233361128
봉천,37.482362,126.941892,1,950656.9869025358,1942715.7603891194,11309.341835777715,47136.88542450992,0.28682902686085876,0.4241270179844207,0.48835555461816604,7257974,2129598,9.865015098239208,16.05489724479875,0.20125923224083686
봉화산,37.617283,127.091401,1,963940.3892214248,1957616.6198026098,4976.521563041169,15486.549854058438,0.27057749386574054,0.19513557671300796,0.14382311667672504,2465868,740663,11.487954150846353,14.980700225386476,-0.06751269309473695
북한산보국문,37.612072,127.008251,1,956599.1782238036,1957073.674141576,10095.367361323093,33120.69896914428,0.2729140762879245,0.5254518752607779,0.7929480592702772,1823778,630681,5.718123406108784,14.713416928327693,0.12621652716677287
북한산우이,37.662909,127.012706,1,957021.6640672929,1962711.7990063636,4857.609547692021,12231.222717562923,0.10006836847668314,0.6051729075447038,0.43099457475171454,756303,523668,11.126270247614773,14.062347979389143,0.5558612735136492
불광,37.610713000000004,126.92960500000001,2,949657.0622768375,1956962.1655120351,7920.524159663866,24657.773214285706,0.3691023705963352,0.21936785600753492,0.35985941746120426,5601808,2680061,6.5052397401147,15.929579225527151,0.3983849614259532
불암산,37.670272,127.079066,1,962878.1770398103,1963500.3538392014,6036.0,15689.616246498597,0.26427708260242466,0.34947179667095474,0.6544068919814449,2656061,1111085,14.563928795230366,15.141828243555189,0.08375038422717322
사가정,37.580894,127.088478,1,963664.7358103491,1953580.560118844,11746.575853211198,35347.08195019655,0.28810378924272845,0.4057529143703004,0.33548612588523197,4656371,1510558,9.885600463276575,15.634711541016161,-0.024103210210825628
사당,37.4767465,126.98159749999999,2,954163.994962666,1942072.6890620086,6992.728914625415,26740.176132866764,0.3193843435875111,0.4136817910587947,0.44489665670707806,22172404,4514252,9.962859367830726,17.09967422316029,-0.25031267361847515
사평,37.504206,127.015259,1,957155.9769659485,1945103.289031979,3618.7162997580913,20707.634565417808,0.3683008170500735,0.13014295682549135,0.23888880448214977,1252144,364254,7.6551914899637765,14.295710774868194,0.5096219677016234
삼각지,37.5348045,126.973316,2,953467.808015893,1948517.9377046055,1280.2217194570137,6402.479638009051,0.4320626965304604,0.0,0.13657702109009678,5175039,611229,3.5407628415088728,15.57099808214585,-0.5264783924554142
삼성,37.508857000000006,127.0632,2,961395.6787750551,1945598.540998998,3412.673069607869,16272.35646088698,0.31243293826065793,0.3627514912585899,0.4363896645553546,19088124,1628481,9.877153877562911,16.846446110579105,-0.8994468132054504
삼성중앙,37.513011,127.053282,1,960521.3107566303,1946063.5163967353,2015.9482737880433,10927.83146878383,0.3426698255663458,0.06454413972354933,0.1622593515989244,2541414,428075,8.913477933992173,14.903900442103863,-0.0909542954455363
삼양,37.626914,127.018106,1,957477.421034411,1958715.8227500692,5454.857857276527,14903.09960597176,0.34193450227685007,0.1011967028812346,0.4965827615751239,533286,436906,7.5803699812181975,13.785249269036726,0.8057228603070465
삼양사거리,37.621337,127.020473,1,957683.1261826975,1958096.0071320876,6378.62738427137,20042.826422292244,0.2773740548776449,0.23734956537254245,0.29948761637151633,541877,533601,7.146637560095999,13.888275771878657,1.129527704875769
삼전,37.504738,127.088025,1,963587.718264039,1945131.6693853228,5607.845726431081,26203.54304699643,0.335175083963094,0.3080208534205843,0.10696662497710353,2592389,671529,11.893064712389604,14.998438872201538,0.19095007117748675
상계,37.660878,127.073572,1,962388.9234839011,1962460.311513961,15619.947773846383,51627.83834586466,0.27050825197517314,0.4730873361611403,0.07189608641381064,5604446,1920324,13.445818341423585,15.833710803348048,0.12444593945789427
상도,37.502834,126.94791,1,951202.371050978,1944983.8660207707,8206.798808986498,32665.77185373116,0.3010855543663398,0.316155171665683,0.5519136879129964,3767762,929594,7.547239532623073,15.362510355196383,-0.01812367492170431
상봉,37.596127499999994,127.085378,2,963398.4810630817,1955271.8452137494,4713.319762080739,18246.646549114845,0.3541744976116795,0.03739036634667893,0.03610461162048191,7508991,1857640,10.03469375561893,16.052664037799435,-0.04320541771768486
상수,37.547716,126.922852,1,949018.1012107049,1949976.5689216405,2829.188951768803,14362.725549724353,0.3544056205565741,0.1229429132316488,0.25825146863311,3911991,339947,5.298060478811884,15.262885436964195,-0.8183657414088723
상왕십리,37.564354,127.029354,1,958435.1723902004,1951770.040757545,6982.667739071206,29673.049166196164,0.38274164154174295,0.16665678426860045,0.33895887995512186,4611805,921369,4.541572994184244,15.52627216906335,-0.16370583497911345
상월곡,37.606377,127.048491,1,960147.6644353248,1956423.996566143,6042.596243006372,19821.661151597407,0.18826779461285417,0.48238580282401655,0.6578798995379054,1958034,586776,7.635946164007557,14.749566548991243,-0.017111465832577912
상일동,37.556712,127.166417,1,970536.8450838884,1950870.4117719824,7306.408764470461,38563.78338705702,0.18071960572449416,0.6443119456410533,0.17905317094572468,4185754,1343891,16.676190116885554,15.525634176139539,0.5274439885024199
새절,37.591148,126.913629,1,948233.4565155453,1954800.193417636,14255.825296448898,45922.75014789465,0.2169243633817852,0.566700378589517,0.4477606792986262,3608031,1274277,6.307564464638714,15.401128616843014,0.12901178905032631
샛강,37.51718545,126.9289105,2,949532.7099091787,1946586.0983727868,1622.3724246244963,6209.651529289993,0.32472327588802447,0.20418400273029044,0.07876957988584408,2934720,663166,6.981556356278795,15.09585700872162,-0.14512674913884527
서강대,37.551881,126.935711,1,950156.7738279519,1950431.759160924,1712.5406969891212,8763.765292364922,0.20749614679105408,0.007227658645560768,0.38466777638000477,742186,161249,4.072038495475981,13.713959443980395,0.10599745345512059
서대문,37.565773,126.966641,1,952897.564736103,1951957.0566882417,3623.5402614158606,13649.698039046809,0.3558057890152446,0.2398036503846239,0.47367156637557384,5942477,1000508,1.0064008945056755,15.753242355283703,-0.45535229980409103
서빙고,37.519594,126.988537,1,954803.4066970559,1946822.996698192,2619.086553945249,10357.095008051532,0.2441723253257742,0.4940739901604892,0.2268531932452388,651487,267575,5.286643411665811,13.731108863697662,0.48498863788904634
서울대벤처타운,37.4720019,126.9339351,1,949946.5921671464,1941570.5730040043,14771.860462237757,42622.052175613164,0.12048209847229509,0.710194659378764,0.6436064968620866,2963599,965956,11.183997401284236,15.184036745882105,-0.06139367739976869
서울대입구,37.481247,126.952739,1,951615.2721992651,1942586.4288526853,10817.736209575516,49340.4191005654,0.2828446640693861,0.48105359118850877,0.5447411364659378,15596805,2482095,9.718315256079915,16.710256070369468,-0.3204065475073743
서울숲,37.543617,127.044707,1,959779.9279887871,1949462.7036763604,2819.511196083925,11500.434526065965,0.18651965460409925,0.4701130594913809,0.14441252725898165,4327256,527441,6.415726796862048,15.395457247873269,-0.6988306067870893
서울역,37.5547706,126.9713248,5,953304.3411715617,1950734.0580661867,2480.141916255748,9122.234409317412,0.3977074790921359,0.31930455415169084,0.6281167165742736,41503240,5161068,1.4286575997092805,17.658490147770994,-0.7822289693936791
서울지방병무청,37.5060464,126.9227083,1,948977.0331485022,1945353.629110414,5070.821151662612,20965.144893214383,0.22047729374317238,0.353222084603672,0.28937465170542515,841522,397947,8.297517515936802,14.030193620059913,0.6704651979612356
서원,37.4782341,126.9330365,1,949871.2970387465,1942262.4736781577,6896.232516699375,26486.87570403846,0.19867931255651683,0.4018479275834128,0.6779087808251996,1029898,386852,10.568115494987019,14.163876074031865,0.36650124719988647
서초,37.491897,127.007917,1,956499.9075879216,1943741.0512426496,2323.826383425124,10346.968790978237,0.20906643665281485,0.31472667986021824,0.3492188906937095,7079202,1282349,8.688764901087996,15.939154494168795,-0.21498916104139282
석계,37.614701999999994,127.0657645,2,961676.5856291609,1957340.426551542,6042.814458247065,18047.90869565218,0.42287553875036515,0.19643388983330712,0.1349599761622784,5648046,1974741,9.414653144049176,15.846652608824819,0.043287548884146765
석촌,37.5053825,127.10693599999999,2,965259.4667654735,1945196.0231972365,4278.910434490526,18918.860043600533,0.34365935534816544,0.030120686773753014,0.04423386050501973,5865979,1501755,13.25679817683539,15.81262075420261,0.1239259382040137
석촌고분,37.502558,127.097033,1,964382.8553922685,1944886.3653842343,7412.618295776627,31950.00982506589,0.31863256798822087,0.34668847404794584,0.08010219160010978,2256148,642948,12.685703697397125,14.879909522222704,0.2056384019294935
선릉,37.504571,127.048505,2,960094.6484484081,1945129.16661599,3032.4413466190963,20845.99875844761,0.36183594428707544,0.21657087948497888,0.22619890682131447,21430049,3862204,9.274128533903193,17.046008701273664,0.21423791268884593
선유도,37.53802,126.893525,1,946420.56131476,1948917.1533542103,3272.7597148460018,18919.81403423672,0.25611881418796734,0.48945915831486786,0.018402398226110263,2908784,493839,8.103222215514975,15.040057162744153,-0.018704694241785797
선정릉,37.510515999999996,127.043838,2,959685.3510280652,1945790.716175147,1866.6909822203947,10827.098222039394,0.37779239178585056,0.009768645645543585,0.24908511798782657,5547365,907243,8.50949111357724,15.680304852301115,-0.052783237721846815
성수,37.544581,127.055961,1,960774.604036832,1949564.899406255,5134.068037495164,16814.661715002996,0.26560940075638617,0.5591285609643811,0.08608559072926393,20543341,1352900,7.302817594275714,16.901825536218624,-1.5339335206305418
성신여대입구,37.5925395,127.0164785,2,957314.1669915451,1954902.857537917,5977.023447581281,26360.353423861874,0.3474159214574495,0.3661106454059962,0.6075697609230356,8706941,1768263,4.459813730893571,16.164521498523175,-0.1101843905341122
솔밭공원,37.65603,127.013273,1,957067.7113809484,1961948.3371210722,5403.036004418547,13992.7265324109,0.1725273900452292,0.4419678549196955,0.2948368802500522,592869,433477,10.409570110204157,13.841515479831743,0.6384419169161509
솔샘,37.620238,127.013626,1,957078.2626474176,1957977.1866534275,7139.997843993219,26112.79893067404,0.3273386155979753,0.23541029647774045,0.8994061613134086,1663050,585610,6.740788452163495,14.625845041211393,0.25295859434487444
송정,37.561184,126.811973,1,939234.5196237882,1951536.6910120682,1278.1509550215656,5880.014787430687,0.22083078846859308,0.5436163704982406,0.0,1733723,709078,14.67500960706367,14.708655889697335,0.6320839458834955
송파,37.499703,127.112183,1,965720.6224676659,1944563.9963277895,5446.934771630373,24665.140010238996,0.3524646553066512,0.29564413105208404,0.043232284924958155,2802884,1016217,13.981124983705655,15.155525612571745,0.4957759098468607
송파나루,37.510372,127.112216,1,965728.4168549139,1945747.639451856,4545.618876737297,21407.55232778917,0.2945914361366761,0.12012139034823116,0.027758996432271848,1894442,468536,13.393210383062428,14.675433245926804,0.15251321208005025
수락산,37.67785,127.055315,1,960787.5735618528,1964350.7780465437,8105.250909963983,22879.32379511804,0.28726935537791753,0.37083475135697064,0.19526658995056156,3366239,1530875,14.112863494744749,15.404156609972404,0.24976486948011006
수색,37.580842,126.895611,1,946635.40276412,1953666.8691285718,6356.0178787878785,29401.566363636364,0.1929435854610513,0.587180323834358,0.32650209948967956,938197,253512,7.447404762604935,13.99089896928668,0.22309709994251029
수서,37.487073333333335,127.10164633333333,3,964783.3466696845,1943166.710242802,9356.727561155874,23660.841185399462,0.196363571718252,0.6228179151681322,0.2949841412653417,11286306,2806653,14.036262657489386,16.461185868923693,-0.463871661046904
수유,37.638052,127.025732,1,958156.5929829997,1959948.1124677632,13506.481947582526,37510.58089096486,0.2171932285864295,0.5477934291018156,0.04667938610225085,10561723,2688728,8.987336601659077,16.399542147553085,-0.34671487272922574
숙대입구,37.54456,126.972106,1,953366.9806954452,1949600.857293805,4912.786822310196,17683.754604667003,0.23495364058529986,0.587349804344734,0.5051145738748412,5274519,761691,2.489217108370726,15.61328688951716,-0.6542967702502462
숭실대입구,37.496029,126.953822,1,951720.5384404662,1944225.8433505872,12815.282656111129,48536.205544985525,0.18558639951327952,0.5937498095784091,0.8177283276729321,4353713,920537,8.105089725976896,15.47834704712307,-0.22215551851726834
시청,37.5646515,126.9762495,2,953745.4311680051,1951827.8591538093,196.07980594299576,1072.346513038205,0.19451678070710432,0.01721987928332049,0.17729690142378385,18279801,2279725,0.25682616216644527,16.83883494381077,-0.3826590784575944
신금호,37.554548,127.020331,1,957632.7544570973,1950686.1452931624,6084.117904581188,21309.844424866722,0.41650713719059396,0.15529571054471006,0.7953616058772345,1847274,549059,3.9669006059295593,14.689450210196485,0.04022697784294346
신길,37.5172425,126.916352,2,948422.9421835413,1946599.238737054,3932.7476754994973,15704.712224644714,0.37203504025239753,0.1676479109404633,0.08549679799559458,4398158,811569,7.715355045211392,15.466038013124416,-0.305349211463695
신내,37.6130305,127.1027245,2,964937.7163384152,1957140.5343264197,7474.068466730954,22955.862262937968,0.23227939249677027,0.5136426053746228,0.2885779040072851,797490,308961,12.16148651099801,13.916668153715008,0.17387960845059885
신논현,37.504598,127.02506,2,958022.4669113926,1945142.361977849,2517.659983343659,14195.676037858711,0.37595657415787564,0.02262180888813514,0.26366043900823427,11451142,794495,8.028284672826445,16.320680268248505,-0.9385305275386276
신답,37.57004,127.046481,1,959950.7862038361,1952393.4358351368,3281.070889388846,13889.30293512738,0.35486836260085775,0.16873914551955713,0.05272953606516511,528065,132364,6.06040347378756,13.400644902844105,0.05928543209129667
신당,37.565897,127.01788,2,957422.7248546311,1951946.365307793,4703.446418367877,17722.188925250637,0.41250290363310943,0.0950411275270802,0.18962083678815927,7508678,1771879,3.5226025588383485,16.043432124512886,-0.1174969073362793
신대방,37.487462,126.913149,1,948119.2871775576,1943297.0255998238,13417.590302994788,49043.21677565953,0.23359658491691465,0.5502794154279087,0.15644777766303533,7851282,1764195,10.475271225228754,16.078884545758882,-0.19684700574303846
신대방삼거리,37.499701,126.928276,1,949464.8525586788,1944646.6398556794,7273.753139087711,26261.891777962173,0.27868903520643695,0.33057800940839355,0.46465161705886526,4448791,1325901,8.615428685443227,15.568995479616525,0.07330635248653981
신도림,37.508874,126.891114,2,946186.6266315033,1945684.9351540282,8649.871615291591,32668.96310851263,0.2983700450112944,0.4878038207446064,0.07981794118278356,16849783,3542215,9.99001337235286,16.830653126960406,-0.23070453258835935
신림,37.484563800000004,126.92966545,2,949577.4931005212,1942966.5142038653,7434.266601411571,36481.15626336227,0.31419984539796797,0.357330094264418,0.3377694598897636,19417596,3032437,10.043836037572678,16.926802642084642,-0.2661171517678922
신목동,37.544277,126.88308,1,945502.3362230851,1949617.339541256,4251.28785483597,23214.10352711202,0.24136061606664858,0.539540008683093,0.10763555827157141,1367330,387118,8.73906781521529,14.377664835492665,0.43565238690889463
신반포,37.503415,126.995925,1,955446.6524525267,1945024.510207248,4482.202256124756,23546.156430253286,0.3052419798957194,0.26107880837941255,0.2419218761032318,1462419,437871,7.175972312057121,14.457517064068602,0.4529252510566077
신방화,37.567532,126.816601,1,939648.38403585,1952237.9933531648,5354.886333042967,19460.280103695623,0.35427305394310116,0.13971226380254104,0.02488022358358063,1979409,686879,14.254268624376747,14.796197800893045,0.23197054745239973
신사,37.516334,127.020114,2,957591.9529290139,1946446.6167941554,4002.652691337259,19325.026072329678,0.2951781343653634,0.350021741020053,0.1227252303952479,9194312,922923,6.694723548732018,16.12975096314797,-0.7243508740906203
신설동,37.57563,127.02426933333334,3,957992.45392486,1953023.317023488,4060.085289446931,19070.018648320063,0.40485090606411883,0.15889480286631877,0.10464734296128354,5583278,2555706,4.2096545473703495,15.912175914463777,0.7654658641730113
신용산,37.52917,126.967894,1,952985.2374301472,1947895.5176372922,739.076923076923,3536.6153846153843,0.275,0.125,0.05,7870218,821572,4.236753493622314,15.977889459919334,-0.6940980265377034
신이문,37.601854,127.067325,1,961807.7389674726,1955914.3628688275,6008.4598111807245,18571.117706553447,0.36977390362225165,0.2110076573744655,0.22574027318351564,2353423,933370,8.808292663077065,15.005422875305857,0.203614667057865
신정,37.524997,126.856191,1,943112.3383273591,1947494.2434083233,7051.2072542887545,23233.89621133886,0.30147036624788337,0.2591104631299803,0.18945382352241574,4189689,973673,11.704305085156877,15.457098475678542,-0.2668928554258991
신정네거리,37.520074,126.852912,1,942818.8419115813,1946950.0498058328,15873.445211527887,57526.81277198452,0.1593155629561295,0.6928912947698049,0.223393618471085,2803499,1035703,12.192002821553231,15.1607750904679,0.29181569095758075
신촌,37.557432000000006,126.9397615,2,950518.2249812845,1951045.4751546169,2361.073884871644,14716.341508008392,0.12322585315167708,0.5960383825682681,0.5356221393963941,13816932,1755306,3.523872349431389,16.56100027143848,-0.23340960384635373
신풍,37.50008,126.90993,1,947843.483626002,1944698.6966403755,10941.88899340199,35238.20731606339,0.2642003265476573,0.5336512605193225,0.08313964885475834,3475036,1109814,9.511783916278949,15.338267947761317,0.028120073511618656
쌍문,37.648627,127.034709,1,958954.4335958532,1961117.4036406402,21070.618618535766,60983.65681010333,0.21138964772447394,0.6151609285396026,0.13758415059960724,8668623,2550337,10.396086196813744,16.23311576214059,-0.1607581277613482
아차산,37.551691,127.089761,1,963763.8750814993,1950340.1486954575,10117.222500264308,34949.76215740964,0.26992244220518424,0.48316820179837994,0.2758689250149876,4344635,1514482,10.006781642805,15.583509467605577,0.18580420945686166
아현,37.557345,126.956141,1,951964.8621856081,1951027.3260749194,4281.370296489107,19940.296686551115,0.2011800251606524,0.2830314344057829,0.5956501007012791,3353348,922780,2.181467903800624,15.268558485197286,0.24814584646639992
안국,37.576477,126.985443,1,954564.5372687267,1953135.355562091,1931.8702604987484,5134.956614443312,0.2100156463207393,0.5193113027590055,0.27256912269826444,9065517,1462750,1.287352771493269,16.1695742931679,-0.8465768356653823
안암,37.586272,127.029005,1,958416.5404411457,1954201.8883605974,2479.6818318281107,11039.408867552265,0.45936339200359266,0.13550684196777085,0.34173667734773977,4537739,540626,5.009658334496678,15.44049991735601,-0.6341151854861194
암사,37.55021,127.127562,1,967102.172947623,1950161.9406720216,10349.543664684872,36110.174761200295,0.3645816025003767,0.3565434984207044,0.036380267820252984,4605467,1558134,13.332817682691397,15.634171742632667,0.16587712197433063
암사역사공원,37.55695,127.13702,1,967940.4980376792,1950906.4370596227,6596.369584890812,24807.908466597342,0.32137873598083866,0.4745967470947205,0.19776947790054974,2171396,513013,14.08438630581758,14.802971149965115,-0.11818131436466658
압구정,37.527072,127.028461,1,958335.5624095248,1947634.2040075443,5080.531485587582,17634.537694013306,0.3241226878990304,0.4005623920572935,0.07952905917057321,9937833,1900300,6.245414275612577,16.28683648917561,-0.40989375158135427
압구정로데오,37.527381,127.040534,1,959402.4870259747,1947663.2062755818,4090.1770731707315,15487.785993031357,0.39103179145562666,0.2775407302421042,0.2868724271344684,6617006,648374,7.025069876799556,15.798631159193304,-0.9914671408651913
애오개,37.553736,126.95682,1,952022.5200281164,1950626.5788460441,6288.28914785011,29548.84027027315,0.3318898131032408,0.31230499111136906,0.5724674522678515,1994462,552187,2.346219160525686,14.750288935277757,0.2631125968407664
약수,37.554565,127.0104495,2,956759.9654222442,1950692.5310119996,4390.771428571426,11866.657142857139,0.21496288873319933,0.0,0.5726221350745517,4947439,1394960,3.157076524855196,15.662767646008717,-0.2717767170083957
양원,37.606596,127.107906,1,965392.0395965423,1956424.7336210655,6939.193587270974,22915.77193828351,0.21771369460746548,0.5499117818979616,0.3938166206482645,889195,325612,12.301853073937476,14.010095774402522,0.19002976389946444
양재,37.484143,127.0342775,2,958825.9315101717,1942868.9410728759,5872.398372684346,28337.016299045627,0.2626700485533129,0.5046638192343578,0.2828074134350808,11764151,2118576,10.402713830822078,16.446155963485914,-0.1404068768698796
양천구청,37.512398,126.865819,1,943953.665106738,1946090.670814558,12632.778625541125,47417.7709297582,0.22704103158351938,0.5697323969725583,0.1779762594431499,1826270,749145,11.58676465109576,14.761521244142825,0.4316038002084409
양천향교,37.568381,126.841333,1,941833.1761285178,1952316.589626374,4412.903241731117,17717.999012670727,0.2707052121088546,0.5523941469980493,0.06884353042382216,3397016,722605,12.071342431837508,15.231271726803081,-0.15774172808741585
어린이대공원,37.548014,127.074658,1,962427.9856642482,1949938.1350863208,4382.94159829838,21650.19569410565,0.28657186722227307,0.4430959803919803,0.11057763358695165,5711447,643784,8.780163706831802,15.664788811276306,-0.5855700228460856
언주,37.507287,127.033868,1,958802.4435328647,1945436.7971045268,1563.6438588511753,9114.278005192633,0.35458157912388893,0.029022839146888295,0.34835497628855844,3889893,456872,8.217073541284778,15.28494244823817,-0.3789103746635007
여의나루,37.527098,126.932901,1,949891.9840905671,1947683.7078448539,1456.8469750889678,5422.505338078291,0.3508771929824561,0.2982456140350877,0.01754385964912281,4991847,467398,5.91454841742235,15.512821059771472,-1.0540966635907336
여의도,37.5217535,126.9241935,2,949118.9660762652,1947095.4391037312,1610.199288256227,5993.295373665481,0.3650793650793652,0.0,0.23809523809523822,20492684,1628617,6.873126110965582,16.912051548440378,-1.218053302144748
역삼,37.500622,127.036456,1,959027.5345543411,1944696.2276832773,2925.9975744975745,21368.92134442134,0.29869305945177976,0.3849695461943015,0.2924609822641649,15962809,1857584,8.94954776426839,16.695854033635808,-0.1626827411995436
역촌,37.606021,126.922744,1,949048.305961138,1956445.3076338195,7889.742869959658,25718.2605674498,0.34111724566488333,0.1962119514260351,0.048019479314127804,1027033,491516,6.5594827072532,14.23326583163352,0.44470287317248736
연신내,37.61888166666667,126.92098766666668,3,948902.0818425933,1957873.1045708323,13458.31594710669,39121.14416440626,0.2657799992255919,0.5169703590078112,0.42575528371810106,10837905,3700021,7.6881982372286926,16.492271378905084,-0.007645325063591251
염창,37.546936,126.874916,1,944783.0963155637,1949917.1063947573,9166.986540687465,43466.731990131055,0.1946472747013118,0.5439963908734031,0.3232546594794933,5752961,1178847,9.360144214642286,15.751631231799887,-0.028790583724064952
영등포,37.515504,126.907628,1,947650.7794917413,1946411.1803196233,7532.261847379464,27847.71489800253,0.25871641012526114,0.49420782761594423,0.19910350661628298,12683308,4272513,8.406060142989336,16.646121754663863,0.21947091827289952
영등포구청,37.524953,126.89582,2,946614.0033377989,1947466.131911302,5676.281000687822,28943.721061946973,0.33040623682794285,0.28847038433404826,0.02714164575538244,8759361,1757487,8.599454664690438,16.168489100607005,0.022819017277425312
영등포시장,37.522669,126.905139,1,947435.8455210084,1947207.4859527065,3151.024378138362,20090.003079649618,0.41487202936731865,0.18434572454268822,0.0,3550446,1043493,8.067036455249907,15.340248383954082,0.6279952426589794
오금,37.502093,127.1281285,2,967131.107761035,1944823.4624831995,4044.0873078286654,15615.965593407891,0.26142497252793095,0.2557567930801537,0.1260194554544762,3069650,800590,15.06637175367815,15.16882707858696,0.007068064260270086
오류동,37.494526,126.845365,1,942132.2107249696,1944120.249579132,16090.789071748051,51129.843812434236,0.1976788662280632,0.6604591815417405,0.43572648012086684,3154221,1288322,14.181162440945261,15.306737518198766,0.2607203940413549
오목교,37.524496,126.875181,1,944789.9637071405,1947427.3442812806,7393.489023239761,40411.09759664059,0.23545202349630376,0.5541173421339831,0.027552257997930728,6846834,1327502,10.208701912745207,15.916510048207215,0.058017314125472695
옥수,37.541065,127.01797049999999,2,957416.5900508702,1949191.3462974185,4178.262037037037,16639.454292929295,0.24317770790309548,0.33275501679806774,0.6563038016648337,2730516,864500,4.51973280462844,15.095058999753249,0.23178668431208718
온수,37.492262499999995,126.8235545,2,940202.3995834119,1943882.7590297423,6225.5306676376895,19023.72734739529,0.19508204011399594,0.6222148381952676,0.46810981927316486,4738618,1369096,15.939499073840976,15.6250631203868,-0.12456654270578064
올림픽공원,37.516235,127.1306055,2,967356.2042541832,1946391.5620675771,1792.1632653061224,6707.7551020408155,0.2916666666666667,0.3611111111111111,0.06944444444444445,5211156,1307385,14.589500557685273,15.690161135855785,-0.06293183649558386
왕십리,37.561635,127.03745500000001,3,959149.1269011638,1951464.8298617594,2975.044416201007,13661.339977330565,0.334075578123042,0.03662652814715677,0.21933276758570003,12692902,2236238,5.278529593538222,16.51882556571297,-0.2119369742821882
외대앞,37.596073,127.063549,1,961471.4484915581,1955274.5304201748,5540.312483420319,31451.02530122207,0.2997964845498704,0.32512400150093557,0.13546513044059413,3881522,765242,8.235451766260963,15.35168162132451,0.11259017941914026
용답,37.561904,127.050899,1,960336.6179818985,1951488.9153908144,1248.6734693877552,6348.785714285714,0.33428409600054104,0.2420640623547015,0.2572757014481237,935958,253183,6.45833414440887,13.98874175568997,0.31872374893453903
용두,37.574028,127.038091,1,959212.0556127917,1952839.4931846752,3928.6320744632335,15058.263460891369,0.36292961175365196,0.08641451295035268,0.022019031372138693,636477,293698,5.371914952339153,13.743128019470312,0.5702393613283551
용마산,37.573647,127.086727,1,963506.5941864025,1952777.2215182441,9572.292427714085,31044.470170961275,0.2343508718237089,0.5231937985699325,0.33744908323157735,1713948,508047,9.634287637463826,14.613915998954159,-0.039432819042905146
용산,37.529849,126.964561,1,952691.1734842097,1947972.5202315345,3942.943765339339,15915.611472395121,0.1576572791340639,0.6923883787170433,0.19731417361568043,17384750,1990510,4.236049301738834,16.779507552468484,-0.7718296095982546
우장산,37.548768,126.836318,1,941374.9316731645,1950143.7282376047,9760.344819545397,38658.16205881946,0.29333459037631293,0.42378647663401814,0.2934180724753892,4337433,1431753,12.667770334781014,15.56804155400894,0.2680470709790909
월계,37.633212,127.058831,1,961074.3204619297,1959396.886966439,10757.75643837249,29242.8006383994,0.20422644553225755,0.5830819319862438,0.31893193792486146,1803982,847225,10.280784115723424,14.79052556596477,0.24422096789109282
월곡,37.601948,127.041518,1,959529.7914929454,1955935.6014841523,7898.528821841564,26249.585316973244,0.3001347385824593,0.43193648902283016,0.20691426588205936,3576587,963010,6.849737587424519,15.328348799557727,-0.11112680233359988
월드컵경기장,37.569532,126.899298,1,946952.9273727662,1952409.9859216083,3816.387592137593,16298.168304668308,0.32018746260911857,0.20593509272938584,0.12764543419883548,1456838,730385,6.958507211169311,14.598143260624404,0.7612965885923022
을지로3가,37.566489,126.992122,2,955148.308572389,1952024.02671201,354.7939750970679,1395.5770908159523,0.04370185439291411,0.0,0.026801726005886435,13181920,1652175,1.247169267891798,16.512438805464686,-0.7072275673213332
을지로4가,37.5669735,126.9979245,2,955661.0292103541,1952075.025966912,547.2135217723452,2077.077880559339,0.2751470223823036,0.0,0.03555201887470727,6722339,1561736,1.7603878016436816,15.929845555053925,-0.12575989341486854
을지로입구,37.566014,126.982618,1,954308.6958991546,1951975.9063271568,251.8365069739236,696.8372346876897,0.13654406297076851,0.0,0.16335884553591035,18657626,1452344,0.4113839701090276,16.816726269952596,-1.5353043946819227
응봉,37.549946,127.034538,1,958885.0812025578,1950169.269820642,5299.36574476293,21602.160674726725,0.3035415694731592,0.31973041091120047,0.6269318240960188,502738,241543,5.320665655223444,13.520173930681048,0.6721845497544526
응암,37.598605,126.915577,1,948410.5816538809,1955626.4452290933,16827.091597464885,56047.34451641108,0.24868150952465595,0.5291862373186632,0.2980524339731756,5051573,1832665,6.5624662490702415,15.744745008638656,0.18927810040444862
이대,37.556733,126.946013,1,951069.9217356375,1950964.651840397,2777.7174241627763,16810.009999156646,0.4003952928618115,0.22599913983256054,0.726920563648088,5940291,691536,3.0257800904359593,15.707390889811675,-0.3502531683088523
이수,37.485196,126.981605,1,954169.8191973726,1943010.1022945032,2650.1696555659173,9496.087906943725,0.38095061503913985,0.09343973395095886,0.17864064723052145,5353566,1248880,9.02597774732153,15.702950744399796,-0.17925947564955713
이촌,37.522361000000004,126.9740695,2,953526.660133766,1947137.0285198141,4431.0772265576625,18292.10831165614,0.3723291320626895,0.34116553187520315,0.09515082254868024,4882170,1240171,4.909357667524263,15.627455097687655,0.04748648644990873
이태원,37.534488,126.994302,1,955321.7315632801,1948472.6466402684,2994.6371774521776,9570.151450956451,0.3060084882750474,0.3441917198083607,0.7474875479634786,4428471,410924,3.832438034229992,15.392300270879664,-1.2155754247191985
일원,37.483681,127.08439,1,963256.1237124885,1942796.94907092,4515.815295291743,20059.989866673877,0.23783916427424848,0.4308848569151916,0.4719578919234947,3258563,976873,13.145451990452596,15.258996832363001,0.28645660619393387
잠실,37.513977,127.1022485,2,964849.1959822678,1946151.2680887217,4887.2722861250895,18661.977673935617,0.2818646771093639,0.3498732243281854,0.14526726325388126,35522394,4444361,12.427523317431529,17.503558541502336,-0.7386733715790359
잠실나루,37.520733,127.10379,1,964988.5813401191,1946900.228672773,5406.1488133294315,23889.86682159036,0.2905939470158048,0.250554178605754,0.10308549575667045,4532318,1253377,12.2174752821956,15.570899049682565,0.20052541190979375
잠실새내,37.511687,127.086162,1,963426.4473771225,1945903.3386057117,5352.60449982693,26879.811284181367,0.30573924913990685,0.3668999264495637,0.04297250335276071,7676207,1608455,11.326627101501721,16.04387434930613,0.05094077608447983
잠원,37.512759,127.01122,1,956803.9150620388,1946054.038331356,3422.592203898051,18547.542228885563,0.3802405000024092,0.17813166239499503,0.047827974360333425,2183478,601273,6.645521048689312,14.839669019806035,0.40031384456572183
장승배기,37.504898,126.93915,1,950429.45842292,1945217.432954239,7158.290827452306,27456.71762469174,0.38469919784682244,0.2825715558722222,0.48146382665492005,2715703,1004761,7.648017810342423,15.129358949653838,0.35003846955551693
장지,37.478703,127.126191,1,966949.5515836104,1942229.1822950188,7319.473408758917,36013.65535901973,0.22895420281751613,0.5347137711214092,0.11371625665109754,5306000,1317147,16.320453636443983,15.70608119260054,0.1999895735000366
장한평,37.56144,127.064623,1,961548.4521097563,1951431.7337349716,10668.198176151876,37805.533164565495,0.15510373097496546,0.690954778812154,0.05585727081068936,6133141,1433071,7.670815613631838,15.839203103872432,-0.1886990336460727
정릉,37.603133,127.013396,1,957048.1287720796,1956079.5643428902,10674.384438929646,39684.36258327542,0.38457339685365305,0.3045979036348402,0.6424859890055329,1216789,661874,5.12693871607403,14.446070911591871,0.7042148315528591
제기동,37.578103,127.034893,1,958931.8991252333,1953292.9872310723,4269.662049506219,14321.817964174254,0.43173925256978557,0.09702835133468539,0.032809846516527,2929417,3361629,5.186344307349585,15.654637910558497,1.3478716782808233
종각,37.570161,126.982923,1,954338.1630656676,1952435.847386431,382.43888070692196,942.3345072677209,0.11216284908886458,0.0,0.24504382384201848,13258842,2065951,0.5949742416918926,16.54498253235438,-0.9572825342381731
종로3가,37.571517,126.99131433333334,3,955080.0012169976,1952582.2443372943,527.1428571428571,1306.6770186335402,0.22222222222222218,0.044444444444444446,0.13333333333333333,14764413,5944451,1.3008973100391992,16.84607237913915,-0.001990600327176125
종로5가,37.570926,127.001849,1,956009.9340638701,1952511.691729893,1111.6621378621378,3911.05990965556,0.2758420444478473,0.1795390941087937,0.0,6172409,3168235,2.1626215851397914,16.049885758577496,0.5910375482731393
종합운동장,37.511224,127.0749895,2,962438.8242803954,1945856.3730899557,5533.807822776048,26834.13344194985,0.3422353503598022,0.4243502171128364,0.19089732875062546,6523571,1111555,10.537124303619304,15.848269999445652,-0.19086343061134178
중계,37.644583,127.064303,1,961562.9926717476,1960656.1989253755,12332.408569481697,45265.53769390058,0.2895471281326549,0.4141220764387544,0.04581122049391956,4201749,1405548,11.535987553726576,15.539579343205382,0.20524174049554034
중곡,37.565923,127.08432,1,963290.256189235,1951921.2221486021,10206.062879595429,33997.93115497136,0.3163225907304524,0.3966896274699561,0.33146445711840483,3215402,981816,9.389745320211238,15.249932482830031,0.01701398107074112
중랑,37.594917,127.076116,1,962580.2510133353,1955141.1961623973,9781.178101121277,32154.74211780729,0.3189475060244959,0.3756764721793397,0.07286174117520149,1461614,714090,9.21917164562943,14.592862848293366,0.47381242380764044
중앙보훈병원,37.529191,127.148739,1,968964.0541637379,1947822.8101594737,4233.576987718165,16178.726908385734,0.3069293336001896,0.4271573006695408,0.2087615518192286,3654626,1206706,15.639967435647065,15.396823032399313,0.23255053713762427
중화,37.602545,127.079264,1,962861.9440325769,1955986.2370555215,6270.074777448935,18431.447544226477,0.4758452738786275,0.0,0.050866213937679386,3286475,993170,9.79443237524381,15.269380620192708,-0.1183989623982437
증미,37.557402,126.861939,1,943644.6400928749,1951085.9619626685,6984.912634111369,29399.84558139893,0.34585658143556264,0.2533490094523036,0.2609876990831653,2394226,551670,10.300070425336354,14.895923573277031,-0.03062830590465049
증산,37.583876,126.909645,1,947876.6633070443,1953995.5988210149,13430.555366888446,42572.01408019316,0.25812356023312244,0.5420120686491856,0.3815685073526174,2590709,982191,6.336404873830807,15.088888148928465,0.1837636565814303
창동,37.653088,127.047274,1,960065.2478448225,1961606.9113371295,11394.452988597797,36690.71289650093,0.30196691682180143,0.4299100523203361,0.11322844773853728,7371465,3366193,11.387418050412284,16.18926755995102,0.38556297834224407
창신,37.579661,127.015241,1,957197.5447204588,1953474.6117793377,4691.938433125861,15140.63877225303,0.41280904732571455,0.05778067020243674,0.7714585822117375,1113425,265776,3.598195702457233,14.137014903949307,-0.26100565137617665
천왕,37.486637,126.838713,1,941538.038402729,1943249.1196215604,6436.24742314102,20451.31109810457,0.2175829149595873,0.5714275917462676,0.32234102441036344,3551024,922119,15.165332742353801,15.31360185149932,-0.19221568830769542
천호,37.5383765,127.12328099999999,2,966718.7662509605,1948850.5903788146,8486.574028122413,27506.472603620998,0.4091971899109588,0.25009739836555295,0.007823317415620465,11287476,3971365,13.206542933946949,16.54066963073963,0.13135202757976047
청구,37.560442,127.0138125,2,957060.3802280442,1951343.011693121,3723.7225806451606,10955.884946236556,0.24632545802914688,0.0,0.4061596997750033,2229969,541198,3.2334896575776813,14.834779089080735,-0.3368048739537356
청담,37.519365,127.05335,1,960530.6669410544,1946768.4249392145,3216.030419824372,14044.85694591947,0.3294355455796933,0.38753158755917183,0.3301648256042841,5696198,1128378,8.465008372926814,15.736040772563364,-0.14490926649628427
청량리,37.580357500000005,127.0464425,2,959952.9120721204,1953538.1268525366,10937.48086843258,34202.54168051232,0.2860314196455863,0.46813526663984284,0.13612783590500577,10568781,5961611,6.236330092267799,16.620711183974585,0.5675407366699998
총신대입구,37.486263,126.981989,1,954204.4193790545,1943128.2922146341,4271.324774992697,16695.621319554033,0.307892315271225,0.4280032622057046,0.2639479981427459,5352028,2191691,8.908951531527466,15.836225854457481,0.47042029522653606
충무로,37.5613185,126.994076,2,955317.7831644153,1951449.4549479953,908.988770053476,3146.505614973262,0.23825323904038628,0.18986839109570547,0.395559148116053,10403331,1635068,1.5317503815762648,16.303612015581272,-0.6087266020742184
충정로,37.55997000000001,126.963639,2,952628.773352937,1951314.7512621288,3440.158840884087,13983.8273461067,0.35920793352589864,0.09522846189838144,0.6759326644857983,4797484,870765,1.460665334943791,15.55039080966758,-0.3040909298685614
태릉입구,37.617816,127.07506599999999,2,962499.0565524725,1957682.1545082896,5032.650449561363,16365.49421687239,0.35798821655334045,0.017698623925308434,0.19418780994942614,4500045,1229311,10.288200263689227,15.561113691449632,-0.1184052134464249
하계,37.636352,127.06799,1,961884.054769861,1959741.4972707843,9246.965036798538,33926.59429028194,0.31857819118225555,0.3954296392248931,0.12901127715915037,5203249,1669659,11.097820671315821,15.743097864301946,0.16323998140863943
학동,37.514229,127.031656,1,958610.7754723968,1946207.9397706063,2429.902950707829,11907.96298823128,0.39844703138401294,0.16316074640257788,0.34851554284726777,7330989,917406,7.4900633293595975,15.925529193929897,-0.4889595719500394
학여울,37.496663,127.070594,1,962042.9899415127,1944242.6880765327,2820.2252141432023,12671.70299932391,0.21146979782603456,0.36454174094456265,0.20322430442653242,716896,248150,11.267828099755912,13.779931047578804,0.44165727308050706
한강진,37.539631,127.001725,1,955980.5791275552,1949039.733145575,1474.6573076923078,5635.662692307694,0.330791325963868,0.3027879489080775,0.674882482475068,3542929,240046,3.6439137438227935,15.146021295081567,-1.3511893790663163
한남,37.52943,127.009169,1,956632.3064542711,1947904.5310255163,1861.6255575459018,6753.338911777877,0.21496305347959166,0.5915340164924845,0.6284384838374226,992504,349729,4.949323242364179,14.10984520290381,0.2455145005375867
한성대입구,37.588458,127.006221,1,956406.2367691043,1954454.7453300236,5864.393041599833,22557.16585811021,0.28305983215264063,0.5023090941269169,0.597989812685758,4727617,1061436,3.4849226048413224,15.571479278313756,-0.1466447584009778
한성백제,37.516404,127.116503,1,966110.0225734484,1946415.2981009793,1618.3384353741496,7757.47052154195,0.3345682930443272,0.13162383102682582,0.0,1071247,287205,13.438915340403543,14.121856374136346,0.25087392866895164
한양대,37.555273,127.043655,1,959693.2722433632,1950756.3231537563,1774.0560052459764,9502.315326797585,0.5999909584117076,0.05536896116594101,0.5642309172813272,4285315,201452,5.930940965098606,15.316642955818429,-1.3791311668761574
한티,37.496237,127.052873,1,960476.3232360209,1944202.7199440948,4535.109182118218,28588.587190463797,0.3097857849290671,0.2665898133597621,0.16405633442513265,5142715,998467,10.224069441278727,15.630527789739332,0.202043103806436
합정,37.549333,126.913587,2,948200.7966365694,1950161.0317234525,2852.77950310559,13267.619847543761,0.3681012851147677,0.2331223226775674,0.08413501053238914,16463061,1525064,5.999585681909324,16.705222375925754,-0.8420500819664108
행당,37.557322,127.029476,1,958442.0410832412,1950989.8232666578,6292.536980994474,24644.079437429024,0.3412551733727858,0.044847465373294544,0.5725663386357234,2340773,709386,4.658954164572709,14.930704278372355,0.17133567301611946
혜화,37.582336,127.001844,1,956016.2045109435,1953777.5784698531,3268.933547111774,13180.950432926098,0.2775913365884601,0.4063876079708703,0.34883691724084,13100856,1867399,2.7422896095588563,16.521442183135147,-0.5538221791257677
홍대입구,37.55728966666666,126.925702,3,949276.3448845117,1951037.178412022,4799.798937618383,23185.778442713017,0.28185327150975337,0.5317362079668195,0.1434436318591359,35464391,1762832,4.730623120252677,17.432550852682798,-1.426642452374787
홍제,37.589066,126.943736,1,950890.044477731,1954553.0362320542,14767.397098936473,46011.67137753147,0.18790660819602714,0.6108715420497585,0.5637102351544387,5066122,2020374,3.9270935902955375,15.7737015591354,0.21718024719032622
화계,37.634133,127.017511,1,957429.0357115032,1959517.0125030682,6861.478162372387,17058.065045307823,0.3613589421053768,0.1900760992765981,0.2386613321451395,768291,690426,8.274664311819334,14.193067840219049,0.8038404517410014
화곡,37.541513,126.840461,1,941735.2533291405,1949336.2437859385,20756.728275301153,72956.86337243763,0.2044555002482905,0.608806084025409,0.19699432719781507,8777372,2185949,12.461017316027593,16.2100658045345,-0.13312908158030312
화랑대,37.620064,127.084689,1,963349.4054368567,1957927.7592479417,4969.2367361688885,20423.33849347419,0.26448648468738006,0.36240324560506404,0.16891859470494167,3629634,714657,11.136797731121954,15.284373127302525,-0.21167235179239224
회기,37.58946,127.057583,1,960941.3295757656,1954543.3138982656,10819.385212394904,43435.66328955506,0.17509126991373242,0.6306331433960517,0.2953994406253673,8833295,1727553,7.474637357961326,16.172664136048578,-0.24188076212693016
회현,37.558514,126.978246,1,953917.9714392022,1951145.9534640687,1309.6047539950746,3678.8119021708003,0.16621153241905506,0.3976537418488856,0.695492922282018,8200447,2796489,0.8862868716056093,16.21312724650711,-0.04295949299489968
효창공원앞,37.538906,126.96179699999999,2,952452.7084127,1948978.7390532463,5984.006388337827,26363.25786748749,0.35805812085617983,0.14461749817874311,0.37730899976996973,3411491,799704,3.379485804922169,15.253257013362346,0.03221792617194246
흑석,37.50877,126.963708,1,952602.4742572086,1945634.3553093465,4881.746494307167,19897.16067559598,0.29003526406850005,0.42198694189701347,0.6561266005315418,2800637,860914,6.528207426350416,15.113397386103996,0.22546644321032372
