gu,dong,resid_70p,resid_elderly_only,cars_per_1000,apt_price_eok,welfare_65p_rate,차 보유 상위 25%
송파구,풍납2동,-0.1826957078891159,-0.1301582304678633,295.882914965691,3.12141913,0.03150105708245243,False
중구,장충동,-0.1485655015206977,-0.1083540843246713,221.39248846914123,1.86105513,0.06611570247933884,False
영등포구,여의동,-0.0706603504044305,-0.1010556768115321,466.1496727015392,14.00319048,0.00556947925368978,True
용산구,한남동,-0.1924314563295907,-0.092077714964795,426.4899692487919,13.09674189,0.02381811620353663,True
서대문구,신촌동,-0.118925475900057,-0.0852843934633814,161.50818716291727,1.77165248,0.04082509669101848,False
서대문구,충현동,-0.0799496593149526,-0.0827191876253199,257.2223973106419,3.81899901,0.06965552178318135,False
성동구,송정동,-0.0974874341765388,-0.0776936955653482,227.95507617035472,2.29184261,0.10398445092322643,False
강남구,일원본동,-0.1316494329557921,-0.0724463026392582,349.47879223580156,12.38926136,0.007870142646335464,True
중랑구,상봉1동,-0.1111553240821033,-0.0671281137342786,266.0449566709189,2.32552683,0.10402355250245339,False
영등포구,양평1동,-0.1422290035574201,-0.0654162438652752,380.78019963332656,3.1449363,0.03443429374560787,True
양천구,신월3동,-0.1122939715021471,-0.0641077709672259,321.4445271779598,1.14670938,0.13120849933598938,True
동대문구,이문1동,-0.0654288635076069,-0.0584495039983051,254.35551269688204,2.41674717,0.051101521689756985,False
종로구,부암동,-0.0969767770058711,-0.0540710208476769,299.81945384788986,2.59634651,0.029597282872392043,False
금천구,시흥3동,-0.2223392730171347,-0.0538288103838816,315.9655347187025,1.64661707,0.04737384140061792,True
마포구,상암동,-0.1428577781119888,-0.0529121119233866,314.85442251966333,4.76838167,0.06443349753694581,True
금천구,독산1동,-0.1542523120887248,-0.0500488092371097,304.9270990447461,2.45696062,0.09290119406901981,False
서초구,양재2동,-0.0959538922442042,-0.0469704825034394,391.7993246502653,3.02331031,0.06223060344827586,True
송파구,문정1동,-0.0692557697338526,-0.0468400559221885,460.6741573033708,3.23269052,0.02809415337889142,True
양천구,신월4동,-0.0860646365524473,-0.0464510817019362,277.31753038640625,1.6847935,0.03202087286527514,False
용산구,원효로1동,-0.090066637349881,-0.0459372594984068,314.5416227608008,4.23991122,0.057316543638732086,True
노원구,월계1동,-0.0927790018699727,-0.0456754361703428,252.2227189191874,1.74087257,0.05916911456147713,False
양천구,신월2동,-0.0717982378668758,-0.0450528724731047,273.76574986517625,1.69126179,0.05014634146341464,False
양천구,신월7동,-0.0763982561676544,-0.036656143566081,254.62392108508013,1.00738599,0.06764928193499622,False
광진구,구의3동,-0.1139715001947023,-0.0359791337610378,294.0402674754266,3.06329165,0.023923444976076555,False
양천구,신월1동,-0.0650410081107541,-0.0343510801220672,280.85799619875104,1.25505363,0.10490412979351033,False
양천구,신월6동,-0.0840446456518843,-0.0338714078873699,340.9107683223854,2.74722385,0.04107360715738105,True
구로구,고척2동,-0.0646658319785894,-0.0321800777072884,276.58712474172506,1.89698484,0.0714395216924728,False
