gu,dong,pop_65_plus,elderly_share,mci_general,mci_elderly,mci_gap,subway_elderly,a_bus_elderly,taxi_street_elderly,share_blind_elderly,blind_elderly_pop,lisa_mci,lisa_bv
구로구,오류2동,8742,0.2474454414220612,1.99375866851595,0.7799706946753441,1.2137879738406059,0.25728155339805825,0.45214979195561716,0.7135922330097088,0.6747572815533981,5898.728155339806,LL,HL
강동구,천호2동,7768,0.21558016262870147,2.0024420024420024,0.7041100787855704,1.298331923656432,0.26495726495726496,0.37606837606837606,0.8974358974358975,0.717948717948718,5577.025641025641,LL,LL
강동구,암사1동,7788,0.24028137726767865,1.7971014492753623,0.6160064305595522,1.1810950187158102,0.2898550724637681,0.2960662525879917,0.6376811594202898,0.7101449275362319,5530.608695652174,LL,HL
양천구,신월1동,5424,0.2945424925332609,1.3861607142857144,0.43034968513481164,0.9558110291509028,0.0,0.38169642857142855,0.59375,0.84375,4576.5,LL,HL
양천구,신월7동,5292,0.2966035197847775,0.8832752613240419,0.40611368461130043,0.47716157671274145,0.0,0.38501742160278746,0.47560975609756095,0.7439024390243902,3936.731707317073,LL,HL
구로구,개봉2동,7912,0.2720489633119004,2.1449579831932772,0.8420862967703594,1.3028716864229177,0.3088235294117647,0.4789915966386554,0.8088235294117647,0.47058823529411764,3723.2941176470586,LL,HL
관악구,미성동,7209,0.2548250265111347,1.5206349206349208,0.6509502067346397,0.8696847139002811,0.0,0.5984126984126984,0.7333333333333333,0.4888888888888889,3524.4,LL,HL
구로구,수궁동,5736,0.2656908610866645,1.3755615453728662,0.6561140415598099,0.7194475038130563,0.18867924528301888,0.44204851752021557,0.49056603773584906,0.5911949685534591,3391.094339622641,LL,HL
종로구,평창동,4192,0.24773949530169612,0.8374384236453202,0.39326747168380793,0.44417095196151224,0.0,0.3750879662209711,0.3891625615763547,0.7881773399014779,3304.039408866995,LL,HL
금천구,시흥4동,5351,0.294561268303424,1.3090379008746356,0.5678141125892132,0.7412237882854223,0.0,0.5160349854227405,0.3877551020408163,0.6122448979591837,3276.122448979592,LL,HL
금천구,시흥1동,7673,0.24792400400659148,1.8289738430583502,0.8332804042799803,0.9956934387783699,0.1267605633802817,0.6529175050301811,0.7183098591549296,0.4225352112676056,3242.112676056338,LL,HL
서초구,내곡동,3971,0.23921686746987952,0.8594470046082949,0.32008419039480535,0.5393628142134896,0.04377880184331797,0.2465437788018433,0.4447004608294931,0.815668202764977,3239.0184331797236,LL,HL
강남구,수서동,5559,0.4147578900246214,1.631055900621118,0.6928698641218635,0.9381860364992546,0.34782608695652173,0.32298136645962733,0.8347826086956521,0.5826086956521739,3238.721739130435,LL,HL
성북구,정릉2동,5348,0.2501403180542563,1.687830687830688,0.7392339916916789,0.948596696139009,0.2345679012345679,0.47619047619047616,0.43209876543209874,0.5802469135802469,3103.1604938271607,LL,HL
성북구,성북동,3417,0.2202526750032229,1.1364365971107544,0.43679318100481934,0.6996434161059351,0.09550561797752809,0.30176565008025685,0.5786516853932584,0.8876404494382022,3033.067415730337,LL,HL
양천구,신월3동,3765,0.28034251675353683,1.2008281573498965,0.4385023994625168,0.7623257578873797,0.0,0.39337474120082816,0.7101449275362319,0.782608695652174,2946.521739130435,LL,HL
관악구,삼성동,6432,0.3240302267002519,1.1857142857142857,0.771896193179258,0.41381809253502777,0.14285714285714285,0.6224489795918368,0.7,0.45714285714285713,2940.342857142857,LL,HL
금천구,시흥5동,5196,0.30407303370786515,1.0561224489795917,0.5965400560886597,0.45958239289093206,0.0,0.5841836734693878,0.5357142857142857,0.5535714285714286,2876.357142857143,LL,HL
관악구,난향동,3310,0.23273801153143017,0.9586466165413534,0.5459741904429939,0.4126724260983595,0.0,0.5338345864661654,0.7631578947368421,0.7368421052631579,2438.9473684210525,LL,HL
강서구,등촌2동,4093,0.21736590546999468,1.6797235023041475,0.6423047018850233,1.037418800419124,0.11290322580645161,0.48847926267281105,0.5806451612903226,0.5,2046.5,LL,HL
성북구,정릉3동,3397,0.2457676168427145,1.3247767857142858,0.615507463881661,0.7092693218326248,0.140625,0.46316964285714285,0.671875,0.5703125,1937.3515625,LL,HL
양천구,신월5동,3184,0.2341693020519232,1.48,0.6964578303374289,0.7835421696625711,0.0,0.6457142857142857,0.8,0.46,1464.64,LL,HL
양천구,신월4동,4216,0.2549434601197315,1.8105590062111803,0.7672739500637499,1.0432850561474303,0.0,0.6770186335403726,0.9347826086956522,0.32608695652173914,1374.7826086956522,LL,HL
종로구,부암동,2061,0.23256601218686526,1.2554945054945057,0.5855150113407532,0.6699794941537525,0.0,0.5467032967032966,0.625,0.6153846153846154,1268.3076923076924,LL,HL
종로구,삼청동,610,0.30064070970921636,1.7888198757763976,0.490763334156,1.2980565416203975,0.13043478260869565,0.2826086956521739,0.10869565217391304,0.8478260869565217,517.1739130434783,LL,HL
