시나리오,사각지대 고령인구(고령자 기준),사각지대 고령인구(일반 성인 기준),평균 MCI 고령자,평균 MCI 일반
기준값,1121346.4558729383,225061.8651839121,1.6532263550848547,3.053879428774927
고령자 보행속도 0.7m/s,1284574.7791919024,225061.8651839121,1.4582209133619108,3.053879428774927
고령자 보행속도 1.0m/s,815179.1754939551,225061.8651839121,2.0046049663642482,3.053879428774927
버스·따릉이·택시 보행시간 3분,1460981.2742870222,476045.5409027224,1.2064008637287398,2.4531730412648605
버스·따릉이·택시 보행시간 7분,825742.9138336679,104231.35500154537,1.9665411976768423,3.348800363316486
버스·따릉이·택시 보행시간 10분,480454.54438087804,33018.08088876722,2.2240313880025018,3.503768549007385
지하철 보행시간 7분,1252226.1531705833,317699.74739046715,1.5026222577234305,2.8226146016459825
지하철 보행시간 15분,895741.6311369021,115360.34456567653,1.913175250316074,3.291910985674871
버스 기준 노선 수 4개,893015.9556662294,170142.82242783875,1.769027261008346,3.1488141530196496
버스 기준 노선 수 10개,1261541.0934503016,268063.8356987747,1.5602107162171186,2.9582496065144896
우회계수 1.2,1015583.3902825897,174475.82558534032,1.7781498553858806,3.190747349845915
우회계수 1.4,1213704.9221503332,287649.72502304363,1.5434887966494395,2.9201780829015913
고령자 택시 앱 호출 비율 10%,1129214.1741123502,225061.8651839121,1.6259690610680697,3.053879428774927
고령자 택시 앱 호출 비율 30%,1119427.688101462,225061.8651839121,1.6865408255498142,3.053879428774927
택시 잡는 도로에 tertiary 포함,1064359.2699242425,225061.8651839121,1.7705323376907898,3.053879428774927
사각지대 기준 수단 1.5개 미만,846284.6070628695,170142.82242783875,1.6532263550848547,3.053879428774927
사각지대 기준 수단 2.5개 미만,1562629.8125936636,515313.3435343989,1.6532263550848547,3.053879428774927
