adm_cd10,gu,dong,type_name,certainty,confidence,second_type_name,b_priority,a_overlap10,a_elderly_only_not_rich
1111055000,종로구,부암동,언덕 위 고령 주거지,보통,0.7783507295627592,교통 사각 저소득 고령 밀집,True,True,True
1111056000,종로구,평창동,언덕 위 고령 주거지,보통,0.7472475378077671,교통 사각 저소득 고령 밀집,True,True,False
1114058000,중구,장충동,언덕 위 고령 주거지,핵심,0.8379459984756125,교통 사각 저소득 고령 밀집,False,False,True
1120072000,성동구,송정동,교통 사각 저소득 고령 밀집,핵심,0.8529082203087119,대중교통 양호 서민 주거지,False,False,True
1121587000,광진구,구의3동,외곽 차 중심 신주거지,경계,0.6811131114605393,고소득 활동 지역,False,False,True
1123074000,동대문구,이문1동,대중교통 양호 서민 주거지,경계,0.4446216896518459,고소득 활동 지역,False,False,True
1126058000,중랑구,상봉1동,대중교통 양호 서민 주거지,핵심,0.8682149784446028,언덕 위 고령 주거지,False,False,True
1129064000,성북구,정릉3동,교통 사각 저소득 고령 밀집,경계,0.6620483027937215,언덕 위 고령 주거지,True,True,False
1135056000,노원구,월계1동,교통 사각 저소득 고령 밀집,경계,0.457731516195523,대중교통 양호 서민 주거지,False,False,True
1141056500,서대문구,충현동,언덕 위 고령 주거지,핵심,0.8488761715091576,교통 사각 저소득 고령 밀집,False,False,True
1141058500,서대문구,신촌동,언덕 위 고령 주거지,핵심,0.8475550587473799,교통 사각 저소득 고령 밀집,False,False,True
1147056000,양천구,신월1동,교통 사각 저소득 고령 밀집,핵심,0.8534934787350996,대중교통 양호 서민 주거지,True,True,True
1147057000,양천구,신월2동,교통 사각 저소득 고령 밀집,핵심,0.8526812492004332,대중교통 양호 서민 주거지,False,False,True
1147058000,양천구,신월3동,교통 사각 저소득 고령 밀집,핵심,0.853214553401849,대중교통 양호 서민 주거지,True,True,False
1147059000,양천구,신월4동,교통 사각 저소득 고령 밀집,핵심,0.8571362552836389,대중교통 양호 서민 주거지,True,True,True
1147061100,양천구,신월7동,교통 사각 저소득 고령 밀집,핵심,0.8545675516944877,대중교통 양호 서민 주거지,True,True,True
1150053000,강서구,등촌2동,외곽 차 중심 신주거지,핵심,0.828174424134743,교통 사각 저소득 고령 밀집,True,True,False
1153073000,구로구,고척2동,교통 사각 저소득 고령 밀집,핵심,0.8512182932329896,대중교통 양호 서민 주거지,False,False,True
1154561000,금천구,독산1동,교통 사각 저소득 고령 밀집,경계,0.6550151679187808,외곽 차 중심 신주거지,False,False,True
1154567000,금천구,시흥1동,교통 사각 저소득 고령 밀집,핵심,0.8611145698702193,대중교통 양호 서민 주거지,True,True,False
1165066000,서초구,내곡동,외곽 차 중심 신주거지,핵심,0.816763292687589,교통 사각 저소득 고령 밀집,True,True,False
1171052000,송파구,풍납2동,외곽 차 중심 신주거지,핵심,0.834387188968196,교통 사각 저소득 고령 밀집,False,False,True
