adm_cd10,gu,dong,type_name,confidence,second_type_name,own_tier,second_tier,tier_differs,to_priority1
1171065000,송파구,잠실본동,대중교통 양호 서민 주거지,0.26581932547694775,외곽 차 중심 신주거지,3,2,True,False
1114054000,중구,회현동,고소득 활동 지역,0.3038436010999981,대중교통 양호 서민 주거지,4,3,True,False
1165061000,서초구,방배2동,언덕 위 고령 주거지,0.3528606127400572,고소득 활동 지역,2,4,True,False
1174060000,강동구,천호1동,대중교통 양호 서민 주거지,0.35571376941065397,교통 사각 저소득 고령 밀집,3,1,True,True
1154568000,금천구,시흥2동,교통 사각 저소득 고령 밀집,0.36516177152340856,언덕 위 고령 주거지,1,2,True,False
1123073000,동대문구,휘경2동,교통 사각 저소득 고령 밀집,0.3744732425959013,외곽 차 중심 신주거지,1,2,True,False
1123060000,동대문구,답십리1동,대중교통 양호 서민 주거지,0.38138510791936725,고소득 활동 지역,3,4,True,False
1130561500,강북구,수유1동,교통 사각 저소득 고령 밀집,0.396182735509851,대중교통 양호 서민 주거지,1,3,True,False
1138065000,은평구,수색동,외곽 차 중심 신주거지,0.401183919165295,언덕 위 고령 주거지,2,2,False,False
1150059100,강서구,화곡6동,교통 사각 저소득 고령 밀집,0.4205450315361395,외곽 차 중심 신주거지,1,2,True,False
1120069000,성동구,성수2가3동,외곽 차 중심 신주거지,0.42970932205803886,고소득 활동 지역,2,4,True,False
1123074000,동대문구,이문1동,대중교통 양호 서민 주거지,0.4446216896518459,고소득 활동 지역,3,4,True,False
1141064000,서대문구,홍제3동,언덕 위 고령 주거지,0.4471572821153119,대중교통 양호 서민 주거지,2,3,True,False
1174057000,강동구,암사1동,외곽 차 중심 신주거지,0.44975330213110876,교통 사각 저소득 고령 밀집,2,1,True,True
1153078000,구로구,오류2동,교통 사각 저소득 고령 밀집,0.4543056583121167,언덕 위 고령 주거지,1,2,True,False
1117064000,용산구,이촌2동,교통 사각 저소득 고령 밀집,0.4549463496655526,언덕 위 고령 주거지,1,2,True,False
1135056000,노원구,월계1동,교통 사각 저소득 고령 밀집,0.457731516195523,대중교통 양호 서민 주거지,1,3,True,False
1153079000,구로구,수궁동,교통 사각 저소득 고령 밀집,0.4579469604134743,언덕 위 고령 주거지,1,2,True,False
1123057000,동대문구,전농2동,교통 사각 저소득 고령 밀집,0.46260127009070895,언덕 위 고령 주거지,1,2,True,False
1156060500,영등포구,문래동,외곽 차 중심 신주거지,0.4670491418990081,고소득 활동 지역,2,4,True,False
1147062000,양천구,신정1동,외곽 차 중심 신주거지,0.4675184444056995,고소득 활동 지역,2,4,True,False
1159056000,동작구,상도4동,교통 사각 저소득 고령 밀집,0.46838963813662376,언덕 위 고령 주거지,1,2,True,False
1144070000,마포구,망원2동,교통 사각 저소득 고령 밀집,0.47360068298621144,외곽 차 중심 신주거지,1,2,True,False
1141065500,서대문구,홍제2동,언덕 위 고령 주거지,0.4791796646495772,대중교통 양호 서민 주거지,2,3,True,False
1144063000,마포구,신수동,언덕 위 고령 주거지,0.48022032565439576,고소득 활동 지역,2,4,True,False
1135062500,노원구,중계2·3동,대중교통 양호 서민 주거지,0.4808180203232167,교통 사각 저소득 고령 밀집,3,1,True,True
1156051500,영등포구,영등포본동,대중교통 양호 서민 주거지,0.48670945692473444,교통 사각 저소득 고령 밀집,3,1,True,True
1117059000,용산구,용문동,언덕 위 고령 주거지,0.4945940315882262,대중교통 양호 서민 주거지,2,3,True,False
1174066000,강동구,성내3동,대중교통 양호 서민 주거지,0.49736747489155214,고소득 활동 지역,3,4,True,False
1132066000,도봉구,쌍문1동,교통 사각 저소득 고령 밀집,0.505118583728179,언덕 위 고령 주거지,1,2,True,False
1162059500,관악구,청룡동,언덕 위 고령 주거지,0.5312423402460488,대중교통 양호 서민 주거지,2,3,True,False
1117069000,용산구,서빙고동,외곽 차 중심 신주거지,0.5334098824134503,언덕 위 고령 주거지,2,2,False,False
1135062100,노원구,중계1동,외곽 차 중심 신주거지,0.5434643961755872,고소득 활동 지역,2,4,True,False
1117070000,용산구,보광동,교통 사각 저소득 고령 밀집,0.5451481485206486,언덕 위 고령 주거지,1,2,True,False
1171053200,송파구,거여2동,대중교통 양호 서민 주거지,0.5511647580246188,고소득 활동 지역,3,4,True,False
1129076000,성북구,장위1동,교통 사각 저소득 고령 밀집,0.5627177021638208,언덕 위 고령 주거지,1,2,True,False
1147054000,양천구,목4동,교통 사각 저소득 고령 밀집,0.5648509183406916,외곽 차 중심 신주거지,1,2,True,False
1135071000,노원구,상계9동,대중교통 양호 서민 주거지,0.5653403088722727,고소득 활동 지역,3,4,True,False
1141070000,서대문구,남가좌2동,교통 사각 저소득 고령 밀집,0.5688872293970579,언덕 위 고령 주거지,1,2,True,False
1162065500,관악구,신원동,언덕 위 고령 주거지,0.5742058450732109,대중교통 양호 서민 주거지,2,3,True,False
1159054000,동작구,상도2동,대중교통 양호 서민 주거지,0.5755169838043896,고소득 활동 지역,3,4,True,False
1135072000,노원구,상계10동,대중교통 양호 서민 주거지,0.5764665557208205,고소득 활동 지역,3,4,True,False
1144071000,마포구,연남동,언덕 위 고령 주거지,0.5819891167414561,외곽 차 중심 신주거지,2,2,False,False
1135069500,노원구,상계6·7동,대중교통 양호 서민 주거지,0.589464900226708,고소득 활동 지역,3,4,True,False
1132051500,도봉구,창5동,교통 사각 저소득 고령 밀집,0.5938610551137806,대중교통 양호 서민 주거지,1,3,True,False
1132051400,도봉구,창4동,외곽 차 중심 신주거지,0.5970072995779098,고소득 활동 지역,2,4,True,False
1121586000,광진구,구의2동,언덕 위 고령 주거지,0.5979237049687268,교통 사각 저소득 고령 밀집,2,1,True,True
1144056500,마포구,공덕동,언덕 위 고령 주거지,0.598405540628351,대중교통 양호 서민 주거지,2,3,True,False
1120057000,성동구,행당2동,언덕 위 고령 주거지,0.5998941639604857,대중교통 양호 서민 주거지,2,3,True,False
1121582000,광진구,자양1동,대중교통 양호 서민 주거지,0.6028043307124691,교통 사각 저소득 고령 밀집,3,1,True,True
1147064000,양천구,신정3동,교통 사각 저소득 고령 밀집,0.6074879559077007,외곽 차 중심 신주거지,1,2,True,False
1123066000,동대문구,장안2동,외곽 차 중심 신주거지,0.6082622135584645,교통 사각 저소득 고령 밀집,2,1,True,True
1165062000,서초구,방배3동,외곽 차 중심 신주거지,0.6125455983980832,언덕 위 고령 주거지,2,2,False,False
1114060500,중구,을지로동,고소득 활동 지역,0.6131500067410223,대중교통 양호 서민 주거지,4,3,True,False
1159052000,동작구,노량진2동,교통 사각 저소득 고령 밀집,0.6151389683747641,대중교통 양호 서민 주거지,1,3,True,False
1154569000,금천구,시흥3동,교통 사각 저소득 고령 밀집,0.615250533814019,외곽 차 중심 신주거지,1,2,True,False
1120052000,성동구,왕십리2동,언덕 위 고령 주거지,0.6195322270346426,고소득 활동 지역,2,4,True,False
1171063200,송파구,가락2동,외곽 차 중심 신주거지,0.6202196937003576,고소득 활동 지역,2,4,True,False
1162066500,관악구,서림동,언덕 위 고령 주거지,0.6235656372770916,대중교통 양호 서민 주거지,2,3,True,False
1171067000,송파구,잠실2동,외곽 차 중심 신주거지,0.6245678465820357,고소득 활동 지역,2,4,True,False
1129057500,성북구,동선동,언덕 위 고령 주거지,0.6251993847100635,대중교통 양호 서민 주거지,2,3,True,False
1174068500,강동구,길동,외곽 차 중심 신주거지,0.6255853750935831,대중교통 양호 서민 주거지,2,3,True,False
1129061000,성북구,보문동,언덕 위 고령 주거지,0.6262905101410684,대중교통 양호 서민 주거지,2,3,True,False
1135070000,노원구,상계8동,외곽 차 중심 신주거지,0.6273868745889865,고소득 활동 지역,2,4,True,False
1132051100,도봉구,창1동,대중교통 양호 서민 주거지,0.6291449264534902,교통 사각 저소득 고령 밀집,3,1,True,True
1120066000,성동구,성수1가2동,외곽 차 중심 신주거지,0.6306895891886224,고소득 활동 지역,2,4,True,False
1121584000,광진구,자양3동,외곽 차 중심 신주거지,0.635721070694203,고소득 활동 지역,2,4,True,False
1141055500,서대문구,북아현동,언덕 위 고령 주거지,0.6434558759430674,대중교통 양호 서민 주거지,2,3,True,False
1129072500,성북구,월곡2동,언덕 위 고령 주거지,0.6443822531397974,대중교통 양호 서민 주거지,2,3,True,False
1138053000,은평구,불광2동,언덕 위 고령 주거지,0.6516769094033948,교통 사각 저소득 고령 밀집,2,1,True,True
1154561000,금천구,독산1동,교통 사각 저소득 고령 밀집,0.6550151679187808,외곽 차 중심 신주거지,1,2,True,False
1120053500,성동구,왕십리도선동,대중교통 양호 서민 주거지,0.6551151935313346,고소득 활동 지역,3,4,True,False
1174062000,강동구,천호3동,대중교통 양호 서민 주거지,0.6582262524585955,교통 사각 저소득 고령 밀집,3,1,True,True
1144066000,마포구,서교동,대중교통 양호 서민 주거지,0.6607313415822659,고소득 활동 지역,3,4,True,False
1129064000,성북구,정릉3동,교통 사각 저소득 고령 밀집,0.6620483027937215,언덕 위 고령 주거지,1,2,True,False
1130553400,강북구,삼양동,언덕 위 고령 주거지,0.6626547211229532,대중교통 양호 서민 주거지,2,3,True,False
1120079000,성동구,용답동,외곽 차 중심 신주거지,0.6633533951452755,언덕 위 고령 주거지,2,2,False,False
1130566000,강북구,인수동,교통 사각 저소득 고령 밀집,0.6637548063229562,언덕 위 고령 주거지,1,2,True,False
1141062000,서대문구,홍제1동,언덕 위 고령 주거지,0.6648777737215806,대중교통 양호 서민 주거지,2,3,True,False
1162074500,관악구,삼성동,언덕 위 고령 주거지,0.6666891375370523,교통 사각 저소득 고령 밀집,2,1,True,True
1162057500,관악구,행운동,언덕 위 고령 주거지,0.6673415457228102,대중교통 양호 서민 주거지,2,3,True,False
1114062500,중구,다산동,언덕 위 고령 주거지,0.6690960338769197,대중교통 양호 서민 주거지,2,3,True,False
1168067000,강남구,개포2동,외곽 차 중심 신주거지,0.6699097567007127,고소득 활동 지역,2,4,True,False
1123075000,동대문구,이문2동,언덕 위 고령 주거지,0.673171185086545,교통 사각 저소득 고령 밀집,2,1,True,True
1111054000,종로구,삼청동,언덕 위 고령 주거지,0.6763961520034424,교통 사각 저소득 고령 밀집,2,1,True,True
1138055200,은평구,갈현2동,교통 사각 저소득 고령 밀집,0.6783199360739983,대중교통 양호 서민 주거지,1,3,True,False
1135067000,노원구,상계5동,대중교통 양호 서민 주거지,0.6806530842547185,교통 사각 저소득 고령 밀집,3,1,True,True
1121587000,광진구,구의3동,외곽 차 중심 신주거지,0.6811131114605393,고소득 활동 지역,2,4,True,False
1171062000,송파구,가락본동,외곽 차 중심 신주거지,0.6818964895839458,고소득 활동 지역,2,4,True,False
1129066000,성북구,길음1동,언덕 위 고령 주거지,0.6828363473393797,고소득 활동 지역,2,4,True,False
1111070000,종로구,숭인1동,언덕 위 고령 주거지,0.6830868035431822,대중교통 양호 서민 주거지,2,3,True,False
1150059300,강서구,화곡8동,대중교통 양호 서민 주거지,0.685945231661239,언덕 위 고령 주거지,3,2,True,False
1117057000,용산구,원효로2동,언덕 위 고령 주거지,0.6886474497299189,교통 사각 저소득 고령 밀집,2,1,True,True
1165055000,서초구,반포본동,외곽 차 중심 신주거지,0.6888445266408122,고소득 활동 지역,2,4,True,False
1138052000,은평구,불광1동,언덕 위 고령 주거지,0.6911922445260821,대중교통 양호 서민 주거지,2,3,True,False
1171058000,송파구,송파1동,대중교통 양호 서민 주거지,0.6926248553572149,고소득 활동 지역,3,4,True,False
1150063000,강서구,방화1동,대중교통 양호 서민 주거지,0.6940952831135492,고소득 활동 지역,3,4,True,False
1159055000,동작구,상도3동,언덕 위 고령 주거지,0.6966200206186436,대중교통 양호 서민 주거지,2,3,True,False
