adm_cd10,gu,dong,type_name,certainty,confidence,b_priority,a_low,pop_65_plus,priority1
1135063000,노원구,상계1동,교통 사각 저소득 고령 밀집,보통,0.7514944966886156,False,False,9362,보류 (경계·지표 미충족)
1147064000,양천구,신정3동,교통 사각 저소득 고령 밀집,경계,0.6074879559077007,False,False,9133,보류 (경계·지표 미충족)
1135062500,노원구,중계2·3동,대중교통 양호 서민 주거지,경계,0.4808180203232167,False,False,8655,보류 (경계·지표 미충족)
1150053500,강서구,등촌3동,교통 사각 저소득 고령 밀집,보통,0.7916905643392049,False,False,8456,보류 (경계·지표 미충족)
1130566000,강북구,인수동,교통 사각 저소득 고령 밀집,경계,0.6637548063229562,False,False,8408,보류 (경계·지표 미충족)
1132069000,도봉구,방학1동,교통 사각 저소득 고령 밀집,보통,0.7022615840929003,False,False,7481,보류 (경계·지표 미충족)
1138053000,은평구,불광2동,언덕 위 고령 주거지,경계,0.6516769094033948,False,False,7395,보류 (경계·지표 미충족)
1132051200,도봉구,창2동,교통 사각 저소득 고령 밀집,보통,0.7470916484708938,False,False,6836,보류 (경계·지표 미충족)
1123061000,동대문구,답십리2동,교통 사각 저소득 고령 밀집,보통,0.7625705846132589,False,False,6744,보류 (경계·지표 미충족)
1123066000,동대문구,장안2동,외곽 차 중심 신주거지,경계,0.6082622135584645,False,False,6568,보류 (경계·지표 미충족)
1150059000,강서구,화곡본동,교통 사각 저소득 고령 밀집,보통,0.792166079388462,False,False,6361,보류 (경계·지표 미충족)
1174060000,강동구,천호1동,대중교통 양호 서민 주거지,경계,0.35571376941065397,False,False,6345,보류 (경계·지표 미충족)
1138055200,은평구,갈현2동,교통 사각 저소득 고령 밀집,경계,0.6783199360739983,False,False,6327,보류 (경계·지표 미충족)
1159056000,동작구,상도4동,교통 사각 저소득 고령 밀집,경계,0.46838963813662376,False,False,6317,보류 (경계·지표 미충족)
1126057500,중랑구,면목3·8동,교통 사각 저소득 고령 밀집,보통,0.7309021670941199,False,False,6312,보류 (경계·지표 미충족)
1135067000,노원구,상계5동,대중교통 양호 서민 주거지,경계,0.6806530842547185,False,False,6193,보류 (경계·지표 미충족)
1174062000,강동구,천호3동,대중교통 양호 서민 주거지,경계,0.6582262524585955,False,False,5970,보류 (경계·지표 미충족)
1132066000,도봉구,쌍문1동,교통 사각 저소득 고령 밀집,경계,0.505118583728179,False,False,5738,보류 (경계·지표 미충족)
1129071500,성북구,월곡1동,교통 사각 저소득 고령 밀집,보통,0.7108107884156804,False,False,5715,보류 (경계·지표 미충족)
1132051500,도봉구,창5동,교통 사각 저소득 고령 밀집,경계,0.5938610551137806,False,False,5672,보류 (경계·지표 미충족)
1141070000,서대문구,남가좌2동,교통 사각 저소득 고령 밀집,경계,0.5688872293970579,False,False,5597,보류 (경계·지표 미충족)
1132051100,도봉구,창1동,대중교통 양호 서민 주거지,경계,0.6291449264534902,False,False,5571,보류 (경계·지표 미충족)
1121586000,광진구,구의2동,언덕 위 고령 주거지,경계,0.5979237049687268,False,False,5463,보류 (경계·지표 미충족)
1130561500,강북구,수유1동,교통 사각 저소득 고령 밀집,경계,0.396182735509851,False,False,5398,보류 (경계·지표 미충족)
1154568000,금천구,시흥2동,교통 사각 저소득 고령 밀집,경계,0.36516177152340856,False,False,5188,보류 (경계·지표 미충족)
1150059100,강서구,화곡6동,교통 사각 저소득 고령 밀집,경계,0.4205450315361395,False,False,5135,보류 (경계·지표 미충족)
1150060400,강서구,가양2동,교통 사각 저소득 고령 밀집,보통,0.7871378001636624,False,False,5059,보류 (경계·지표 미충족)
1156051500,영등포구,영등포본동,대중교통 양호 서민 주거지,경계,0.48670945692473444,False,False,4929,보류 (경계·지표 미충족)
1153077000,구로구,오류1동,교통 사각 저소득 고령 밀집,보통,0.7568887103731133,False,False,4867,보류 (경계·지표 미충족)
1123073000,동대문구,휘경2동,교통 사각 저소득 고령 밀집,경계,0.3744732425959013,False,False,4739,보류 (경계·지표 미충족)
1126054000,중랑구,면목4동,교통 사각 저소득 고령 밀집,보통,0.7877055853677168,False,False,4587,보류 (경계·지표 미충족)
1123075000,동대문구,이문2동,언덕 위 고령 주거지,경계,0.673171185086545,False,False,4408,보류 (경계·지표 미충족)
1123057000,동대문구,전농2동,교통 사각 저소득 고령 밀집,경계,0.46260127009070895,False,False,4337,보류 (경계·지표 미충족)
1121582000,광진구,자양1동,대중교통 양호 서민 주거지,경계,0.6028043307124691,False,False,4329,보류 (경계·지표 미충족)
1150060500,강서구,가양3동,교통 사각 저소득 고령 밀집,보통,0.7815861192817796,False,False,4236,보류 (경계·지표 미충족)
1147054000,양천구,목4동,교통 사각 저소득 고령 밀집,경계,0.5648509183406916,False,False,4061,보류 (경계·지표 미충족)
1144070000,마포구,망원2동,교통 사각 저소득 고령 밀집,경계,0.47360068298621144,False,False,3524,보류 (경계·지표 미충족)
1171051000,송파구,풍납1동,교통 사각 저소득 고령 밀집,보통,0.7496326399693939,False,False,3075,보류 (경계·지표 미충족)
1117057000,용산구,원효로2동,언덕 위 고령 주거지,경계,0.6886474497299189,False,False,2642,보류 (경계·지표 미충족)
1153059500,구로구,가리봉동,교통 사각 저소득 고령 밀집,보통,0.7665238162432002,False,False,2233,보류 (경계·지표 미충족)
1117064000,용산구,이촌2동,교통 사각 저소득 고령 밀집,경계,0.4549463496655526,False,False,1931,보류 (경계·지표 미충족)
1159052000,동작구,노량진2동,교통 사각 저소득 고령 밀집,경계,0.6151389683747641,False,False,1811,보류 (경계·지표 미충족)
1153078000,구로구,오류2동,교통 사각 저소득 고령 밀집,경계,0.4543056583121167,True,False,8742,추가 (경계·B/A 지표 충족)
1174057000,강동구,암사1동,외곽 차 중심 신주거지,경계,0.44975330213110876,True,False,7788,추가 (경계·B/A 지표 충족)
1154561000,금천구,독산1동,교통 사각 저소득 고령 밀집,경계,0.6550151679187808,False,True,7621,추가 (경계·B/A 지표 충족)
1162074500,관악구,삼성동,언덕 위 고령 주거지,경계,0.6666891375370523,True,False,6432,추가 (경계·B/A 지표 충족)
1153079000,구로구,수궁동,교통 사각 저소득 고령 밀집,경계,0.4579469604134743,True,False,5736,추가 (경계·B/A 지표 충족)
1129076000,성북구,장위1동,교통 사각 저소득 고령 밀집,경계,0.5627177021638208,False,True,5014,추가 (경계·B/A 지표 충족)
1135056000,노원구,월계1동,교통 사각 저소득 고령 밀집,경계,0.457731516195523,False,True,4766,추가 (경계·B/A 지표 충족)
1129064000,성북구,정릉3동,교통 사각 저소득 고령 밀집,경계,0.6620483027937215,True,True,3397,추가 (경계·B/A 지표 충족)
1154569000,금천구,시흥3동,교통 사각 저소득 고령 밀집,경계,0.615250533814019,False,True,2913,추가 (경계·B/A 지표 충족)
1117070000,용산구,보광동,교통 사각 저소득 고령 밀집,경계,0.5451481485206486,False,True,1263,추가 (경계·B/A 지표 충족)
1111054000,종로구,삼청동,언덕 위 고령 주거지,경계,0.6763961520034424,True,False,610,추가 (경계·B/A 지표 충족)
1126068000,중랑구,신내1동,교통 사각 저소득 고령 밀집,핵심,0.8413976984526723,False,True,8973,확정 (핵심 동)
1126065500,중랑구,망우본동,교통 사각 저소득 고령 밀집,핵심,0.856426235621468,False,True,8679,확정 (핵심 동)
1129081000,성북구,석관동,교통 사각 저소득 고령 밀집,핵심,0.8517480302860703,False,False,8612,확정 (핵심 동)
1123065000,동대문구,장안1동,교통 사각 저소득 고령 밀집,핵심,0.8265786363171881,False,False,8217,확정 (핵심 동)
1153074000,구로구,개봉1동,교통 사각 저소득 고령 밀집,핵심,0.8620962917797866,False,False,8142,확정 (핵심 동)
1132052200,도봉구,도봉2동,교통 사각 저소득 고령 밀집,핵심,0.8585454649079248,False,False,7988,확정 (핵심 동)
1153075000,구로구,개봉2동,교통 사각 저소득 고령 밀집,핵심,0.854132866494715,True,False,7912,확정 (핵심 동)
1154567000,금천구,시흥1동,교통 사각 저소득 고령 밀집,핵심,0.8611145698702193,True,True,7673,확정 (핵심 동)
1138056000,은평구,구산동,교통 사각 저소득 고령 밀집,핵심,0.8495449900312092,False,False,7660,확정 (핵심 동)
1135058000,노원구,월계3동,교통 사각 저소득 고령 밀집,핵심,0.8523261698920557,False,True,7237,확정 (핵심 동)
1162076500,관악구,미성동,교통 사각 저소득 고령 밀집,핵심,0.8524093784794415,True,False,7209,확정 (핵심 동)
1135057000,노원구,월계2동,교통 사각 저소득 고령 밀집,핵심,0.845001429036427,False,False,7015,확정 (핵심 동)
1132052100,도봉구,도봉1동,교통 사각 저소득 고령 밀집,핵심,0.8497587770445337,False,False,6904,확정 (핵심 동)
1132071000,도봉구,방학3동,교통 사각 저소득 고령 밀집,핵심,0.8289563574284632,False,False,6770,확정 (핵심 동)
1153073000,구로구,고척2동,교통 사각 저소득 고령 밀집,핵심,0.8512182932329896,False,True,6523,확정 (핵심 동)
1153053000,구로구,구로2동,교통 사각 저소득 고령 밀집,핵심,0.855052185929788,False,True,6506,확정 (핵심 동)
1162077500,관악구,난곡동,교통 사각 저소득 고령 밀집,핵심,0.8477914391113728,False,False,6480,확정 (핵심 동)
1150064100,강서구,방화3동,교통 사각 저소득 고령 밀집,핵심,0.8458782511720543,False,True,6426,확정 (핵심 동)
1147068000,양천구,신정7동,교통 사각 저소득 고령 밀집,핵심,0.8587927742867997,False,False,6339,확정 (핵심 동)
1123070500,동대문구,청량리동,교통 사각 저소득 고령 밀집,핵심,0.8038414285033555,False,False,6128,확정 (핵심 동)
1150064000,강서구,방화2동,교통 사각 저소득 고령 밀집,핵심,0.8509347261267135,False,True,6021,확정 (핵심 동)
1154563000,금천구,독산3동,교통 사각 저소득 고령 밀집,핵심,0.858567421422396,False,False,5939,확정 (핵심 동)
1126052000,중랑구,면목2동,교통 사각 저소득 고령 밀집,핵심,0.8417452525075679,False,False,5828,확정 (핵심 동)
1135061100,노원구,하계1동,교통 사각 저소득 고령 밀집,핵심,0.8166908085321222,False,False,5588,확정 (핵심 동)
1156072000,영등포구,대림3동,교통 사각 저소득 고령 밀집,핵심,0.8136196036380949,False,False,5563,확정 (핵심 동)
1168075000,강남구,수서동,교통 사각 저소득 고령 밀집,핵심,0.8346714586913863,True,False,5559,확정 (핵심 동)
1132070000,도봉구,방학2동,교통 사각 저소득 고령 밀집,핵심,0.8481639233957103,False,False,5436,확정 (핵심 동)
1147056000,양천구,신월1동,교통 사각 저소득 고령 밀집,핵심,0.8534934787350996,True,True,5424,확정 (핵심 동)
1154570000,금천구,시흥4동,교통 사각 저소득 고령 밀집,핵심,0.8558684855119112,True,False,5351,확정 (핵심 동)
1147061100,양천구,신월7동,교통 사각 저소득 고령 밀집,핵심,0.8545675516944877,True,True,5292,확정 (핵심 동)
1153076000,구로구,개봉3동,교통 사각 저소득 고령 밀집,핵심,0.8561787291854958,False,False,5290,확정 (핵심 동)
1130560800,강북구,번3동,교통 사각 저소득 고령 밀집,핵심,0.838651515417018,False,False,5269,확정 (핵심 동)
1154571000,금천구,시흥5동,교통 사각 저소득 고령 밀집,핵심,0.8553733100206479,True,False,5196,확정 (핵심 동)
1171055000,송파구,마천2동,교통 사각 저소득 고령 밀집,핵심,0.8574569123993844,False,False,5181,확정 (핵심 동)
1147057000,양천구,신월2동,교통 사각 저소득 고령 밀집,핵심,0.8526812492004332,False,True,5125,확정 (핵심 동)
1126069000,중랑구,신내2동,교통 사각 저소득 고령 밀집,핵심,0.8030121614545319,False,False,5088,확정 (핵심 동)
1150057000,강서구,화곡4동,교통 사각 저소득 고령 밀집,핵심,0.8557027363076073,False,False,4868,확정 (핵심 동)
1132067000,도봉구,쌍문2동,교통 사각 저소득 고령 밀집,핵심,0.8507310219291023,False,False,4849,확정 (핵심 동)
1130560300,강북구,번2동,교통 사각 저소득 고령 밀집,핵심,0.8528373224943278,False,False,4714,확정 (핵심 동)
1135062400,노원구,중계4동,교통 사각 저소득 고령 밀집,핵심,0.8475271592090291,False,False,4619,확정 (핵심 동)
1154562000,금천구,독산2동,교통 사각 저소득 고령 밀집,핵심,0.8565540505019854,False,False,4483,확정 (핵심 동)
1147053000,양천구,목3동,교통 사각 저소득 고령 밀집,핵심,0.8528954095547742,False,True,4472,확정 (핵심 동)
1171054000,송파구,마천1동,교통 사각 저소득 고령 밀집,핵심,0.847345343873907,False,True,4422,확정 (핵심 동)
1126066000,중랑구,망우3동,교통 사각 저소득 고령 밀집,핵심,0.8526687461181406,False,True,4303,확정 (핵심 동)
1132068100,도봉구,쌍문4동,교통 사각 저소득 고령 밀집,핵심,0.8491898496992697,False,False,4273,확정 (핵심 동)
1147059000,양천구,신월4동,교통 사각 저소득 고령 밀집,핵심,0.8571362552836389,True,True,4216,확정 (핵심 동)
1168073000,강남구,일원1동,교통 사각 저소득 고령 밀집,핵심,0.8483476261114651,False,False,3910,확정 (핵심 동)
1156058500,영등포구,도림동,교통 사각 저소득 고령 밀집,핵심,0.8482424853237907,False,False,3896,확정 (핵심 동)
1156065000,영등포구,신길3동,교통 사각 저소득 고령 밀집,핵심,0.8532222286354655,False,False,3831,확정 (핵심 동)
1168067500,강남구,개포3동,교통 사각 저소득 고령 밀집,핵심,0.8479415867218132,False,False,3805,확정 (핵심 동)
1147058000,양천구,신월3동,교통 사각 저소득 고령 밀집,핵심,0.853214553401849,True,True,3765,확정 (핵심 동)
1156070000,영등포구,대림1동,교통 사각 저소득 고령 밀집,핵심,0.8557178171394462,False,False,3726,확정 (핵심 동)
1154564000,금천구,독산4동,교통 사각 저소득 고령 밀집,핵심,0.8556485063399518,False,False,3691,확정 (핵심 동)
1150055000,강서구,화곡2동,교통 사각 저소득 고령 밀집,핵심,0.8616117802112951,False,False,3577,확정 (핵심 동)
1132051300,도봉구,창3동,교통 사각 저소득 고령 밀집,핵심,0.8570204349563143,False,False,3568,확정 (핵심 동)
1138064000,은평구,증산동,교통 사각 저소득 고령 밀집,핵심,0.8317662578617355,False,True,3461,확정 (핵심 동)
1147060000,양천구,신월5동,교통 사각 저소득 고령 밀집,핵심,0.854268453789847,True,False,3184,확정 (핵심 동)
1126055000,중랑구,면목5동,교통 사각 저소득 고령 밀집,핵심,0.804728699156251,False,False,2907,확정 (핵심 동)
1156066000,영등포구,신길4동,교통 사각 저소득 고령 밀집,핵심,0.8554578892780912,False,False,2820,확정 (핵심 동)
1156067000,영등포구,신길5동,교통 사각 저소득 고령 밀집,핵심,0.8258539078448197,False,True,2399,확정 (핵심 동)
1120072000,성동구,송정동,교통 사각 저소득 고령 밀집,핵심,0.8529082203087119,False,True,2058,확정 (핵심 동)
