대상,날씨,일수,변화(%),95% 하한,95% 상한,p
고령자(우대권),폭염 (최고 33℃ 이상),48,-5.617231404820777,-10.17991986272092,-0.8227670908755536,0.022209936103871522
고령자(우대권),무더위 (최고 30~33℃),74,-1.7460396768646413,-4.460006075989142,1.0450212803926107,0.2177496610320072
고령자(우대권),한파 (최저 -10℃ 이하),17,-13.125348357940203,-17.510312781950276,-8.507289184170585,1.0120241010292386e-07
고령자(우대권),추위 (최저 -10~-5℃),58,-4.836658484218292,-9.02894963152624,-0.4511706551900918,0.03103051778465696
고령자(우대권),큰비 (10mm 이상),66,-7.366270585149747,-9.537368842893368,-5.1430660865806725,2.5576203084526624e-10
고령자(우대권),비 (1~10mm),95,-1.9296467433867925,-3.6878936386616656,-0.13930178420762385,0.034773439080064784
일반,폭염 (최고 33℃ 이상),48,-4.13538294914334,-7.550860073081678,-0.5937231047019376,0.022508027128576698
일반,무더위 (최고 30~33℃),74,-2.304661015368359,-4.574002663477106,0.018648227102335824,0.05184552786049895
일반,한파 (최저 -10℃ 이하),17,-4.077502664986321,-8.502684010307016,0.5616984002262626,0.08407333767525048
일반,추위 (최저 -10~-5℃),58,-0.8336535484103069,-3.5420514114124835,1.9507921581511711,0.5535025818794022
일반,큰비 (10mm 이상),66,-2.841385171225941,-4.35077306278534,-1.3081784587503864,0.0003081622833389632
일반,비 (1~10mm),95,-0.3396030399096417,-1.6744096525478591,1.0133240710326952,0.6209761171290311
고령자 상대 (고령자 ÷ 일반),폭염 (최고 33℃ 이상),48,-1.5457720494428728,-3.4405458725905613,0.3861826781882849,0.11613238830185123
고령자 상대 (고령자 ÷ 일반),무더위 (최고 30~33℃),74,0.5717993758038942,-0.5503386811801736,1.7065990527696862,0.31926186533832135
고령자 상대 (고령자 ÷ 일반),한파 (최저 -10℃ 이하),17,-9.432454267067115,-11.947781724794638,-6.8452731713105734,5.416097360875273e-12
고령자 상대 (고령자 ÷ 일반),추위 (최저 -10~-5℃),58,-4.036656667352667,-6.184845060277011,-1.8392788510941172,0.0003609842191724006
고령자 상대 (고령자 ÷ 일반),큰비 (10mm 이상),66,-4.657214825363843,-5.95089358842883,-3.3457410527994336,7.805729479852372e-12
고령자 상대 (고령자 ÷ 일반),비 (1~10mm),95,-1.5954619407284931,-2.4504377435589864,-0.7329926791215913,0.00030343216819784857
