대상,변수,변화(%),95% 하한,95% 상한,p
고령자(우대권),최저 -5℃보다 1℃ 추울 때마다,-1.7450966365218146,-2.1418200607629667,-1.3467648697237156,1.4824920474681317e-17
고령자(우대권),최고 30℃보다 1℃ 더울 때마다,-1.378429841132589,-2.016146811124253,-0.7365623614336569,2.7465186421874786e-05
고령자(우대권),강수 1mm 늘 때마다,-0.24261493325256067,-0.3024173863349411,-0.18277660835362974,2.031271320845248e-15
일반,최저 -5℃보다 1℃ 추울 때마다,-0.44639504031913635,-0.805473439881832,-0.08601679789712602,0.015235486373909448
일반,최고 30℃보다 1℃ 더울 때마다,-0.6991678361501719,-1.1562236583552155,-0.23999857764854804,0.0028748612581906588
일반,강수 1mm 늘 때마다,-0.08742047803810271,-0.12144195185296303,-0.05338741554291593,4.823571801284419e-07
고령자 상대 (고령자 ÷ 일반),최저 -5℃보다 1℃ 추울 때마다,-1.3045249307934381,-1.5219825313882218,-1.0865871437644503,1.859685994850174e-31
고령자 상대 (고령자 ÷ 일반),최고 30℃보다 1℃ 더울 때마다,-0.6840446249852361,-0.9515805154135193,-0.41578610361503454,6.11997240571916e-07
고령자 상대 (고령자 ÷ 일반),강수 1mm 늘 때마다,-0.15533024565775877,-0.18841122035140323,-0.12223830679751746,3.77622780936808e-20
