,폭염,폭염,한파,한파
,고령자,일반,고령자,일반
06시 전,2.9729094901490782,1.1836551868817935,-6.938092333769252,-6.378690635101569
06시,1.3668122999070498,-1.8492972880400416,-6.335580860337753,-4.322862362642155
07시,0.28617019045658054,-3.345484768639828,-6.8599316450488,-3.3591201221392253
08시,1.9412710996477012,-4.229091722324297,-8.75233896007318,-2.7088430844533717
09시,4.201660164475696,-3.206019501524049,-14.244349248496901,-4.414786691549555
10시,3.513062901114483,0.4599675836834516,-17.469579190884808,-7.588210851893084
11시,0.83886202521819,1.8387623552543308,-16.890627567248863,-7.960660222184512
12시,-1.3735590932187902,1.162698580059618,-14.976611618785029,-7.025609509448394
13시,-4.064290727406439,0.5429383241154717,-15.032302571269884,-6.73346784888238
14시,-4.794642040104902,0.9903995428272916,-15.473258039395288,-8.045415153708468
15시,-3.755886991338142,1.0245283922525106,-13.860947992717787,-8.06474700278712
16시,-0.8372726431126187,0.9083926753614247,-13.780130754979814,-6.97668540179105
17시,1.362446714247656,-0.6917497332528,-11.356146750593886,-2.923018163490032
18시,2.6665226882464976,-1.890693746082428,-7.59117019096659,0.7453958283598627
19시,4.3375697135935365,-0.6236756820498734,-11.248562081610402,-1.6107533289710707
20시,2.510331538649835,0.34503430587604633,-15.463494269966215,-4.876408258481124
21시,1.1914257812620566,0.9047590744803102,-15.742656286447032,-6.909769481459904
22시,1.0047056702013446,2.7508249657171024,-11.730238566118222,-5.636577830694622
23시,0.9534468516001704,1.5951647731666352,-11.580602034634758,-5.411346947672269
24시 후,-1.4549210565146797,-0.10170428846368873,-16.38314785373609,-7.542633057831971
