분석,날씨,비교,고령자 상대 이용 차이(%),p
C 유형 (기준: 대중교통 양호),폭염,언덕 위 고령 주거지,1.8595806857893082,0.018321421355922407
C 유형 (기준: 대중교통 양호),폭염,고소득 활동 지역,-3.0084144609584196,6.880718026236465e-06
C 유형 (기준: 대중교통 양호),폭염,교통 사각 저소득 고령 밀집,1.7532361287778686,0.005440394608967392
C 유형 (기준: 대중교통 양호),폭염,외곽 차 중심 신주거지,-0.8200769711036338,0.4520450327322596
C 유형 (기준: 대중교통 양호),한파,언덕 위 고령 주거지,3.1616345457807116,0.00058810354663974
C 유형 (기준: 대중교통 양호),한파,고소득 활동 지역,1.724444483250842,0.04828405371990563
C 유형 (기준: 대중교통 양호),한파,교통 사각 저소득 고령 밀집,-0.9658106695119573,0.3172601439480729
C 유형 (기준: 대중교통 양호),한파,외곽 차 중심 신주거지,0.9737603613310553,0.2602501289154646
C 유형 (기준: 대중교통 양호),큰비,언덕 위 고령 주거지,1.3600702596660907,0.002650623857365808
C 유형 (기준: 대중교통 양호),큰비,고소득 활동 지역,0.9642476315925075,0.08312599980057778
C 유형 (기준: 대중교통 양호),큰비,교통 사각 저소득 고령 밀집,-0.3620017685430854,0.39308059946283547
C 유형 (기준: 대중교통 양호),큰비,외곽 차 중심 신주거지,0.15149923093165096,0.7382025118208393
역세권 급경사 비율 (1표준편차당),폭염,급경사 +1SD,0.7865562593598607,0.009768632728685
역세권 급경사 비율 (1표준편차당),한파,급경사 +1SD,0.9020076890672302,0.012991947786791469
역세권 급경사 비율 (1표준편차당),큰비,급경사 +1SD,0.31541475991549994,0.02770927155886782
