날씨 자료,날씨,변화(%),95% 하한,95% 상한,p,일수,분석일,비고
서울 관측소 (ASOS 108),폭염,-2.7205195045834074,-4.207297020487855,-1.210666041210673,0.0004480580240240996,80,1358,
서울 관측소 (ASOS 108),한파,-9.509156054258805,-10.992613264209727,-8.000974544736128,2.198643198288221e-32,37,1358,
서울 관측소 (ASOS 108),큰비,-5.267848193231051,-6.2138127653541435,-4.312342248352586,4.1588203521454106e-26,150,1358,
김포 관측소,폭염,-2.143291931730107,-3.5512756204481133,-0.714754129098738,0.0033890514459324708,105,1358,"강서구 끝, 서울 관측소와 약 16km"
김포 관측소,한파,-6.223305494295728,-7.9482676831232,-4.46601914949647,1.1751065605803891e-11,77,1358,"강서구 끝, 서울 관측소와 약 16km"
김포 관측소,큰비,-5.154564218445612,-6.127274072004063,-4.171775138468026,8.145598508118246e-24,142,1358,"강서구 끝, 서울 관측소와 약 16km"
S-DoT 센서 서울 중앙값 (기온),폭염,-2.6077901945345427,-4.238646784283507,-0.9491594231662459,0.0021632690393160302,60,944,"관측소 기준으로 보정, 강수는 서울 관측소, 2023년부터"
S-DoT 센서 서울 중앙값 (기온),한파,-10.508403182191739,-12.103530644800319,-8.88432766694084,1.0659820833359316e-33,20,944,"관측소 기준으로 보정, 강수는 서울 관측소, 2023년부터"
S-DoT 센서 서울 중앙값 (기온),큰비,-5.16156010235348,-6.1975066069383855,-4.11417269549037,3.1710835948156988e-21,99,944,"관측소 기준으로 보정, 강수는 서울 관측소, 2023년부터"
역별 동네 날씨 (S-DoT 기온 + 강우량계),폭염,-2.145109122927835,-3.1906729260713584,-1.088252981540827,7.610852645645316e-05,145,913,"역 240개 × 날짜, 2023.1~2025.12, 역·날짜 군집 표준오차"
역별 동네 날씨 (S-DoT 기온 + 강우량계),한파,-9.168964307471805,-10.719188448721873,-7.591822905431222,0.0,60,913,"역 240개 × 날짜, 2023.1~2025.12, 역·날짜 군집 표준오차"
역별 동네 날씨 (S-DoT 기온 + 강우량계),큰비,-4.860910406602004,-5.727316871263022,-3.986541294256707,0.0,178,913,"역 240개 × 날짜, 2023.1~2025.12, 역·날짜 군집 표준오차"
