노선,날씨,그 달 해당 일수 1일당 월 변화(%),하루 효과로 환산(%),p,역 수,개월 수,해당 일수 합
1~8호선 (서울교통공사),한파,-0.2784987677654449,-8.128721768799906,0.0,225,111,80
1~8호선 (서울교통공사),폭염,-0.20861823121065548,-6.15129176710667,0.0,225,111,191
1~8호선 (서울교통공사),큰비,-0.30611652485961205,-8.899067889110068,0.0,225,111,330
9호선 (1~3단계),한파,-0.17125935439883389,-5.077315769382496,0.031952568389635116,38,111,80
9호선 (1~3단계),폭염,-0.07152100274961937,-2.151533452572041,0.14585352346699243,38,111,191
9호선 (1~3단계),큰비,-0.19333257755511646,-5.713294828879523,0.003159761491448032,38,111,330
경전철 (우이신설·신림),한파,-0.45164192143936077,-12.856162773876957,3.5016434196677437e-13,24,79,66
경전철 (우이신설·신림),폭염,-0.149048358898074,-4.433180460670194,2.1910579935502383e-05,24,79,154
경전철 (우이신설·신림),큰비,-0.2322858663973526,-6.825587392796562,0.00030795699141195065,24,79,247
코레일·공항철도 등 광역 (서울 구간),한파,-0.06348478109692302,-1.9120344359387587,0.6581647965654316,61,105,79
코레일·공항철도 등 광역 (서울 구간),폭염,-0.18640895866529616,-5.514254730888213,4.080906349512858e-06,61,105,190
코레일·공항철도 등 광역 (서울 구간),큰비,-0.21481153128134478,-6.328194607598303,0.0022288426724825783,61,105,322
