연령,수단,날씨,변화(%),95% 하한,95% 상한,p
70대 이상,지하철,폭염,-2.517730788447803,-6.135017200843862,1.2389554363074762,0.18626046084902903
70대 이상,지하철,한파,-15.72835198725927,-19.649270857790924,-11.616101874890571,1.9275474702807185e-12
70대 이상,지하철,큰비,-6.973574549666351,-9.617529106204369,-4.252276503534514,8.935535098486639e-07
70대 이상,버스,폭염,-3.0542904026135687,-5.611695745861411,-0.42759340144946645,0.02295874533327272
70대 이상,버스,한파,-12.173994479423733,-14.312140161487763,-9.982496234157113,5.541151726595743e-25
70대 이상,버스,큰비,-7.691798512980174,-10.158716828743831,-5.157142006466831,6.99519464322006e-09
70대 이상,차량,폭염,0.4966263553027206,-2.00117043112793,3.058087052963221,0.6996579597540573
70대 이상,차량,한파,-9.929011384027763,-12.05930463295315,-7.74711347917515,1.1003914336578486e-17
70대 이상,차량,큰비,-9.428170772511136,-11.634509034282726,-7.1667439408447,3.5445542178274566e-15
70대 이상,도보,폭염,-4.287297124811307,-6.0141398976017335,-2.5287263244357705,2.3914961996407514e-06
70대 이상,도보,한파,-8.51510055677428,-9.675947380203532,-7.339334502991878,1.780018435894839e-42
70대 이상,도보,큰비,-5.677096997156228,-7.2136501082032956,-4.115098381831617,3.0700032770815466e-12
70대 이상,기타,폭염,-3.0163546410949538,-5.909698958131726,-0.03403790879081825,0.04747986538185625
70대 이상,기타,한파,-12.245857421209061,-14.6200227698713,-9.805673536519388,1.0109608012812753e-20
70대 이상,기타,큰비,-9.155860607596289,-11.576808803783834,-6.66862900668953,3.2209909379456853e-12
70대 이상,전체 이동,폭염,-2.7392400820367424,-5.114576247958935,-0.30444038970524057,0.027689438288645327
70대 이상,전체 이동,한파,-11.261708139418525,-13.171408034061328,-9.310006484698485,5.097700436523216e-27
70대 이상,전체 이동,큰비,-7.282474408595608,-9.22578025561771,-5.297566027002509,2.627076325062866e-12
20~50대,지하철,폭염,-0.5586881195234095,-2.8218135851661663,1.7571419402488964,0.6333746868851633
20~50대,지하철,한파,-4.747113654162993,-9.378310328125005,0.12075905961439481,0.05581137008377374
20~50대,지하철,큰비,-0.658097608027941,-2.6645750491072095,1.3897414619093773,0.5259311599343963
20~50대,버스,폭염,-0.33744719016730595,-1.6873858764182015,1.0310276165283794,0.6271167995140551
20~50대,버스,한파,-4.462181304220303,-6.567986446271556,-2.308914750093849,5.9654176823842185e-05
20~50대,버스,큰비,-3.3516533664161297,-4.747818034287676,-1.93502432975442,4.392646594314609e-06
20~50대,차량,폭염,0.8591803116402508,-0.25619933756945157,1.9870326333730537,0.13159699215003628
20~50대,차량,한파,-3.037440778810263,-4.9365799112990665,-1.1003614013651353,0.0022408835657436953
20~50대,차량,큰비,-4.495877831885576,-5.813150146621659,-3.1601824957418145,8.496649581536733e-11
20~50대,도보,폭염,-3.1450086576511826,-4.513156187964706,-1.7572581371248064,1.070376285818297e-05
20~50대,도보,한파,-6.750691800385223,-8.310262719230888,-5.164593796578432,4.581835907849266e-16
20~50대,도보,큰비,-4.901024584865265,-6.141382624652659,-3.6442749967055876,6.280709498885955e-14
20~50대,기타,폭염,-1.4901871374702003,-3.5635571918870568,0.6277600836004149,0.16655298013036401
20~50대,기타,한파,-4.600871750772928,-7.255937131301138,-1.869797492082237,0.00107311312097813
20~50대,기타,큰비,-4.399029422713219,-6.078981130257066,-2.6890286614682513,6.576837304407803e-07
20~50대,전체 이동,폭염,-0.9695164795545885,-2.2598265046120836,0.33782748253436967,0.14540579154080197
20~50대,전체 이동,한파,-4.654266001139606,-6.901123973402578,-2.3531821245157847,8.96191786933771e-05
20~50대,전체 이동,큰비,-3.6337098322960837,-4.841161799657156,-2.4109367420518724,8.742126364622654e-09
