year,region,차종,배출량_천tCO2eq,주행거리_백만km,g_per_km,서울_CO2비중
2021,서울,승용,7097,33595.918,211.24590195749377,0.990084985835694
2021,전국(17개 시도 합),승용,44622,273294.902,163.27417625960692,0.990084985835694
2021,서울,승합,1141,1835.009,621.7953154453194,0.990084985835694
2021,전국(17개 시도 합),승합,7164,13797.082,519.2402277525059,0.990084985835694
2022,서울,승용,6022,29956.773,201.02298735581434,0.9859699064660431
2022,전국(17개 시도 합),승용,38480,249049.553,154.50740439594364,0.9859699064660431
2022,서울,승합,1150,1831.544,627.885543563245,0.9859699064660431
2022,전국(17개 시도 합),승합,7727,14132.168,546.7667805817197,0.9859699064660431
2023,서울,승용,5900,29896.258,197.34911305622262,0.9860095389507154
2023,전국(17개 시도 합),승용,38892,252924.972,153.76892084819525,0.9860095389507154
2023,서울,승합,1127,1813.153,621.5691670807704,0.9860095389507154
2023,전국(17개 시도 합),승합,7330,14029.164,522.4830217965946,0.9860095389507154
2024,서울,승용,5870,30161.104,194.62152313787982,0.9865214578391202
2024,전국(17개 시도 합),승용,34505,260456.41,132.47898179968004,0.9865214578391202
2024,서울,승합,1064,1772.02,600.4446902405165,0.9865214578391202
2024,전국(17개 시도 합),승합,5771,13742.936,419.92482537938037,0.9865214578391202
