adm_cd10,gu,dong,type_name,priority1,mci_elderly,car_share_70p,car_share_adult,seoul_origin_share,car_km_mean_seoul_origin,trips_S1_70p,trips_S2_70p,trips_S1_adult,trips_S2_adult,tco2_S1_70p,tco2_S2_70p,tco2_S1_adult,tco2_S2_adult,tco2_total,breakeven_bus_km_day
1165065200,서초구,양재2동,외곽 차 중심 신주거지,False,0.4685588556698528,0.5564810681600841,0.623263504265129,0.5458347244547092,7.152721881496335,0.0,1372.2992262622515,0.0,9697.963911832445,0.0,230.28249453999308,0.0,1842.2303760093803,2072.5128705493735,13806.519762672558
1165066000,서초구,내곡동,외곽 차 중심 신주거지,False,0.32008419039480535,0.6122265741405184,0.7363515093967884,0.5861778565180452,6.86511302550385,0.0,1018.9191153295225,0.0,7765.4849992322115,0.0,176.2367264780434,0.0,1520.465467881877,1696.7021943599204,11302.97076108897
1144074000,마포구,상암동,외곽 차 중심 신주거지,False,0.9762996778331986,0.518884371904444,0.5578355816020459,0.5839111806345522,7.2710016989042785,0.0,751.7135620337368,0.0,7358.50859237646,0.0,137.17438765369323,0.0,1520.063442425937,1657.2378300796302,11040.069848337242
1171064200,송파구,문정2동,외곽 차 중심 신주거지,False,0.6933050746852434,0.44360212991916925,0.5491043460113543,0.5498840358747666,7.092690383637581,0.0,562.403320488829,0.0,7748.743473970934,0.0,94.27783417429384,0.0,1470.429723154682,1564.7075573289758,10423.658217060494
1168070000,강남구,세곡동,외곽 차 중심 신주거지,False,0.4285944049719889,0.5477489812129861,0.6426654559828987,0.6628873867239654,5.701077067149926,0.0,1029.8333534238639,0.0,6537.94131903258,0.0,167.27969496457388,0.0,1202.1774055234869,1369.4571004880609,9122.952523334036
1150060300,강서구,가양1동,외곽 차 중심 신주거지,False,0.7141693547812299,0.43755008908301224,0.5122073707323952,0.5511475037953875,7.056649193097389,0.0,386.8884283782147,0.0,5668.481505069548,0.0,64.67429755103986,0.0,1072.6646842924124,1137.3389818434523,7576.644445888099
1150062000,강서구,공항동,외곽 차 중심 신주거지,False,0.3473820042541243,0.4053756701955323,0.547309079816147,0.5034112746150964,7.487325159117737,0.0,325.343687826545,0.0,5710.55103701929,0.0,52.70740376490612,0.0,1047.2696675721177,1099.9770713370237,7327.749511092605
1171064700,송파구,위례동,외곽 차 중심 신주거지,False,0.6707632944391836,0.5341029996092345,0.6314080736278909,0.5953604374723773,5.948807380528209,0.0,501.92977134489166,0.0,5370.289986836505,0.0,76.40687578394656,0.0,925.4191707472206,1001.8260465311672,6673.893951030672
1171052000,송파구,풍납2동,외곽 차 중심 신주거지,False,0.47272798293417984,0.6044153631102056,0.5820867844942099,0.4852517646376055,6.70320583983027,0.0,1604.0702699495846,0.0,4331.989013031201,0.0,224.26044319008332,0.0,685.5954100645788,909.8558532546622,6061.213417610249
1171063100,송파구,가락1동,외곽 차 중심 신주거지,False,0.6191615602940064,0.48982977449939835,0.6039160689608343,0.5816302536446715,5.874102963287531,0.0,709.3703681317606,0.0,4413.314119174933,0.0,104.16964725308749,0.0,733.6421221743265,837.811769427414,5581.275231807391
1174068500,강동구,길동,외곽 차 중심 신주거지,False,0.9060547873759746,0.41386490950496496,0.5231162579103282,0.6030986875936627,5.875948261169413,0.0,706.4408437867003,0.0,4027.6197008894314,0.0,107.60234952818924,0.0,694.4575099257626,802.0598594539518,5343.105684772901
1165065100,서초구,양재1동,외곽 차 중심 신주거지,False,0.5408173318985052,0.4192455626012081,0.5031799757347963,0.5819887090818182,5.765490767845457,0.0,604.2189610769309,0.0,4312.543164590505,0.0,87.14145304303264,0.0,704.0689158898141,791.2103689328467,5270.8293156255
1117068500,용산구,한남동,외곽 차 중심 신주거지,False,0.8880836715547114,0.5262984230960139,0.5310727180874366,0.6609526612084357,6.063056507254873,0.0,558.3894812252342,0.0,3392.2397859718963,0.0,96.17867887869309,0.0,661.423149005536,757.601827884229,5046.938312208314
1171062000,송파구,가락본동,외곽 차 중심 신주거지,False,1.0605825603636156,0.42939264515056885,0.5436029203238584,0.5619774668737827,5.654134757009052,0.0,394.69765020107803,0.0,4549.346042868684,0.0,53.90501925704101,0.0,703.3393334505722,757.2443527076132,5044.556909341898
1174051500,강동구,강일동,외곽 차 중심 신주거지,False,0.6390184958288272,0.38814046291700205,0.5713723521610333,0.5904081968652322,7.47346802758916,0.0,179.13049563833496,0.0,2713.32140697896,0.0,33.97220171320948,0.0,582.5144140301583,616.4866157433678,4106.866965524671
1174052500,강동구,상일제1동,외곽 차 중심 신주거지,False,0.6252101265596793,0.4401340052264429,0.5421814023365606,0.582408811101686,6.903488094733266,0.0,427.67873713086806,0.0,2711.729485613592,0.0,73.90839704312268,0.0,530.4857912245113,604.394188267634,4026.310486819597
1150061100,강서구,발산1동,외곽 차 중심 신주거지,False,0.654877088222399,0.3731301078134275,0.5179757776058945,0.5526992388730271,6.395618362310408,0.0,178.45985579810758,0.0,3297.5833330010187,0.0,27.113872673217898,0.0,567.150164514171,594.2640371873889,3958.826162318785
1174052600,강동구,상일제2동,외곽 차 중심 신주거지,False,0.40785701632463556,0.4541389882929089,0.6348607137488899,0.5915932197171286,7.935500823423378,0.0,160.03618261782844,0.0,2394.3355154072424,0.0,32.29202795073086,0.0,546.9069120245634,579.1989399752943,3858.466562462485
1117069000,용산구,서빙고동,외곽 차 중심 신주거지,False,0.7671194870761608,0.5334935746467481,0.6187447437796151,0.6879155350096459,5.6461033944389625,0.0,343.17732263432373,0.0,2433.413373144868,0.0,57.290436740700116,0.0,459.86537404958204,517.1558107902822,3445.1520294608868
1168072000,강남구,일원본동,외곽 차 중심 신주거지,False,0.9060530277336439,0.5160436358958782,0.5505782922593817,0.5824175324832448,5.784660194773163,0.0,701.0725115252018,0.0,2472.4924326489627,0.0,101.52075501429549,0.0,405.30143311360337,506.82218812789887,3376.3122323548846
1153072000,구로구,고척1동,외곽 차 중심 신주거지,False,0.5904463331535446,0.4774289767103065,0.5432133500343161,0.6131607592199428,5.7914070048980335,0.0,437.6280597053485,0.0,2527.1209323292405,0.0,66.79488521347098,0.0,436.6317787834204,503.42666399689136,3353.692169683351
1138069000,은평구,진관동,외곽 차 중심 신주거지,False,0.6316472540354989,0.40957040727483235,0.49363823067200235,0.5656741918507857,6.147478350643343,0.0,541.151308913672,0.0,2493.381538672556,0.0,80.88382736599006,0.0,421.87422114056545,502.7580485065555,3349.238034265363
1150051000,강서구,염창동,외곽 차 중심 신주거지,False,0.9328195198260486,0.4319760078632152,0.5126279287873496,0.6883028090631313,5.719829863460667,0.0,301.943613868903,0.0,2335.102894331877,0.0,51.09378884211972,0.0,447.30067213051836,498.39446097263806,3320.1689952358424
1168069000,강남구,개포4동,외곽 차 중심 신주거지,False,0.6958719773667195,0.45355558362141135,0.6044036634847316,0.6308307002655545,5.562131835885132,0.0,266.3549619051541,0.0,2596.784510406343,0.0,40.16932168512899,0.0,443.32363640452036,483.49295808964933,3220.899216518874
1154551000,금천구,가산동,외곽 차 중심 신주거지,False,0.9403919339104023,0.416652408472263,0.45742689217399474,0.4380960049456557,7.3157538777262525,0.0,349.86064292006625,0.0,2775.9757629338396,0.0,48.19512113405687,0.0,432.88737974296197,481.08250087701884,3204.8414030229133
1174069000,강동구,둔촌1동,외곽 차 중심 신주거지,False,0.6389818669189495,0.4596547871425557,0.5570612932169444,0.637584747558211,5.92455169412358,0.0,306.685136320249,0.0,2284.706786690541,0.0,49.79270819109541,0.0,419.9085909217894,469.70129911288484,3129.0229174962938
1147055000,양천구,목5동,외곽 차 중심 신주거지,False,0.6213258311863151,0.4400150059325336,0.5164709549374292,0.6563792770279773,5.24863885664275,0.0,393.4647990298794,0.0,2340.9933878156517,0.0,58.26222210123146,0.0,392.4032676991961,450.6654898004275,3002.211508406592
1171057000,송파구,오금동,외곽 차 중심 신주거지,False,0.8860446342514181,0.42185352693044087,0.5326984914183901,0.6589111708540991,5.131148884618624,0.0,351.23910349900945,0.0,2320.2790278262323,0.0,51.041561712452,0.0,381.6915777220709,432.7331394345229,2882.7510441382083
1171056600,송파구,오륜동,외곽 차 중심 신주거지,False,0.6164049775066087,0.4002587263712087,0.5722662403679066,0.6734409605122555,5.201474288864704,0.0,220.54779983465025,0.0,2311.1622941850733,0.0,33.205369772182955,0.0,393.90119940335035,427.1065691755333,2845.2683560542428
1121587000,광진구,구의3동,외곽 차 중심 신주거지,False,0.9016992031147607,0.44692742382271466,0.5095116527845506,0.5446536946146588,5.493311143870663,0.0,422.5591727743175,0.0,2474.74584074421,0.0,54.340270169221334,0.0,360.2600717104639,414.60034187968523,2761.9552549535333
1121581000,광진구,광장동,외곽 차 중심 신주거지,False,0.5072686486434792,0.41435192793023407,0.5145563170002537,0.6484938143342754,5.703390725817795,0.0,257.08671402935244,0.0,2063.74845465301,0.0,40.86939451628428,0.0,371.3869163476282,412.25631086391246,2746.3399548010157
1174056000,강동구,고덕2동,외곽 차 중심 신주거지,False,0.4705549595237263,0.37408590880593523,0.5418679095297448,0.5891056421531515,7.260261355500905,0.0,78.31091410604309,0.0,1889.086750362846,0.0,14.396182305111978,0.0,393.1227839918162,407.51896629692817,2714.7810475845213
1174055000,강동구,고덕1동,외곽 차 중심 신주거지,False,0.48930770453876493,0.47111528949591375,0.5956147299774568,0.6555396304988721,6.107997693374951,0.0,206.2724215271428,0.0,1903.4512793572023,0.0,35.49920201397454,0.0,370.82623967156303,406.32544168553756,2706.8301096827304
1168066000,강남구,개포1동,외곽 차 중심 신주거지,False,0.6447060710994328,0.4426784457241937,0.5920241201495643,0.6802181762006523,4.962820360109594,0.0,256.28918939317657,0.0,2123.8723790899458,0.0,37.18661801020585,0.0,348.8478740020257,386.03449201223157,2571.6572952462957
1138065000,은평구,수색동,외곽 차 중심 신주거지,False,0.8386010532954893,0.46533590037408357,0.5874085011926466,0.634977865194534,5.614991872147484,0.0,221.7631516423454,0.0,2027.9394564633992,0.0,33.984173376936106,0.0,351.7981726249975,385.7823460019336,2569.977566775738
1171064600,송파구,장지동,외곽 차 중심 신주거지,False,0.9410298167832193,0.40350327079489445,0.5431986765405459,0.5948121996762231,6.028891921351176,0.0,178.57738187618133,0.0,2007.6019629359187,0.0,27.524752630701183,0.0,350.28847869408276,377.81323132478394,2516.889481850164
1150053000,강서구,등촌2동,외곽 차 중심 신주거지,False,0.6423047018850233,0.5172570168747181,0.5990165054992903,0.7255358942256164,5.057712551283121,0.0,299.564426794544,0.0,1836.4278149634438,0.0,47.2479416390501,0.0,327.88215739559126,375.1300990346414,2499.0151807946063
1168067000,강남구,개포2동,외곽 차 중심 신주거지,False,1.1369921644728145,0.39870814250557424,0.5285125803341427,0.690528312442046,4.87944570766871,0.0,196.80620508884175,0.0,1999.856038131391,0.0,28.50167439566225,0.0,327.85483239446813,356.35650679013037,2373.9505908355145
1150064000,강서구,방화2동,교통 사각 저소득 고령 밀집,True,0.5591119488000521,0.48783610165115515,0.603237096371891,0.5122509106301182,7.1971803204249465,240.54082697142445,0.0,1754.2841785521157,0.0,38.116545170829056,0.0,314.6849298905552,0.0,352.8014750613843,2350.267931722835
1135060000,노원구,공릉2동,외곽 차 중심 신주거지,False,0.36846619197511055,0.4304605699147247,0.4779304932844912,0.5969045995223039,6.2370945009425345,0.0,343.1054501040888,0.0,1625.3915163132503,0.0,54.90279747443244,0.0,294.4259697049275,349.32876717935994,2327.13369179387
1123066000,동대문구,장안2동,외곽 차 중심 신주거지,False,0.734492721715779,0.4162818001134343,0.5090844519668899,0.719906235284677,5.276651509018811,0.0,236.59255844886627,0.0,1632.4859818300995,0.0,38.62913965093429,0.0,301.72735393733427,340.35649358826856,2267.3628337153523
1174070000,강동구,둔촌2동,외곽 차 중심 신주거지,False,0.756323765930208,0.4465032667800683,0.533173864408134,0.6066601564261357,6.0700418918129735,0.0,402.6873917342069,0.0,1469.6262869323716,0.0,63.735999434684096,0.0,263.3146050097507,327.05060444443484,2178.7226018331858
1156061000,영등포구,양평1동,외곽 차 중심 신주거지,False,1.1814226584673526,0.47342407349192234,0.5015103572584612,0.7047356757865733,5.245756589751371,0.0,330.0078651643508,0.0,1506.7646046312698,0.0,52.43705470136398,0.0,271.0258265657507,323.4628812671147,2154.8221611389195
1156062000,영등포구,양평2동,외곽 차 중심 신주거지,False,0.8251885030726047,0.4345404441823732,0.48541717016031044,0.6446698044267921,5.606777268418596,0.0,211.52087828752494,0.0,1495.8193341664853,0.0,32.86120473228444,0.0,263.06353446286977,295.9247391951542,1971.3705125887109
1174057000,강동구,암사1동,외곽 차 중심 신주거지,True,0.6160064305595522,0.40312254309259404,0.6033750177325652,0.6309226036507426,5.650089226969399,214.93100391090593,0.0,1486.2113776302037,0.0,32.931390415077054,0.0,257.7762198153775,0.0,290.7076102304545,1936.61541158109
1153052000,구로구,구로1동,외곽 차 중심 신주거지,False,0.5799067528182893,0.4987254249337823,0.5766067499966003,0.6552465020882858,5.302676315335165,0.0,193.01182560204845,0.0,1475.1662393102463,0.0,28.82460435301704,0.0,249.38577025429865,278.2103746073157,1853.3622105701336
1147061000,양천구,신월6동,외곽 차 중심 신주거지,False,0.6435807103224291,0.5271492255727619,0.5975920569289448,0.6907205782240325,5.025384899282196,0.0,201.42100635234897,0.0,1400.7719581344495,0.0,30.05080387307698,0.0,236.57564898022366,266.62645285330063,1776.1932593425029
1168075000,강남구,수서동,교통 사각 저소득 고령 밀집,True,0.6928698641218635,0.4403005109418057,0.49737760043075363,0.5440692395799879,6.075488590353077,313.53213110108777,0.0,1365.8285342041706,0.0,44.544803132573016,0.0,219.6657964999774,0.0,264.21059963255044,1760.0994991010227
1123065000,동대문구,장안1동,교통 사각 저소득 고령 밀집,True,0.7021493876800131,0.31924270152439077,0.45238309061625254,0.713354354494759,5.335452181363557,178.09259405830625,0.0,1223.0946950342552,0.0,29.134127442670135,0.0,226.4996351666248,0.0,255.63376260929493,1702.9629324019652
1171064100,송파구,문정1동,외곽 차 중심 신주거지,False,1.0125180980412705,0.4478299873964594,0.5253729092737306,0.6032172265293712,5.685744806279702,0.0,210.3457784933872,0.0,1313.4428765293703,0.0,31.00805363354722,0.0,219.18113122246882,250.18918485601603,1666.6926291299155
1165055000,서초구,반포본동,외곽 차 중심 신주거지,False,1.0589576887372785,0.45183105908406546,0.6452075917007761,0.5843363276695128,5.912695537145396,0.0,83.59263955857922,0.0,1401.0224387101205,0.0,12.41355147600878,0.0,235.5181438901456,247.9316953661544,1651.653845198244
1135061900,노원구,중계본동,외곽 차 중심 신주거지,False,0.45354146610248364,0.45989052168628386,0.5222262014740087,0.6374297434666855,6.2123308748028485,0.0,139.67845416801399,0.0,1132.297380372963,0.0,23.773653599189323,0.0,218.1615856017261,241.93523920091542,1611.7070773263388
1174064000,강동구,성내1동,외곽 차 중심 신주거지,False,0.898222403791933,0.42680109347134176,0.5087520621260615,0.6221763592084791,5.574534667887105,0.0,202.17557159286463,0.0,1223.4576717336934,0.0,30.139109254430128,0.0,206.4628653059594,236.60197456038955,1576.1783118815845
1121583000,광진구,자양2동,외곽 차 중심 신주거지,False,0.5557081677704138,0.43702991938855595,0.483112341693857,0.683482683903745,4.936214277902601,0.0,231.71594462865832,0.0,1022.5575419353611,0.0,33.60137476280766,0.0,167.85726863833236,201.45864340114002,1342.0629521792787
1171063200,송파구,가락2동,외곽 차 중심 신주거지,False,1.120543384491393,0.3762450358553422,0.49818989349173604,0.6127559382425806,5.352124654208262,0.0,90.28159032335395,0.0,1098.2732905778564,0.0,12.72601868335404,0.0,175.24879733282836,187.9748160161824,1252.2373438984794
1171067000,송파구,잠실2동,외곽 차 중심 신주거지,False,0.6467422930025544,0.3624580150900791,0.4657587406397276,0.6148346083455674,5.777001761611074,0.0,69.98361951807615,0.0,1015.9527814013707,0.0,10.684072169331856,0.0,175.57602191299057,186.26009408232244,1240.8143305103647
1147052000,양천구,목2동,외곽 차 중심 신주거지,False,0.6999159945600733,0.3915960705129659,0.4929760567698343,0.7122065708306607,5.13135378572916,0.0,113.91256806804708,0.0,883.2622432850366,0.0,17.893248143169977,0.0,157.05742634901853,174.9506744921885,1165.4740383971725
1174059000,강동구,암사3동,외곽 차 중심 신주거지,False,0.48895047641572853,0.4490105213097936,0.5323749271101648,0.6332443181443216,5.6448594359858735,0.0,163.34293153808702,0.0,858.4068625158529,0.0,25.095993118884092,0.0,149.29610940543273,174.3921025243168,1161.7529831396237
1156060500,영등포구,문래동,외곽 차 중심 신주거지,False,0.9816460632818188,0.3919180040261959,0.4489127224578211,0.607376784926024,5.483283214550818,0.0,229.79618177361857,0.0,852.0257207769664,0.0,32.894347947601915,0.0,138.06463448574544,170.95898243334736,1138.8824663591736
1120079000,성동구,용답동,외곽 차 중심 신주거지,False,0.5629101260965648,0.40667310707885307,0.4914713543717078,0.7279479590775983,5.043720385028078,0.0,119.21562439245186,0.0,851.0000365368046,0.0,18.813262700512276,0.0,152.02387186526798,170.83713456578025,1138.0707488468192
1132051400,도봉구,창4동,외곽 차 중심 신주거지,False,0.9483698155156044,0.3542143193243532,0.4726152687669408,0.6106390774362954,6.080717293850985,0.0,73.74442755177823,0.0,851.1665491334023,0.0,11.769234652602147,0.0,153.7746789781594,165.54391363076152,1102.8087437292559
1171056100,송파구,방이1동,외곽 차 중심 신주거지,False,0.8999914768887642,0.4123583026960785,0.5056635430000472,0.6619134569050823,5.109044269159712,0.0,128.64376670767692,0.0,891.5629180916167,0.0,18.698606032723927,0.0,146.6978500660692,165.39645609879312,1101.8264215645993
1153078000,구로구,오류2동,교통 사각 저소득 고령 밀집,True,0.7799706946753441,0.3406461690053907,0.46244425573125564,0.5221156131340876,6.379710597759159,179.418900533392,0.0,848.8839720811106,0.0,25.68712250917846,0.0,137.577327271196,0.0,163.26444978037446,1087.6235725557112
1129078000,성북구,장위3동,외곽 차 중심 신주거지,False,0.9650075160306892,0.4366800591381034,0.5358069158479614,0.7397240731320989,5.436166017611017,0.0,106.59331400480485,0.0,735.6973576761633,0.0,18.42349563275814,0.0,143.9436582106733,162.36715384343145,1081.6460299008925
1135061100,노원구,하계1동,교통 사각 저소득 고령 밀집,True,0.7455215418135895,0.28403326435221193,0.4395598298940739,0.6384184518748642,6.171928699419472,133.76163491069042,0.0,720.0783406489735,0.0,22.65361454295724,0.0,138.05017282009536,0.0,160.70378736305258,1070.5651326431444
1126068000,중랑구,신내1동,교통 사각 저소득 고령 밀집,True,0.8475206389398973,0.46322791809571673,0.5515022016318741,0.6322438296231294,5.784416565656229,136.35773542461493,0.0,759.9230844609831,0.0,21.434015876468862,0.0,135.22116520205557,0.0,156.65518107852444,1043.5944134389733
1162076500,관악구,미성동,교통 사각 저소득 고령 밀집,True,0.6509502067346397,0.33891670627807174,0.4188888499418124,0.6610530403798167,5.180926681772946,150.76962973059202,0.0,804.3725278788228,0.0,22.194084181408634,0.0,134.03920973695608,0.0,156.23329391836472,1040.7839153730101
1129064000,성북구,정릉3동,교통 사각 저소득 고령 밀집,True,0.615507463881661,0.44144816952656646,0.5827672923072249,0.7905877412185414,5.6719612238944155,55.45357602646024,0.0,665.0936388685537,0.0,10.687902764150946,0.0,145.1098853536829,0.0,155.79778811783385,1037.8826936111425
1153079000,구로구,수궁동,교통 사각 저소득 고령 밀집,True,0.6561140415598099,0.30939991304976955,0.4403156692284177,0.5264448332058562,6.873269974296898,154.92065049906037,0.0,697.185907040049,0.0,24.093793824891932,0.0,122.7427208018176,0.0,146.83651462670952,978.1851152211345
1168073000,강남구,일원1동,교통 사각 저소득 고령 밀집,True,0.3153132899806765,0.46857347345982725,0.5823794009625459,0.6785007487033791,4.942196043375986,144.53920609986287,0.0,758.2558791127686,0.0,20.83222090495572,0.0,123.7134624491103,0.0,144.545683354066,962.9242173574138
1132071000,도봉구,방학3동,교통 사각 저소득 고령 밀집,True,0.6500815223104276,0.3543456614721758,0.44815926584026344,0.693015228925675,6.20965782201992,137.03307827607202,0.0,546.8309942190691,0.0,25.346352397958768,0.0,114.49708913478696,0.0,139.84344153274571,931.5991551310378
1138056000,은평구,구산동,교통 사각 저소득 고령 밀집,True,0.7141486677033588,0.38760606351044746,0.5000938578795937,0.6207706124227855,5.697170986274792,136.0607877637336,0.0,690.9284371297317,0.0,20.682498016160626,0.0,118.89246910516066,0.0,139.5749671213213,929.8106512718939
1162077500,관악구,난곡동,교통 사각 저소득 고령 밀집,True,0.44234158519920014,0.30297446615593854,0.39655625866921196,0.6401071182969497,5.471438553498822,122.00766587885536,0.0,710.1543570868225,0.0,18.36626765601616,0.0,121.0146125842276,0.0,139.38088024024375,928.5176970049503
1147056000,양천구,신월1동,교통 사각 저소득 고령 밀집,True,0.43034968513481164,0.5349769538442716,0.5884604575596338,0.6365981255129586,5.567706661572779,136.09003353183712,0.0,680.2623311365006,0.0,20.732306943264966,0.0,117.31377238504797,0.0,138.04607932831294,919.6256146291621
1132070000,도봉구,방학2동,교통 사각 저소득 고령 밀집,True,0.4639773594754146,0.418933736087828,0.5110680674103696,0.6730818693389122,6.2776811201369105,141.9343513389795,0.0,531.4663856495031,0.0,25.77711258683285,0.0,109.2631761796329,0.0,135.04028876646575,899.6018515035814
1174058000,강동구,암사2동,외곽 차 중심 신주거지,False,0.49482565558061964,0.40534898067336833,0.5073109949121846,0.6454263173104187,5.62715667709041,0.0,94.83642326867498,0.0,671.5557335509893,0.0,14.804387729668958,0.0,118.67209636217446,133.47648409184342,889.1842080467233
1168067500,강남구,개포3동,교통 사각 저소득 고령 밀집,True,0.6174453706742846,0.3454503087221229,0.4844760187014805,0.6835642222556844,5.5665449744379245,115.37442060397541,0.0,618.6077034207817,0.0,18.869230352282482,0.0,114.52788631189479,0.0,133.39711666417728,888.655483726524
1147061100,양천구,신월7동,교통 사각 저소득 고령 밀집,True,0.40611368461130043,0.5195464387716563,0.584055494402671,0.6492300358671028,5.494132881675897,132.35039448727952,0.0,647.7801230476525,0.0,20.29096072515894,0.0,112.42328113987973,0.0,132.71424186503867,884.1063566529542
1154561000,금천구,독산1동,교통 사각 저소득 고령 밀집,True,0.8928649648275585,0.5218777422385779,0.582807656026648,0.5703244924209618,5.773521687480534,70.31836853229035,0.0,765.7896827498553,0.0,9.95201948166487,0.0,122.68831752836795,0.0,132.64033701003282,883.6140225132269
1153076000,구로구,개봉3동,교통 사각 저소득 고령 밀집,True,0.38682055370748863,0.396294342851376,0.5129769209615722,0.48833578616061346,6.033470597508714,156.8150770999478,0.0,751.0040814581907,0.0,19.858807920961564,0.0,107.66112782475177,0.0,127.51993574571334,849.5032952636051
1150057000,강서구,화곡4동,교통 사각 저소득 고령 밀집,True,0.3923399959377614,0.43498211269421155,0.5601001872658012,0.6860646617029148,5.0837840554922,120.5657107180732,0.0,641.8237323036993,0.0,18.074053461264093,0.0,108.91778282957935,0.0,126.99183629084345,845.9852396394753
1135057000,노원구,월계2동,교통 사각 저소득 고령 밀집,True,0.7076439759925329,0.36407237850291196,0.4937052405937924,0.6588948898977626,5.83850650922821,115.57825161847275,0.0,569.0591509000727,0.0,19.11056978814446,0.0,106.51387761478975,0.0,125.62444740293421,836.8760649885244
1147063000,양천구,신정2동,외곽 차 중심 신주거지,False,0.7577671712393511,0.43476393195944146,0.4878997770400774,0.6676149308367019,4.709348620722426,0.0,150.15652202782147,0.0,681.6694379354121,0.0,20.29133822533235,0.0,104.27773303160062,124.56907125693297,829.8454347695879
1132067000,도봉구,쌍문2동,교통 사각 저소득 고령 밀집,True,0.686894818274987,0.3657179008050372,0.4656572223107561,0.6734279882936348,6.224309211685672,108.11227517455565,0.0,500.609703661166,0.0,19.47766696280322,0.0,102.09687771722338,0.0,121.5745446800266,809.8967092627847
1111054000,종로구,삼청동,언덕 위 고령 주거지,True,0.490763334156,0.3703980441007567,0.43275405966106584,0.6730239147371484,6.365146051928786,46.28695333654455,0.0,504.5793187404589,0.0,8.522697475787332,0.0,105.17177205195802,0.0,113.69446952774535,757.4017815509599
1123070500,동대문구,청량리동,교통 사각 저소득 고령 밀집,True,0.7628960632818188,0.2216254658696964,0.393202842695899,0.6794557564574846,5.629236527531809,160.3336682838207,0.0,452.4009757577682,0.0,26.35815549711281,0.0,84.190887607262,0.0,110.54904310437482,736.4478021120837
1129081000,성북구,석관동,교통 사각 저소득 고령 밀집,True,0.8247019236833769,0.3616920108725498,0.4612428441243231,0.7216586129485463,5.224480840737416,90.49483003918101,0.0,515.2944204291649,0.0,14.664873333135933,0.0,94.52817120540568,0.0,109.19304453854161,727.4145067037086
1120067000,성동구,성수2가1동,외곽 차 중심 신주거지,False,0.5251450171547098,0.4356582713932764,0.4609251669290969,0.6648911836448022,5.2954327400733145,0.0,133.14298081359308,0.0,498.1541185764256,0.0,20.14883375411931,0.0,85.33881962523094,105.48765337935025,702.7301937641963
1153053000,구로구,구로2동,교통 사각 저소득 고령 밀집,True,0.8637170517949584,0.42391395670638066,0.5301694000599406,0.5165431483893832,6.007000698577511,107.82811144944007,0.0,582.0113277921364,0.0,14.380563160315049,0.0,87.86716230883704,0.0,102.24772546915209,681.1466709994244
1129076000,성북구,장위1동,교통 사각 저소득 고령 밀집,True,0.7315545798109867,0.3956199686090481,0.5122092985965334,0.7630797940751574,5.300609466634312,77.6901670773783,0.0,450.87193560439016,0.0,13.50645650672631,0.0,88.73191225441651,0.0,102.23836876114282,681.0843391433094
1153080000,구로구,항동,외곽 차 중심 신주거지,False,0.4638402500557577,0.4100175668094828,0.5048866618951589,0.47953563911035824,7.066497064962832,0.0,57.05162631855955,0.0,564.1666926924119,0.0,8.309458222555369,0.0,93.01722753915553,101.32668576171089,675.0109537724321
1153073000,구로구,고척2동,교통 사각 저소득 고령 밀집,True,0.4911987836194064,0.4695964770720419,0.5377270607233846,0.6643589410371402,4.9717360512645445,91.16706299625845,0.0,546.5500172119484,0.0,12.942805338692407,0.0,87.83581517714735,0.0,100.77862051583976,671.3598914529261
1171059000,송파구,송파2동,외곽 차 중심 신주거지,False,0.798597395807394,0.38490900998539035,0.4910784352751177,0.6209986711426054,5.506053916964208,0.0,62.63604572681527,0.0,547.1545276116519,0.0,9.205239035465304,0.0,91.02737180570023,100.23261084116552,667.7225227923389
1126065500,중랑구,망우본동,교통 사각 저소득 고령 밀집,True,0.9165034835850121,0.44344385544514886,0.5389647325457889,0.6281722181429812,5.884798933803496,83.48715607466092,0.0,469.27780549820545,0.0,13.26507252385514,0.0,84.4055967181842,0.0,97.67066924203934,650.6555613168366
1174054000,강동구,명일2동,외곽 차 중심 신주거지,False,0.9725792659914845,0.32340029812495097,0.479159611690396,0.6322804556294329,6.067445528997351,0.0,0.0,0.0,516.6093310743155,0.0,0.0,0.0,96.42924482506105,96.42924482506105,642.3855278755815
1156072000,영등포구,대림3동,교통 사각 저소득 고령 밀집,True,0.7961135642887207,0.32078165159583466,0.4698297020649302,0.6616265178039425,5.144270096972718,95.20046290926611,0.0,475.67599023914676,0.0,13.926928104418774,0.0,78.77325164805221,0.0,92.70017975247099,617.5435057329836
1132051300,도봉구,창3동,교통 사각 저소득 고령 밀집,True,0.5261621526479014,0.39646981120394753,0.5041538663424755,0.7089321002813429,5.545969226924261,86.08322171211333,0.0,400.2661449750898,0.0,14.547227029511099,0.0,76.57056139754182,0.0,91.11778842705291,607.0020430394974
1154567000,금천구,시흥1동,교통 사각 저소득 고령 밀집,True,0.8332804042799803,0.503066200639789,0.60091670064428,0.553672122850025,5.754341504685985,81.88932287343816,0.0,509.151755946045,0.0,11.213861227993918,0.0,78.92714830247354,0.0,90.14100953046746,600.4950064217253
1150064100,강서구,방화3동,교통 사각 저소득 고령 밀집,True,0.8416702749808502,0.5134664437294784,0.6175364351132226,0.6550644920397405,6.364612042982508,84.84041692261304,0.0,367.13639258175573,0.0,15.203318598211458,0.0,74.47565086038801,0.0,89.67896945859947,597.4170205264188
1132052100,도봉구,도봉1동,교통 사각 저소득 고령 밀집,True,0.8361358771300216,0.457496844774144,0.5763788410757938,0.6646265236663772,6.17797567326877,127.27830113314984,0.0,335.47934185573195,0.0,22.46248706239081,0.0,67.02248418873376,0.0,89.48497125112456,596.124656979014
1156058500,영등포구,도림동,교통 사각 저소득 고령 밀집,True,0.6584375684048388,0.3948864434558652,0.4874111115134107,0.6797482746096216,4.955195478526439,75.07478087400234,0.0,473.2139262014004,0.0,10.868824749819398,0.0,77.55276714100111,0.0,88.42159189082051,589.0407115126758
1135062100,노원구,중계1동,외곽 차 중심 신주거지,False,0.7370977862999427,0.36760977161238484,0.46017223782703953,0.6277552052178024,6.474792242812447,0.0,46.684240575859626,0.0,402.8158516860255,0.0,8.155790585012584,0.0,79.66243711034248,87.81822769535506,585.0212625591093
1126066000,중랑구,망우3동,교통 사각 저소득 고령 밀집,True,0.4160941464716285,0.47143275737860346,0.536104298143325,0.6782172834953705,4.980248903441894,83.59632291374793,0.0,458.7351690705276,0.0,12.136310629862768,0.0,75.38983868392282,0.0,87.52614931378558,583.0755154399035
1154569000,금천구,시흥3동,교통 사각 저소득 고령 밀집,True,0.584948154386934,0.6466858978872286,0.7083932629167533,0.4803614650637114,6.769673681744833,86.6307447301653,0.0,452.0983973902735,0.0,12.108422064656752,0.0,71.53189640743517,0.0,83.64031847209192,557.1891621763771
1132068100,도봉구,쌍문4동,교통 사각 저소득 고령 밀집,True,0.6649247435200611,0.3510232901977826,0.43671820470335304,0.6927286065575748,6.042434666792076,62.68031591221726,0.0,345.2243879404585,0.0,11.27679978323333,0.0,70.30843479985161,0.0,81.58523458308494,543.4987495711209
1147057000,양천구,신월2동,교통 사각 저소득 고령 밀집,True,0.5554615728606028,0.5215504924256745,0.5655317110206062,0.6518655039432816,5.152762354542095,70.5482032878396,0.0,434.0273805219152,0.0,10.185062009705169,0.0,70.93263870895,0.0,81.11770071865516,540.3841655168094
1130560300,강북구,번2동,교통 사각 저소득 고령 밀집,True,0.6550935177050908,0.35580897952211676,0.4587605852446135,0.7654038262739586,5.102922934215208,90.65612331975103,0.0,342.42868190291165,0.0,15.219009544314554,0.0,65.07447130394195,0.0,80.29348084825651,534.8934358373215
1126052000,중랑구,면목2동,교통 사각 저소득 고령 밀집,True,0.7676442312024121,0.3549836585973622,0.49206452481629565,0.7003377274384037,5.350940014858135,65.28373009542344,0.0,382.48623085092646,0.0,10.51531223649581,0.0,69.74037629974474,0.0,80.25568853624054,534.6416736841691
1154571000,금천구,시흥5동,교통 사각 저소득 고령 밀집,True,0.5965400560886597,0.48189977511269655,0.5682955115989103,0.5676542278039935,5.632747657347378,85.00293087680814,0.0,438.6364372309401,0.0,11.682012860299363,0.0,68.2401155480968,0.0,79.92212840839616,532.4195863994216
1162074500,관악구,삼성동,언덕 위 고령 주거지,True,0.771896193179258,0.2688293696042269,0.38567410674473235,0.6217635532080106,5.745201067265514,106.71739769677308,0.0,360.940261552385,0.0,16.384957793609914,0.0,62.73309259202371,0.0,79.11805038563362,527.0630362569567
1135062400,노원구,중계4동,교통 사각 저소득 고령 밀집,True,0.7495757756173875,0.38997289267060287,0.4740262736708452,0.6371905878163852,5.949010639863351,69.47980733607955,0.0,358.29366334686677,0.0,11.320153360156477,0.0,66.08214033878744,0.0,77.40229369894392,515.6331296255738
1153074000,구로구,개봉1동,교통 사각 저소득 고령 밀집,True,0.8930186467085641,0.4202929286375656,0.5303232242870192,0.6123719940689312,5.5649153789258445,76.93304436495065,0.0,398.6002518304865,0.0,11.268507841231415,0.0,66.0910010429549,0.0,77.35950888418631,515.3481087705106
1120072000,성동구,송정동,교통 사각 저소득 고령 밀집,True,0.498819978222446,0.5155488220907408,0.5158987155448146,0.7177856841001863,4.926333301100011,48.9611729052433,0.0,399.0928989288503,0.0,7.441320399913073,0.0,68.66310838067173,0.0,76.1044287805848,506.98710484124763
1147058000,양천구,신월3동,교통 사각 저소득 고령 밀집,True,0.4385023994625168,0.576620289539816,0.6146220166773197,0.6472432108037182,5.578859833285313,52.715107644117296,0.0,374.27529631245085,0.0,8.181400607440516,0.0,65.75594027536087,0.0,73.93734088280138,492.55055184639735
1171055000,송파구,마천2동,교통 사각 저소득 고령 밀집,True,0.6159337955816648,0.4318941791924174,0.5617383024314412,0.6379936017603495,5.033741584760952,97.2037141429227,0.0,384.11140525928374,0.0,13.417441387491953,0.0,60.019907027905504,0.0,73.43734841539745,489.2197373648594
1156070000,영등포구,대림1동,교통 사각 저소득 고령 밀집,True,0.6680631874320173,0.3979743646980636,0.5002690117546652,0.6917949879778705,4.905417907724281,77.45451587799243,0.0,374.7848299620294,0.0,11.297433002355634,0.0,61.882279492556904,0.0,73.17971249491254,487.50343659862745
1153075000,구로구,개봉2동,교통 사각 저소득 고령 밀집,True,0.8420862967703594,0.4066326060107566,0.516276316064376,0.5862373292399633,5.828153724160225,68.46932223084633,0.0,373.5430203781034,0.0,10.054954357211956,0.0,62.097764957750194,0.0,72.15271931496216,480.66188601691437
1150055000,강서구,화곡2동,교통 사각 저소득 고령 밀집,True,0.5524227338790374,0.3324413583703538,0.4988646509956392,0.669490934466841,5.343605484798998,62.659644396607895,0.0,357.09409894522685,0.0,9.634886893947533,0.0,62.1573709242239,0.0,71.79225781817144,478.2605890938201
1117070000,용산구,보광동,교통 사각 저소득 고령 밀집,True,0.3787200747848795,0.522653756330975,0.6187865089199132,0.7269270465533163,5.164491634176034,57.64980992095127,0.0,337.8724265006018,0.0,9.302418913334373,0.0,61.71660569802858,0.0,71.01902461136295,473.10951876626837
1154570000,금천구,시흥4동,교통 사각 저소득 고령 밀집,True,0.5678141125892132,0.4772539000380576,0.5556021772296734,0.5968467400563421,4.934754140870689,86.08372430084006,0.0,397.7532226242614,0.0,10.89755329097084,0.0,56.99974713466918,0.0,67.89730042564003,452.3134372189573
1154562000,금천구,독산2동,교통 사각 저소득 고령 밀집,True,0.5850355960264864,0.5184242535956741,0.5991488389027174,0.5921579091416064,5.294331546732339,57.89792226188672,0.0,373.88688893079245,0.0,7.80173608510107,0.0,57.03215483045273,0.0,64.83389091555381,431.9058322563145
1130560800,강북구,번3동,교통 사각 저소득 고령 밀집,True,0.7132976948548083,0.3838964348524514,0.49798479779209676,0.7305567028031447,5.075352259419879,78.02489305668728,0.0,289.2254734415884,0.0,12.434631209334286,0.0,52.17801296906403,0.0,64.61264417839831,430.4319463797194
1154563000,금천구,독산3동,교통 사각 저소득 고령 밀집,True,0.7830045443886451,0.4221282105534987,0.5346594242693179,0.670638462712789,4.714627599990954,59.70430061649205,0.0,361.0342210286609,0.0,8.113739769414046,0.0,55.54117927102564,0.0,63.65491904043969,424.051840744511
1147062000,양천구,신정1동,외곽 차 중심 신주거지,False,0.9229692413389151,0.36074059764882443,0.4713114151597997,0.6609146205485879,4.8419123840045275,0.0,30.78923579456034,0.0,369.31389263065864,0.0,4.234877016760069,0.0,57.50277538641082,61.737652403170884,411.2795293664168
1147060000,양천구,신월5동,교통 사각 저소득 고령 밀집,True,0.6964578303374289,0.42923855938530875,0.5299888503363845,0.5742493196354898,5.999362074115141,45.608286630306004,0.0,304.7466018954584,0.0,6.753500359317533,0.0,51.08287243878623,0.0,57.83637279810377,385.29026062291666
1154564000,금천구,독산4동,교통 사각 저소득 고령 밀집,True,0.70214201519668,0.44295716630839493,0.5337309702371089,0.6136287889966932,5.020459017412833,55.619143688856084,0.0,330.29025667709146,0.0,7.364666048347253,0.0,49.50804662483366,0.0,56.872712673180914,378.8706177110152
1126055000,중랑구,면목5동,교통 사각 저소득 고령 밀집,True,0.7566954932484659,0.41435951668043136,0.5281476016435156,0.7100238029841783,5.088337343038549,43.13580761275762,0.0,257.611222467292,0.0,6.698327002478909,0.0,45.2839663258632,0.0,51.98229332834211,346.2919677582285
1153051000,구로구,신도림동,외곽 차 중심 신주거지,False,0.9301191413741025,0.37649230268766487,0.4371042177496356,0.6529877747427417,4.809620602498468,0.0,142.60231933899047,0.0,175.29643042181945,0.0,19.249615809645125,0.0,26.786737272685627,46.03635308233075,306.68172326673584
1132052200,도봉구,도봉2동,교통 사각 저소득 고령 밀집,True,1.0225560323467076,0.39719513581036625,0.5057449366577592,0.599215353917441,7.4341585928106895,36.93724058037889,0.0,129.0933959943625,0.0,7.072269632797707,0.0,27.980125367611752,0.0,35.05239500040946,233.50956762641192
1156066000,영등포구,신길4동,교통 사각 저소득 고령 밀집,True,0.7624828305126267,0.37327276868335996,0.4916141642049368,0.6936599724126425,5.266350910045156,25.38710402306985,0.0,173.79849824092588,0.0,3.9861092541197953,0.0,30.89109644608128,0.0,34.877205700201074,232.34250392808383
1147059000,양천구,신월4동,교통 사각 저소득 고령 밀집,True,0.7672739500637499,0.5193924795631303,0.5649099447450538,0.6404554770605568,5.080678536603384,31.91045402964521,0.0,185.48870452387527,0.0,4.46296264697658,0.0,29.366960903386058,0.0,33.829923550362636,225.36579372072785
1120069000,성동구,성수2가3동,외곽 차 중심 신주거지,False,0.8553938851178545,0.4169223818626697,0.41974515526201406,0.6352498446823602,6.008427607422511,0.0,186.91497053793307,0.0,0.0,0.0,30.6640203452024,0.0,0.0,30.6640203452024,204.2754035041562
1147068000,양천구,신정7동,교통 사각 저소득 고령 밀집,True,0.9997963504486624,0.382159229473129,0.4823558154474018,0.674756412195658,4.933900406945729,31.18038562185576,0.0,159.1955636265568,0.0,4.461680716977463,0.0,25.786905920156364,0.0,30.248586637133826,201.50789658922514
1156065000,영등포구,신길3동,교통 사각 저소득 고령 밀집,True,0.8415170872511667,0.4104862788394901,0.4700616273490038,0.7126213492231076,4.670059079832102,26.951325391415043,0.0,156.1747527468281,0.0,3.855146963620003,0.0,25.288490507163704,0.0,29.14363747078371,194.14702432698553
1147067000,양천구,신정6동,외곽 차 중심 신주거지,False,1.0086765551087913,0.3882912637010622,0.4434680502909102,0.6766957834219803,4.953623513622762,0.0,69.62929767916337,0.0,111.66687109939417,0.0,10.032013050627052,0.0,18.212589109147363,28.244602159774416,188.15789443294534
1147053000,양천구,목3동,교통 사각 저소득 고령 밀집,True,0.9737299570727012,0.44661645462495747,0.5634836202789077,0.7181554913725923,5.235324251743619,17.93101151771956,0.0,100.52568992749222,0.0,2.897653606675737,0.0,18.389503713795925,0.0,21.28715732047166,141.80928013166238
1135058000,노원구,월계3동,교통 사각 저소득 고령 밀집,True,1.0571051149304418,0.4130408147268911,0.5325732889544246,0.7088820308916406,5.371166585203134,16.859677493331493,0.0,80.349597583769,0.0,2.7591255316161716,0.0,14.885285596620415,0.0,17.644411128236587,117.54229100548045
1171072000,송파구,잠실7동,외곽 차 중심 신주거지,False,0.5430903636403159,0.3578353554100137,0.43931644284981736,0.6621639469652668,5.500761731557309,0.0,28.051302822777917,0.0,51.295863845321925,0.0,4.391582122019856,0.0,9.090789219250292,13.482371341270149,89.8159085118704
1121584000,광진구,자양3동,외곽 차 중심 신주거지,False,0.7316744515024495,0.3576207906317806,0.4279333714736763,0.6898844569717442,5.112647778666183,0.0,58.79996733830532,0.0,0.0,0.0,8.914129250521265,0.0,0.0,8.914129250521265,59.383516219957485
1135056000,노원구,월계1동,교통 사각 저소득 고령 밀집,True,1.0751812432110393,0.3998802911666205,0.4655320462774759,0.643293066891139,5.756665052966189,5.725993570249306,0.0,36.92059229259894,0.0,0.9114026672444252,0.0,6.6524155060953225,0.0,7.563818173339747,50.3881093215094
1120065000,성동구,성수1가1동,외곽 차 중심 신주거지,False,0.873217241278149,0.34620743649695523,0.4164265467253305,0.6945985127076146,5.353600691739756,0.0,13.62181963946462,0.0,0.0,0.0,2.1771811093086786,0.0,0.0,2.1771811093086786,14.503791238034452
