경우,S1_고령자만,S1_동네전체,S2_고령자만,S2_동네전체,합계_동네전체
기본값,1002.6076461358969,7074.835368397902,3557.338104553722,33503.39899587578,40578.23436427368
배출계수 낮게: 전국 2024 승용,682.4755965482702,4815.8444703040905,2421.4820766488774,22805.78280469826,27621.627275002353
배출계수 높게: 서울 2021 승용,1088.249403779507,7679.160837412576,3861.2024217477237,36365.22633990249,44044.38717731507
재차인원 1.0 (운전자 혼자),1303.389939976666,9197.285978917273,4624.539535919839,43554.418694638516,52751.704673555796
재차인원 1.6,814.6187124854163,5748.303736823295,2890.3372099498997,27221.51168414907,32969.815420972365
우회계수 1.0 (직선거리 그대로),771.2366508737668,5442.181052613771,2736.4139265797867,25771.84538144291,31214.02643405668
우회계수 1.4,1079.7313112232735,7619.053473659278,3830.979497211701,36080.583534020065,43699.63700767934
기울기 95% 구간 중 효과 작은 끝,822.9520899164393,5871.739033656993,3557.338104553722,33503.39899587578,39375.13802953277
기울기 95% 구간 중 효과 큰 끝,1182.2632023553545,8277.93170313881,3557.338104553722,33503.39899587578,41781.33069901459
기울기: 통제 없음,1400.3384723164604,9473.70813219678,3557.338104553722,33503.39899587578,42977.10712807256
서울 밖 출발 이동까지 바뀐다,3806.172747222614,26782.491132315707,15335.103690479244,137020.9323748303,163803.423507146
고령자 거리 보정 안 함,1134.964508193733,7207.192230455738,4026.9516274628445,33973.012518784904,41180.20474924064
전부 낮게,350.11497310349677,2498.0600681727537,1513.4262979055484,14253.614252936415,16751.674321109167
전부 높게,7720.552582744453,48519.707673856836,26379.310911204924,211291.4681587025,259811.17583255935
