adm_cd10,gu,dong,type_name,priority1,mci_elderly,car_share_70p,car_share_all,out_rate_70p,quadrant,tco2_total,tco2_s3
1111053000,종로구,사직동,고소득 활동 지역,False,1.1900491196552974,0.27498864724452127,0.3174795827362266,0.6995833333333333,유지,0.0,0.0
1111054000,종로구,삼청동,언덕 위 고령 주거지,True,0.490763334156,0.3703980441007567,0.42757495222636155,0.5630717592592593,공급 먼저,113.69446952774535,0.0
1111055000,종로구,부암동,언덕 위 고령 주거지,False,0.5855150113407532,0.47718398381303784,0.5158552918067376,0.658862464183381,공급 먼저,0.0,0.0
1111056000,종로구,평창동,언덕 위 고령 주거지,False,0.39326747168380793,0.511726733031454,0.5868383125023546,0.6214838826512133,공급 먼저,0.0,0.0
1111057000,종로구,무악동,언덕 위 고령 주거지,False,1.320572287921786,0.1903195305462661,0.30688648585509404,0.32636933333333334,유지,0.0,0.0
1111058000,종로구,교남동,대중교통 양호 서민 주거지,False,1.0244330474766237,0.26869149192207686,0.34872980508012996,0.6373197580645161,유지,0.0,0.0
1111060000,종로구,가회동,언덕 위 고령 주거지,False,0.6406243140964939,0.11949695137731493,0.2876135232772999,0.6885094936708861,이동권 우선,0.0,0.0
1111061500,종로구,종로1·2·3·4가동,대중교통 양호 서민 주거지,False,1.6142080118543163,0.14288739776142814,0.2415214971132239,0.7363036711891461,유지,0.0,0.0
1111063000,종로구,종로5·6가동,대중교통 양호 서민 주거지,False,1.5939435242461646,0.1686609893893684,0.2801461997053707,0.6351194516971279,유지,0.0,0.0
1111064000,종로구,이화동,언덕 위 고령 주거지,False,1.0362287097008895,0.3327486597661832,0.35463204266101334,0.7637514204545455,유지,0.0,0.0
1111067000,종로구,창신1동,대중교통 양호 서민 주거지,False,1.6623875354777604,0.15314619826457163,0.2969419051254099,0.7020247933884297,유지,0.0,0.0
1111068000,종로구,창신2동,언덕 위 고령 주거지,False,0.6118774977781584,0.19251988734818093,0.37622081266869684,0.6603002207505518,이동권 우선,0.0,0.0
1111069000,종로구,창신3동,언덕 위 고령 주거지,False,0.9975190791548345,0.2506920330610848,0.38880631647125985,0.6150829015544043,이동권 우선,0.0,0.0
1111070000,종로구,숭인1동,언덕 위 고령 주거지,False,1.3830066074995058,0.17406434076605912,0.3052713919790518,0.7980591286307054,유지,0.0,0.0
1111071000,종로구,숭인2동,대중교통 양호 서민 주거지,False,1.6761398822663645,0.15600494576288654,0.3027300382976101,0.698608832807571,유지,0.0,0.0
1111051500,종로구,청운효자동,언덕 위 고령 주거지,False,0.47644553721458643,0.3684893645248309,0.4174439309004312,0.6127276894865525,이동권 우선,0.0,0.0
1111065000,종로구,혜화동,언덕 위 고령 주거지,False,0.7003866165768003,0.2862309280003502,0.30730390793042095,0.6727994678277698,이동권 우선,0.0,0.0
1114052000,중구,소공동,고소득 활동 지역,False,1.6106170423136064,0.18591210075425157,0.22980456134055247,0.9543891891891892,유지,0.0,0.0
1114054000,중구,회현동,고소득 활동 지역,False,1.8061230275159714,0.18485721574508665,0.2570226688754418,0.5950973597359736,유지,0.0,0.0
1114055000,중구,명동,고소득 활동 지역,False,1.783120752827648,0.21168822830127398,0.25200708622706225,0.7727032442748092,유지,0.0,0.0
1114057000,중구,필동,언덕 위 고령 주거지,False,0.8656004067189748,0.2162634482312,0.29487203017025154,0.7421644245142003,이동권 우선,0.0,0.0
1114058000,중구,장충동,언덕 위 고령 주거지,False,1.1061325066450374,0.41709315286502135,0.3951948459735834,0.6540143266475645,유지,0.0,0.0
1114059000,중구,광희동,대중교통 양호 서민 주거지,False,1.8700838756534048,0.1737369710410214,0.2634188042100083,0.5869799764428739,유지,0.0,0.0
1114060500,중구,을지로동,고소득 활동 지역,False,1.8216305581835306,0.15946358435616442,0.24172736607463102,0.6459146706586827,유지,0.0,0.0
1114065000,중구,신당5동,대중교통 양호 서민 주거지,False,1.3298359665720565,0.1793938285481829,0.2882731151759532,0.6545129516019086,유지,0.0,0.0
1114067000,중구,황학동,대중교통 양호 서민 주거지,False,0.9498122348704444,0.20429642890212663,0.34578803201200164,0.625207702020202,이동권 우선,0.0,0.0
1114068000,중구,중림동,언덕 위 고령 주거지,False,1.280555929445824,0.2552381891747593,0.3598397842757709,0.5438506857855362,유지,0.0,0.0
1114061500,중구,신당동,대중교통 양호 서민 주거지,False,1.649236048331518,0.24983690166934147,0.385409591807426,0.7411188204683434,유지,0.0,0.0
1114062500,중구,다산동,언덕 위 고령 주거지,False,1.3586442441337547,0.22919566050910697,0.32671851330451973,0.6408391145595619,유지,0.0,0.0
1114063500,중구,약수동,언덕 위 고령 주거지,False,1.314731652926067,0.2965955779087698,0.40484292735146704,0.5274015560495395,유지,0.0,0.0
1114064500,중구,청구동,언덕 위 고령 주거지,False,1.0516366761274027,0.2429156309226454,0.3372866354085624,0.5127592295345104,유지,0.0,0.0
1114066500,중구,동화동,언덕 위 고령 주거지,False,0.8567582425407629,0.27303319708287904,0.3577423002394934,0.6469330385344283,이동권 우선,0.0,0.0
1117051000,용산구,후암동,언덕 위 고령 주거지,False,0.41054210756130904,0.37489845282495476,0.4736350989760718,0.5765509933774834,공급 먼저,0.0,0.0
1117052000,용산구,용산2가동,언덕 위 고령 주거지,False,0.5038238725953943,0.3732940557264882,0.4650061875327917,0.5827938005390836,공급 먼저,0.0,0.0
1117053000,용산구,남영동,대중교통 양호 서민 주거지,False,1.616311309291922,0.21351941530384722,0.2985301005811296,0.5676175908221797,유지,0.0,0.0
1117057000,용산구,원효로2동,언덕 위 고령 주거지,False,0.6300588554932871,0.41195482953664997,0.5068257386595608,0.5960705645161289,공급 먼저,0.0,0.0
1117058000,용산구,효창동,언덕 위 고령 주거지,False,1.420386155786812,0.30085952505718117,0.3995049469754959,0.6502817195325543,유지,0.0,0.0
1117059000,용산구,용문동,언덕 위 고령 주거지,False,1.3137484063161646,0.2595716758062857,0.3860985313843031,0.5730350318471338,유지,0.0,0.0
1117063000,용산구,이촌1동,고소득 활동 지역,False,0.8717966147011581,0.4084260099055093,0.5240285323788859,0.7296003901560624,공급 먼저,0.0,0.0
1117064000,용산구,이촌2동,교통 사각 저소득 고령 밀집,False,0.43626475975764056,0.44776713056821454,0.4937430353227455,0.4682736434108527,공급 먼저,0.0,0.0
1117065000,용산구,이태원1동,언덕 위 고령 주거지,False,1.403716914707805,0.35908748074573754,0.44205427058708685,0.5410953947368421,수요관리 가능,0.0,42.84792558482141
1117066000,용산구,이태원2동,언덕 위 고령 주거지,False,0.5111891116609641,0.44495345991105073,0.5240562055885025,0.5793041474654378,공급 먼저,0.0,0.0
1117069000,용산구,서빙고동,외곽 차 중심 신주거지,False,0.7671194870761608,0.5334935746467481,0.608499318190377,0.6182737272155876,공급 먼저,517.1558107902822,0.0
1117070000,용산구,보광동,교통 사각 저소득 고령 밀집,True,0.3787200747848795,0.522653756330975,0.6049253336275309,0.6806023142509136,공급 먼저,71.01902461136295,0.0
1117055500,용산구,청파동,언덕 위 고령 주거지,False,0.7805140567214214,0.2961834383997751,0.3642934960089235,0.6056670741646293,이동권 우선,0.0,0.0
1117056000,용산구,원효로1동,대중교통 양호 서민 주거지,False,1.3895300053796287,0.34460818498023044,0.41597805861458154,0.43290764546684707,유지,0.0,0.0
1117062500,용산구,한강로동,고소득 활동 지역,False,1.0755067810041263,0.3490990440262927,0.41928501984233935,0.7766180464301358,유지,0.0,0.0
1117068500,용산구,한남동,외곽 차 중심 신주거지,False,0.8880836715547114,0.5262984230960139,0.5306859034917097,0.6890796483750665,공급 먼저,757.601827884229,0.0
1120052000,성동구,왕십리2동,언덕 위 고령 주거지,False,0.9526443423769799,0.23762947518190863,0.37234610685163255,0.7503852867830424,이동권 우선,0.0,0.0
1120054000,성동구,마장동,대중교통 양호 서민 주거지,False,1.1584327830779468,0.3334610683258023,0.4330868619245891,0.7227726236979167,수요관리 가능,0.0,55.6414551272536
1120055000,성동구,사근동,언덕 위 고령 주거지,False,0.9943659600074612,0.34384370943152254,0.32870085291005696,0.711191452991453,이동권 우선,0.0,0.0
1120056000,성동구,행당1동,고소득 활동 지역,False,1.4172532905110395,0.28588178642481366,0.4075705280277663,0.750136937431394,유지,0.0,0.0
1120057000,성동구,행당2동,언덕 위 고령 주거지,False,1.3765395004143615,0.21567906303391268,0.3406270862535751,0.72033480681074,유지,0.0,0.0
1120058000,성동구,응봉동,언덕 위 고령 주거지,False,1.1759234450287077,0.3686537254769174,0.46660568244030115,0.6205745590593266,수요관리 가능,0.0,68.25041601224682
1120059000,성동구,금호1가동,언덕 위 고령 주거지,False,0.9005814690114405,0.2668988831943264,0.3923055175501094,0.7334316529326225,이동권 우선,0.0,0.0
1120062000,성동구,금호4가동,언덕 위 고령 주거지,False,0.8686005877125035,0.3187538602902026,0.4536185416699038,0.703900205761317,공급 먼저,0.0,0.0
1120065000,성동구,성수1가1동,외곽 차 중심 신주거지,False,0.873217241278149,0.34620743649695523,0.4104795034330255,0.6717216924910607,이동권 우선,2.1771811093086786,0.0
1120066000,성동구,성수1가2동,외곽 차 중심 신주거지,False,0.998607507373805,0.3321163511726794,0.3878915033436772,0.6158373531230674,이동권 우선,0.0,0.0
1120067000,성동구,성수2가1동,외곽 차 중심 신주거지,False,0.5251450171547098,0.4356582713932764,0.4589918886112579,0.5966949797160243,공급 먼저,105.48765337935023,0.0
1120069000,성동구,성수2가3동,외곽 차 중심 신주거지,False,0.8553938851178545,0.4169223818626697,0.41960419384097153,0.6782218155197658,이동권 우선,30.6640203452024,0.0
1120072000,성동구,송정동,교통 사각 저소득 고령 밀집,True,0.498819978222446,0.5155488220907408,0.5158609096615683,0.43443848580441635,공급 먼저,76.1044287805848,0.0
1120079000,성동구,용답동,외곽 차 중심 신주거지,False,0.5629101260965648,0.40667310707885307,0.48195740411663,0.6457976895734596,공급 먼저,170.83713456578025,0.0
1120053500,성동구,왕십리도선동,대중교통 양호 서민 주거지,False,1.2777123158698103,0.2779984807161635,0.35181610677903796,0.5604568002628121,유지,0.0,0.0
1120061500,성동구,금호2·3가동,언덕 위 고령 주거지,False,1.117186928413745,0.27489400461933833,0.4158954627392668,0.723194032424974,유지,0.0,0.0
1120064500,성동구,옥수동,고소득 활동 지역,False,1.1559280886584018,0.37127083198797556,0.4882852467189963,0.7958486964618249,수요관리 가능,0.0,233.50986507234362
1121571000,광진구,화양동,대중교통 양호 서민 주거지,False,1.0170702891177659,0.3107998232671258,0.3369043313708848,0.6775400667779632,유지,0.0,0.0
1121573000,광진구,군자동,대중교통 양호 서민 주거지,False,1.249764650103888,0.28056984149034714,0.33180158669676524,0.5778830275229357,유지,0.0,0.0
1121574000,광진구,중곡1동,대중교통 양호 서민 주거지,False,1.0253901963103087,0.31287116662470377,0.39558121549328945,0.5796671694318754,유지,0.0,0.0
1121575000,광진구,중곡2동,대중교통 양호 서민 주거지,False,1.0098982660945155,0.2786017856503234,0.37367698264592575,0.6522859042553191,유지,0.0,0.0
1121576000,광진구,중곡3동,대중교통 양호 서민 주거지,False,1.31429542513511,0.284664966320901,0.3718293532728939,0.5695640970116933,유지,0.0,0.0
1121577000,광진구,중곡4동,언덕 위 고령 주거지,False,0.6342526946930904,0.3249876671742972,0.42721473538006915,0.6760741570384342,공급 먼저,0.0,0.0
1121578000,광진구,능동,대중교통 양호 서민 주거지,False,1.2664666177031958,0.30217670017026177,0.38137420919838455,0.6932191142191142,유지,0.0,0.0
1121585000,광진구,구의1동,대중교통 양호 서민 주거지,False,0.9311882489750817,0.3453855871595504,0.40779744276849533,0.5310239888977003,이동권 우선,0.0,0.0
1121586000,광진구,구의2동,언덕 위 고령 주거지,False,0.6915798923713868,0.36092968952286797,0.459844288468652,0.6511197638459375,공급 먼저,0.0,0.0
1121587000,광진구,구의3동,외곽 차 중심 신주거지,False,0.9016992031147607,0.44692742382271466,0.5025639219010793,0.7579399880275367,공급 먼저,414.6003418796852,0.0
1121581000,광진구,광장동,외곽 차 중심 신주거지,False,0.5072686486434792,0.41435192793023407,0.5022956526526859,0.746252960526316,공급 먼저,412.25631086391246,0.0
1121582000,광진구,자양1동,대중교통 양호 서민 주거지,False,0.7625791752806043,0.31985708034867083,0.40981921244328007,0.4526816881258941,이동권 우선,0.0,0.0
1121583000,광진구,자양2동,외곽 차 중심 신주거지,False,0.5557081677704138,0.43702991938855595,0.47813744180738693,0.7281788605230386,공급 먼저,201.45864340114,0.0
1121584000,광진구,자양3동,외곽 차 중심 신주거지,False,0.7316744515024495,0.3576207906317806,0.41958846095873414,0.6864542824074074,이동권 우선,8.914129250521265,0.0
1121584700,광진구,자양4동,대중교통 양호 서민 주거지,False,1.01355769298153,0.3458939376411531,0.40934144979637765,0.6501885328836425,유지,0.0,0.0
1123071000,동대문구,회기동,언덕 위 고령 주거지,False,0.5338825024864737,0.41359116475655844,0.42953272379895424,0.6384206751054853,공급 먼저,0.0,0.0
1123072000,동대문구,휘경1동,대중교통 양호 서민 주거지,False,1.1802713622818983,0.3621100034079359,0.38845825336320383,0.6853987580993519,유지,0.0,0.0
1123073000,동대문구,휘경2동,교통 사각 저소득 고령 밀집,False,0.7592661859847243,0.4011351921199448,0.4516071249845501,0.6101373677660236,공급 먼저,0.0,0.0
1123070500,동대문구,청량리동,교통 사각 저소득 고령 밀집,True,0.7628960632818188,0.2216254658696964,0.3487245035826786,0.5674045226130654,이동권 우선,110.54904310437482,0.0
1123051500,동대문구,신설동,대중교통 양호 서민 주거지,False,1.2959831614437876,0.2460970662867569,0.3588391462675397,0.7304076305220883,유지,0.0,0.0
1123054500,동대문구,제기동,대중교통 양호 서민 주거지,False,1.1575597170709062,0.237335089149494,0.35664451344277687,0.6689650851581509,유지,0.0,0.0
1123056000,동대문구,전농1동,대중교통 양호 서민 주거지,False,1.034916702249081,0.2971682796799873,0.41009037738911475,0.6501706540825285,유지,0.0,0.0
1123057000,동대문구,전농2동,교통 사각 저소득 고령 밀집,False,0.5486102495897992,0.3893574315616696,0.4663839380929775,0.6593437826541275,공급 먼저,0.0,0.0
1123061000,동대문구,답십리2동,교통 사각 저소득 고령 밀집,False,0.6618757532950547,0.36022488546061654,0.4509455510885964,0.6358365918684737,공급 먼저,0.0,0.0
1123065000,동대문구,장안1동,교통 사각 저소득 고령 밀집,True,0.7021493876800131,0.31924270152439077,0.4356468018971258,0.48247930775018816,공급 먼저,255.63376260929493,0.0
1123066000,동대문구,장안2동,외곽 차 중심 신주거지,False,0.734492721715779,0.4162818001134343,0.49714054754372927,0.6673062851782363,공급 먼저,340.35649358826856,0.0
1123074000,동대문구,이문1동,대중교통 양호 서민 주거지,False,0.9008412359318115,0.3781284317121526,0.4124314045787959,0.7205870473537603,이동권 우선,0.0,0.0
1123075000,동대문구,이문2동,언덕 위 고령 주거지,False,1.0266575753480152,0.40449391296933224,0.47409120361588875,0.6094528487229862,수요관리 가능,0.0,103.38622612950992
1123060000,동대문구,답십리1동,대중교통 양호 서민 주거지,False,1.2006891778987272,0.31814872870903516,0.41724610857082484,0.6690888959190129,유지,0.0,0.0
1126052000,중랑구,면목2동,교통 사각 저소득 고령 밀집,True,0.7676442312024121,0.3549836585973622,0.47229351851713036,0.46524966532797857,공급 먼저,80.25568853624054,0.0
1126054000,중랑구,면목4동,교통 사각 저소득 고령 밀집,False,1.2014073866530774,0.3297459781742267,0.4351227234434697,0.5263797634691195,수요관리 가능,0.0,37.58325910769956
1126055000,중랑구,면목5동,교통 사각 저소득 고령 밀집,True,0.7566954932484659,0.41435951668043136,0.5120031853795435,0.6053232711306257,공급 먼저,51.98229332834211,0.0
1126057000,중랑구,면목7동,대중교통 양호 서민 주거지,False,1.024499853583813,0.30788418507602555,0.41239610528258824,0.5327058398381035,유지,0.0,0.0
1126058000,중랑구,상봉1동,대중교통 양호 서민 주거지,False,1.3252271174373773,0.41436333616679927,0.45994571163656506,0.5760356911096691,수요관리 가능,0.0,91.65482279562977
1126059000,중랑구,상봉2동,대중교통 양호 서민 주거지,False,1.4888737366911364,0.35432711144057943,0.43980767774258045,0.6173704891740176,수요관리 가능,0.0,117.5105921723218
1126060000,중랑구,중화1동,대중교통 양호 서민 주거지,False,1.1847939565952776,0.32072035703637075,0.4201526848220435,0.6521633036935705,유지,0.0,0.0
1126061000,중랑구,중화2동,대중교통 양호 서민 주거지,False,1.0736852550678684,0.32494600089020625,0.4086407400539485,0.5933669909824396,유지,0.0,0.0
1126062000,중랑구,묵1동,대중교통 양호 서민 주거지,False,1.19618468755306,0.3103942370257942,0.39373227892863133,0.6155163235599916,유지,0.0,0.0
1126063000,중랑구,묵2동,대중교통 양호 서민 주거지,False,1.0776147873669917,0.32706668194801597,0.4185508355045539,0.5274096567967698,유지,0.0,0.0
1126066000,중랑구,망우3동,교통 사각 저소득 고령 밀집,True,0.4160941464716285,0.47143275737860346,0.5262418861634739,0.47703327338129503,공급 먼저,87.52614931378558,0.0
1126068000,중랑구,신내1동,교통 사각 저소득 고령 밀집,True,0.8475206389398973,0.46322791809571673,0.5382158271291579,0.5902309103616984,공급 먼저,156.65518107852444,0.0
1126069000,중랑구,신내2동,교통 사각 저소득 고령 밀집,True,1.1629769066014883,0.3860471998874798,0.44884348472537783,0.47681137992831546,수요관리 가능,0.0,58.84688712616156
1126056500,중랑구,면목본동,대중교통 양호 서민 주거지,False,1.2292751613324995,0.311013015095885,0.42230975202523197,0.52596,수요관리 가능,0.0,40.583982875049045
1126057500,중랑구,면목3·8동,교통 사각 저소득 고령 밀집,False,0.910859019621413,0.3510442448120555,0.41875401825717234,0.5799002732240437,이동권 우선,0.0,0.0
1126065500,중랑구,망우본동,교통 사각 저소득 고령 밀집,True,0.9165034835850121,0.44344385544514886,0.5246919698072714,0.5700200510390084,공급 먼저,97.67066924203934,0.0
1129058000,성북구,돈암1동,언덕 위 고령 주거지,False,1.1468954092895367,0.2970326367430541,0.40999470689156947,0.644097180043384,유지,0.0,0.0
1129059000,성북구,돈암2동,언덕 위 고령 주거지,False,0.4716019920109309,0.3331226634275294,0.4460249525202175,0.4626267985611511,공급 먼저,0.0,0.0
1129060000,성북구,안암동,언덕 위 고령 주거지,False,1.0169851196107549,0.3379384172878886,0.3600509408625328,0.6372097546379415,유지,0.0,0.0
1129061000,성북구,보문동,언덕 위 고령 주거지,False,1.2989339071721362,0.2431987935597468,0.37293006911671056,0.6455441860465115,유지,0.0,0.0
1129062000,성북구,정릉1동,언덕 위 고령 주거지,False,1.1453751061300703,0.32121980884830076,0.46793265587725263,0.5235973154362416,수요관리 가능,0.0,76.46622707761759
1129063000,성북구,정릉2동,언덕 위 고령 주거지,False,0.7392339916916789,0.32676100863799296,0.4706802322831936,0.6702710254260966,공급 먼저,0.0,0.0
1129064000,성북구,정릉3동,교통 사각 저소득 고령 밀집,True,0.615507463881661,0.44144816952656646,0.5720176607608356,0.3779267407090987,공급 먼저,155.79778811783385,0.0
1129065000,성북구,정릉4동,언덕 위 고령 주거지,False,0.8411373629068978,0.3065373212494086,0.4259392376076881,0.6459477800201816,공급 먼저,0.0,0.0
1129066000,성북구,길음1동,언덕 위 고령 주거지,False,0.741460460122233,0.29037702086955247,0.43602311558219026,0.7383047517918768,공급 먼저,0.0,0.0
1129068500,성북구,길음2동,고소득 활동 지역,False,1.1143631786011503,0.2783633594724551,0.427044883633265,0.743758730834753,수요관리 가능,0.0,47.578538980282815
1129071500,성북구,월곡1동,교통 사각 저소득 고령 밀집,False,0.6854670851042746,0.3431451103996175,0.47047055563853246,0.6209140686402934,공급 먼저,0.0,0.0
1129072500,성북구,월곡2동,언덕 위 고령 주거지,False,1.2548732491433903,0.3071591201410522,0.40599116691039255,0.6739860163710778,유지,0.0,0.0
1129076000,성북구,장위1동,교통 사각 저소득 고령 밀집,True,0.7315545798109867,0.3956199686090481,0.49525666170044,0.6361958162944322,공급 먼저,102.23836876114282,0.0
1129077000,성북구,장위2동,대중교통 양호 서민 주거지,False,0.9859816452543196,0.3272603429462822,0.45219258987485184,0.6246060318664644,공급 먼저,0.0,0.0
1129078000,성북구,장위3동,외곽 차 중심 신주거지,False,0.9650075160306892,0.4366800591381034,0.5223888777468422,0.6450121642169285,공급 먼저,162.36715384343145,0.0
1129052500,성북구,성북동,언덕 위 고령 주거지,False,0.43679318100481934,0.4073720312565469,0.4625818147781322,0.6991744824672581,공급 먼저,0.0,0.0
1129055500,성북구,삼선동,언덕 위 고령 주거지,False,0.8848393711975415,0.24411311819769374,0.3415697931067142,0.657187803299903,이동권 우선,0.0,0.0
1129057500,성북구,동선동,언덕 위 고령 주거지,False,1.0680684947870331,0.2521552792671439,0.35249451177984104,0.6963280871670703,유지,0.0,0.0
1129070500,성북구,종암동,언덕 위 고령 주거지,False,0.7684257265820204,0.34837881903133233,0.4475625702686408,0.6539519804666305,공급 먼저,0.0,0.0
1129081000,성북구,석관동,교통 사각 저소득 고령 밀집,True,0.8247019236833769,0.3616920108725498,0.4465309479671771,0.5205800696257615,공급 먼저,109.1930445385416,0.0
1130559500,강북구,번1동,대중교통 양호 서민 주거지,False,1.2356570917474032,0.236348127846065,0.3436222567380596,0.6112498130142109,유지,0.0,0.0
1130560300,강북구,번2동,교통 사각 저소득 고령 밀집,True,0.6550935177050908,0.35580897952211676,0.43742488442222216,0.5819541616405307,공급 먼저,80.29348084825651,0.0
1130560800,강북구,번3동,교통 사각 저소득 고령 밀집,True,0.7132976948548083,0.3838964348524514,0.4739865782145443,0.47795255849832863,공급 먼저,64.61264417839831,0.0
1130561500,강북구,수유1동,교통 사각 저소득 고령 밀집,False,0.9148282968816654,0.278222446337971,0.40008673160483416,0.5680701459034793,이동권 우선,0.0,0.0
1130562500,강북구,수유2동,대중교통 양호 서민 주거지,False,1.1133091015505947,0.298211996230568,0.4043214581412938,0.6156157237325497,유지,0.0,0.0
1130563500,강북구,수유3동,대중교통 양호 서민 주거지,False,1.160492371747333,0.2230035357806739,0.32270055289179417,0.5750353629353896,유지,0.0,0.0
1130553400,강북구,삼양동,언덕 위 고령 주거지,False,1.333069846013027,0.29903766266803733,0.4079479505189464,0.6202908892658104,유지,0.0,0.0
1130553500,강북구,미아동,대중교통 양호 서민 주거지,False,1.093749542730996,0.19835685949963672,0.3439135989916915,0.5250314628166712,유지,0.0,0.0
1130554500,강북구,송중동,대중교통 양호 서민 주거지,False,0.863486481103418,0.23720443651285167,0.35677494990160286,0.6943945228925973,이동권 우선,0.0,0.0
1130555500,강북구,송천동,대중교통 양호 서민 주거지,False,1.0758112617059434,0.2544858662675575,0.3807073192898825,0.6034452391595888,유지,0.0,0.0
1130557500,강북구,삼각산동,언덕 위 고령 주거지,False,1.0777525228634464,0.2639971732533521,0.3837783816556938,0.5940781291878854,유지,0.0,0.0
1130564500,강북구,우이동,언덕 위 고령 주거지,False,1.1224389299422373,0.34037904636682714,0.43656259502051575,0.6106479253621409,수요관리 가능,0.0,96.64408343308558
1130566000,강북구,인수동,교통 사각 저소득 고령 밀집,False,0.74451469020644,0.3046414864208532,0.4026129557886627,0.6116915492957746,이동권 우선,0.0,0.0
1132066000,도봉구,쌍문1동,교통 사각 저소득 고령 밀집,False,0.8883925035843488,0.35197362841165464,0.4317404293866792,0.5832217357713109,공급 먼저,0.0,0.0
1132067000,도봉구,쌍문2동,교통 사각 저소득 고령 밀집,True,0.686894818274987,0.3657179008050372,0.4480914041201923,0.5631426553672316,공급 먼저,121.5745446800266,0.0
1132068000,도봉구,쌍문3동,대중교통 양호 서민 주거지,False,1.025455343304007,0.25837600297683,0.34224212689454736,0.4902538924274593,유지,0.0,0.0
1132068100,도봉구,쌍문4동,교통 사각 저소득 고령 밀집,True,0.6649247435200611,0.3510232901977826,0.4236903628778287,0.5199506854531607,공급 먼저,81.58523458308494,0.0
1132069000,도봉구,방학1동,교통 사각 저소득 고령 밀집,False,1.0948395858507272,0.39036162394073604,0.46389229501914747,0.4964576962283384,수요관리 가능,0.0,193.07562977075946
1132070000,도봉구,방학2동,교통 사각 저소득 고령 밀집,True,0.4639773594754146,0.418933736087828,0.49184189085875846,0.5386255904417894,공급 먼저,135.04028876646575,0.0
1132071000,도봉구,방학3동,교통 사각 저소득 고령 밀집,True,0.6500815223104276,0.3543456614721758,0.4295503074131698,0.6000526129943502,공급 먼저,139.84344153274571,0.0
1132051100,도봉구,창1동,대중교통 양호 서민 주거지,False,0.9453922733045196,0.38420145691763224,0.4372075138566767,0.6117587648327939,공급 먼저,0.0,0.0
1132051200,도봉구,창2동,교통 사각 저소득 고령 밀집,False,0.6584337341430878,0.31998777790068433,0.4200045362787558,0.6142356515867657,이동권 우선,0.0,0.0
1132051300,도봉구,창3동,교통 사각 저소득 고령 밀집,True,0.5261621526479014,0.39646981120394753,0.48529158569170816,0.5606150274377374,공급 먼저,91.11778842705291,0.0
1132051400,도봉구,창4동,외곽 차 중심 신주거지,False,0.9483698155156044,0.3542143193243532,0.4488931788101401,0.6416850371216448,공급 먼저,165.54391363076152,0.0
1132051500,도봉구,창5동,교통 사각 저소득 고령 밀집,False,0.7582883874369222,0.37610953376507916,0.45294798564805594,0.5889280427631578,공급 먼저,0.0,0.0
1132052100,도봉구,도봉1동,교통 사각 저소득 고령 밀집,True,0.8361358771300216,0.457496844774144,0.5439802311280807,0.5302000617156963,공급 먼저,89.48497125112456,0.0
1132052200,도봉구,도봉2동,교통 사각 저소득 고령 밀집,True,1.0225560323467076,0.39719513581036625,0.4818323358772478,0.6334586501019841,수요관리 가능,35.05239500040946,297.02016536326676
1135056000,노원구,월계1동,교통 사각 저소득 고령 밀집,True,1.0751812432110393,0.3998802911666205,0.45681334532513107,0.6532821614983113,수요관리 가능,7.563818173339747,117.19294564368433
1135057000,노원구,월계2동,교통 사각 저소득 고령 밀집,True,0.7076439759925329,0.36407237850291196,0.4720502261166876,0.5083823964497042,공급 먼저,125.6244474029342,0.0
1135058000,노원구,월계3동,교통 사각 저소득 고령 밀집,True,1.0571051149304418,0.4130408147268911,0.5120578591932297,0.6102258456552563,수요관리 가능,17.644411128236587,383.42062471531705
1135060000,노원구,공릉2동,외곽 차 중심 신주거지,False,0.36846619197511055,0.4304605699147247,0.47327117564022464,0.649281222611744,공급 먼저,349.32876717935994,0.0
1135061100,노원구,하계1동,교통 사각 저소득 고령 밀집,True,0.7455215418135895,0.28403326435221193,0.41545405956717246,0.5982460580912864,이동권 우선,160.70378736305258,0.0
1135061200,노원구,하계2동,대중교통 양호 서민 주거지,False,1.177965196952024,0.3267474982569543,0.45215971572924113,0.5031458425967096,수요관리 가능,0.0,73.35997964281692
1135061900,노원구,중계본동,외곽 차 중심 신주거지,False,0.45354146610248364,0.45989052168628386,0.5168939119533004,0.5476431308155446,공급 먼저,241.93523920091545,0.0
1135062100,노원구,중계1동,외곽 차 중심 신주거지,False,0.7370977862999427,0.36760977161238484,0.4501788285086238,0.5911324742268041,공급 먼저,87.81822769535506,0.0
1135062400,노원구,중계4동,교통 사각 저소득 고령 밀집,True,0.7495757756173875,0.38997289267060287,0.4605182185199423,0.5752306041091689,공급 먼저,77.40229369894392,0.0
1135063000,노원구,상계1동,교통 사각 저소득 고령 밀집,False,0.8402254405550239,0.3387818686858089,0.4518353338457427,0.6382248081414748,공급 먼저,0.0,0.0
1135064000,노원구,상계2동,대중교통 양호 서민 주거지,False,1.1240202078042725,0.2904140987609921,0.36714316259900714,0.6373389202540579,유지,0.0,0.0
1135067000,노원구,상계5동,대중교통 양호 서민 주거지,False,0.9413749145905577,0.3140572940291855,0.3924009327846935,0.5553908197507191,이동권 우선,0.0,0.0
1135070000,노원구,상계8동,외곽 차 중심 신주거지,False,0.7544634626300786,0.27626617552908367,0.3990846330414268,0.630180362410451,이동권 우선,0.0,0.0
1135071000,노원구,상계9동,대중교통 양호 서민 주거지,False,0.88532832470736,0.32626459143968867,0.3836287485719104,0.6668626102292768,이동권 우선,0.0,0.0
1135072000,노원구,상계10동,대중교통 양호 서민 주거지,False,0.9733704459825021,0.27474472913623615,0.3675554607498804,0.610773937412424,이동권 우선,0.0,0.0
1135066500,노원구,상계3·4동,언덕 위 고령 주거지,False,0.673443878213533,0.3435605358934928,0.43749831163976266,0.5762577886377521,공급 먼저,0.0,0.0
1135069500,노원구,상계6·7동,대중교통 양호 서민 주거지,False,0.8216679566544183,0.27413016647658295,0.37241314873251874,0.6251027874564459,이동권 우선,0.0,0.0
1135062500,노원구,중계2·3동,대중교통 양호 서민 주거지,False,1.091851821192046,0.24724643944679475,0.3689708984529255,0.5239903972422849,유지,0.0,0.0
1135059500,노원구,공릉1동,대중교통 양호 서민 주거지,False,1.3723259880052299,0.2901932527884707,0.3808321243406501,0.6462227862380147,유지,0.0,0.0
1138051000,은평구,녹번동,대중교통 양호 서민 주거지,False,1.165882126526102,0.2573040358480765,0.34977845187904244,0.6352112956235946,유지,0.0,0.0
1138052000,은평구,불광1동,언덕 위 고령 주거지,False,1.0205204152024991,0.2460219930469291,0.3441838567211916,0.6639151245551601,유지,0.0,0.0
1138055100,은평구,갈현1동,언덕 위 고령 주거지,False,0.5904117545288874,0.2576395785167288,0.3077003611964389,0.6364175062972293,이동권 우선,0.0,0.0
1138055200,은평구,갈현2동,교통 사각 저소득 고령 밀집,False,0.7900841566570443,0.3306441076039927,0.41426182071099066,0.5715402052016225,이동권 우선,0.0,0.0
1138056000,은평구,구산동,교통 사각 저소득 고령 밀집,True,0.7141486677033588,0.38760606351044746,0.48178155679080575,0.5986697779524465,공급 먼저,139.5749671213213,0.0
1138057000,은평구,대조동,대중교통 양호 서민 주거지,False,1.3368255903685946,0.26917272664981634,0.41443993433800913,0.6454200819672132,유지,0.0,0.0
1138058000,은평구,응암1동,대중교통 양호 서민 주거지,False,1.0299578054712726,0.25590392324943073,0.3558827374137156,0.5331605780346821,유지,0.0,0.0
1138059000,은평구,응암2동,언덕 위 고령 주거지,False,0.8248161463260745,0.34515800842294064,0.4393559173893513,0.5492034161490683,공급 먼저,0.0,0.0
1138063100,은평구,신사1동,대중교통 양호 서민 주거지,False,1.0934677307607736,0.30594657287473276,0.4051917925845267,0.5642227793696275,유지,0.0,0.0
1138063200,은평구,신사2동,언덕 위 고령 주거지,False,0.756822092693848,0.33459188847820254,0.4298295438432556,0.6090173870653234,공급 먼저,0.0,0.0
1138064000,은평구,증산동,교통 사각 저소득 고령 밀집,True,1.2139545183783553,0.39338227844681445,0.48542896437768734,0.4451050042771599,수요관리 가능,0.0,84.77992601920728
1138065000,은평구,수색동,외곽 차 중심 신주거지,False,0.8386010532954893,0.46533590037408357,0.5727797415174681,0.6152030290626278,공급 먼저,385.7823460019336,0.0
1138069000,은평구,진관동,외곽 차 중심 신주거지,False,0.6316472540354989,0.40957040727483235,0.4799557063786083,0.690322255574614,공급 먼저,502.7580485065555,0.0
1138053000,은평구,불광2동,언덕 위 고령 주거지,False,0.5935016030694807,0.2733555599585314,0.3665118557341543,0.5765092989985694,이동권 우선,0.0,0.0
1138060000,은평구,응암3동,대중교통 양호 서민 주거지,False,1.1392726558023598,0.27042591455676296,0.3790426637661931,0.6127427322404371,유지,0.0,0.0
1138062500,은평구,역촌동,대중교통 양호 서민 주거지,False,0.9633623144239826,0.2966178673845364,0.4068564397213189,0.6324785494689771,이동권 우선,0.0,0.0
1141052000,서대문구,천연동,언덕 위 고령 주거지,False,0.8081083687338046,0.2266695168141627,0.37602862332013237,0.5832772122161316,이동권 우선,0.0,0.0
1141062000,서대문구,홍제1동,언덕 위 고령 주거지,False,1.182620931782887,0.23713782438127606,0.37086654567821337,0.6693852480417755,유지,0.0,0.0
1141064000,서대문구,홍제3동,언덕 위 고령 주거지,False,0.9804274543131853,0.2295996115551416,0.35125463371520743,0.6599026016260162,이동권 우선,0.0,0.0
1141065500,서대문구,홍제2동,언덕 위 고령 주거지,False,1.2759452548804149,0.21721282861382152,0.32164192128360314,0.5332886812045691,유지,0.0,0.0
1141066000,서대문구,홍은1동,언덕 위 고령 주거지,False,0.48930661350632676,0.30932286586399593,0.44434719087735847,0.599553409696324,공급 먼저,0.0,0.0
1141068500,서대문구,홍은2동,언덕 위 고령 주거지,False,0.67391905172126,0.3672392735774964,0.45190372877466867,0.556034725654968,공급 먼저,0.0,0.0
1141069000,서대문구,남가좌1동,고소득 활동 지역,False,1.2253546315311696,0.39538876007940066,0.4961773472527776,0.4899019283746557,수요관리 가능,0.0,104.8825021832197
1141070000,서대문구,남가좌2동,교통 사각 저소득 고령 밀집,False,0.7595138658940346,0.363899176727144,0.42403101801500737,0.6191051546391751,공급 먼저,0.0,0.0
1141071000,서대문구,북가좌1동,고소득 활동 지역,False,1.1155391494346016,0.40498117052433985,0.5118925825859955,0.7116790383804302,수요관리 가능,0.0,150.7050818578414
1141072000,서대문구,북가좌2동,대중교통 양호 서민 주거지,False,0.9883361736024882,0.3159455495748249,0.40029645599688674,0.6717241446725317,이동권 우선,0.0,0.0
1141056500,서대문구,충현동,언덕 위 고령 주거지,False,0.8289423082327122,0.35047631058066536,0.3673304870443446,0.7050818253343825,이동권 우선,0.0,0.0
1141055500,서대문구,북아현동,언덕 위 고령 주거지,False,1.3182613253833741,0.19442483841966698,0.30897062502986977,0.4690721618357488,유지,0.0,0.0
1141058500,서대문구,신촌동,언덕 위 고령 주거지,False,1.0036287306172254,0.4118232051237363,0.3978717643057178,0.6944450920245399,유지,0.0,0.0
1141061500,서대문구,연희동,언덕 위 고령 주거지,False,0.7273820916321142,0.3609086393343593,0.45168861779692215,0.6341314186248912,공급 먼저,0.0,0.0
1144059000,마포구,용강동,고소득 활동 지역,False,1.0858804745658999,0.30125902844463603,0.3900740294142908,0.655702479338843,유지,0.0,0.0
1144060000,마포구,대흥동,대중교통 양호 서민 주거지,False,1.621796614701158,0.20574576231171027,0.270201806879425,0.7274550209205021,유지,0.0,0.0
1144061000,마포구,염리동,언덕 위 고령 주거지,False,0.8442201874127092,0.21332197062611613,0.3371079325089577,0.5246823679185233,이동권 우선,0.0,0.0
1144063000,마포구,신수동,언덕 위 고령 주거지,False,1.1195617616379128,0.30511738766319974,0.4105377841264637,0.6562968388589051,유지,0.0,0.0
1144066000,마포구,서교동,대중교통 양호 서민 주거지,False,1.4049600504180895,0.2449928577974578,0.31234460906416117,0.6343414779499404,유지,0.0,0.0
1144068000,마포구,합정동,대중교통 양호 서민 주거지,False,0.9095638743155257,0.2935964390198922,0.37633533877486924,0.514005055611729,이동권 우선,0.0,0.0
1144069000,마포구,망원1동,대중교통 양호 서민 주거지,False,0.7576671637562845,0.30358456971689096,0.41298232824516984,0.6248747161241484,이동권 우선,0.0,0.0
1144070000,마포구,망원2동,교통 사각 저소득 고령 밀집,False,0.6953006420490363,0.3826885396060237,0.5016967084991787,0.6253600247015232,공급 먼저,0.0,0.0
1144071000,마포구,연남동,언덕 위 고령 주거지,False,0.49678327789137033,0.3409115044066365,0.39557117763179656,0.6729448198198199,이동권 우선,0.0,0.0
1144072000,마포구,성산1동,대중교통 양호 서민 주거지,False,0.9515039333341936,0.328079958471313,0.44530388696605927,0.661004719004719,공급 먼저,0.0,0.0
1144073000,마포구,성산2동,대중교통 양호 서민 주거지,False,1.3030126281674235,0.3742272734244568,0.4813152739909853,0.48780346820809256,수요관리 가능,0.0,322.36185430091183
1144074000,마포구,상암동,외곽 차 중심 신주거지,False,0.9762996778331986,0.518884371904444,0.5552107701922414,0.660716147393649,공급 먼저,1657.2378300796302,0.0
1144058500,마포구,도화동,언덕 위 고령 주거지,False,1.0479435566640851,0.26287126690710044,0.3399340479647744,0.4756042560801144,유지,0.0,0.0
1144065500,마포구,서강동,언덕 위 고령 주거지,False,1.1356278675149474,0.28396566694538805,0.35600665882823246,0.6567966844512195,유지,0.0,0.0
1144056500,마포구,공덕동,언덕 위 고령 주거지,False,1.220523019536259,0.2344294202269816,0.331680247240901,0.6124201525054466,유지,0.0,0.0
1144055500,마포구,아현동,고소득 활동 지역,False,1.2853715299973507,0.23175355066789136,0.3370142716565036,0.6873413646877409,유지,0.0,0.0
1147051000,양천구,목1동,고소득 활동 지역,False,1.131822568859551,0.37600439375123135,0.4671989121140294,0.6341383540958853,수요관리 가능,0.0,256.1039858910851
1147052000,양천구,목2동,외곽 차 중심 신주거지,False,0.6999159945600733,0.3915960705129659,0.4794445743700205,0.6292181845597106,공급 먼저,174.9506744921885,0.0
1147053000,양천구,목3동,교통 사각 저소득 고령 밀집,True,0.9737299570727012,0.44661645462495747,0.545982329141335,0.4394478307637146,공급 먼저,21.28715732047166,0.0
1147054000,양천구,목4동,교통 사각 저소득 고령 밀집,False,0.5341499820940792,0.43458130051510496,0.5154586569827393,0.56036,공급 먼저,0.0,0.0
1147056000,양천구,신월1동,교통 사각 저소득 고령 밀집,True,0.43034968513481164,0.5349769538442716,0.5796380964301028,0.4940738274464389,공급 먼저,138.04607932831294,0.0
1147057000,양천구,신월2동,교통 사각 저소득 고령 밀집,True,0.5554615728606028,0.5215504924256745,0.5594490137969084,0.35070342548076927,공급 먼저,81.11770071865516,0.0
1147058000,양천구,신월3동,교통 사각 저소득 고령 밀집,True,0.4385023994625168,0.576620289539816,0.6099822081700886,0.29173249067550766,공급 먼저,73.93734088280138,0.0
1147059000,양천구,신월4동,교통 사각 저소득 고령 밀집,True,0.7672739500637499,0.5193924795631303,0.5583005679354712,0.32892482833393566,공급 먼저,33.829923550362636,0.0
1147060000,양천구,신월5동,교통 사각 저소득 고령 밀집,True,0.6964578303374289,0.42923855938530875,0.5170171061490899,0.41096323529411766,공급 먼저,57.83637279810377,0.0
1147061000,양천구,신월6동,외곽 차 중심 신주거지,False,0.6435807103224291,0.5271492255727619,0.5896124564216577,0.5824478178368122,공급 먼저,266.62645285330063,0.0
1147061100,양천구,신월7동,교통 사각 저소득 고령 밀집,True,0.40611368461130043,0.5195464387716563,0.573225927338052,0.4685177905308465,공급 먼저,132.71424186503867,0.0
1147062000,양천구,신정1동,외곽 차 중심 신주거지,False,0.9229692413389151,0.36074059764882443,0.4560316338594237,0.4617918956043956,공급 먼저,61.73765240317088,0.0
1147063000,양천구,신정2동,외곽 차 중심 신주거지,False,0.7577671712393511,0.43476393195944146,0.4817215340829025,0.5582012741859368,공급 먼저,124.56907125693296,0.0
1147064000,양천구,신정3동,교통 사각 저소득 고령 밀집,False,0.8165562050427184,0.4204225415640533,0.49815520307174,0.570335101831251,공급 먼저,0.0,0.0
1147067000,양천구,신정6동,외곽 차 중심 신주거지,False,1.0086765551087913,0.3882912637010622,0.4359579875625366,0.5254574557708509,수요관리 가능,28.244602159774416,28.244602159774416
1147068000,양천구,신정7동,교통 사각 저소득 고령 밀집,True,0.9997963504486624,0.382159229473129,0.4661181850471479,0.5868367788461538,공급 먼저,30.248586637133823,0.0
1147055000,양천구,목5동,외곽 차 중심 신주거지,False,0.6213258311863151,0.4400150059325336,0.5069000442769284,0.6018838037457136,공급 먼저,450.6654898004275,0.0
1147065000,양천구,신정4동,대중교통 양호 서민 주거지,False,1.353370689197583,0.3376935803284,0.4298572840380169,0.610468011409943,수요관리 가능,0.0,57.92719605617485
1150051000,강서구,염창동,외곽 차 중심 신주거지,False,0.9328195198260486,0.4319760078632152,0.5043548399179065,0.6187024011299435,공급 먼저,498.39446097263806,0.0
1150052000,강서구,등촌1동,고소득 활동 지역,False,1.2637817798200892,0.421248421342203,0.5056090968177253,0.5873196957236843,수요관리 가능,0.0,346.7454410219111
1150053000,강서구,등촌2동,외곽 차 중심 신주거지,False,0.6423047018850233,0.5172570168747181,0.588086386920007,0.6416368563685637,공급 먼저,375.1300990346414,0.0
1150053500,강서구,등촌3동,교통 사각 저소득 고령 밀집,False,1.0582082189012616,0.38252350871267654,0.501205214181543,0.3995569813352477,수요관리 가능,0.0,542.4791505564551
1150059000,강서구,화곡본동,교통 사각 저소득 고령 밀집,False,0.5387963381619921,0.299612850545694,0.39760778218701226,0.5740376249999999,이동권 우선,0.0,0.0
1150055000,강서구,화곡2동,교통 사각 저소득 고령 밀집,True,0.5524227338790374,0.3324413583703538,0.47428767629378643,0.4550116681071737,공급 먼저,71.79225781817144,0.0
1150056000,강서구,화곡3동,대중교통 양호 서민 주거지,False,0.8137296063174532,0.3242293739291112,0.40562234160694927,0.6254812336339831,이동권 우선,0.0,0.0
1150057000,강서구,화곡4동,교통 사각 저소득 고령 밀집,True,0.3923399959377614,0.43498211269421155,0.5405236240492627,0.5332579627877642,공급 먼저,126.99183629084344,0.0
1150059100,강서구,화곡6동,교통 사각 저소득 고령 밀집,False,0.6147409433144079,0.4450201270971547,0.5088953678252198,0.6240408991570403,공급 먼저,0.0,0.0
1150059300,강서구,화곡8동,대중교통 양호 서민 주거지,False,0.8409526992302913,0.3228905926056468,0.4452993188001308,0.5848621741541874,공급 먼저,0.0,0.0
1150060300,강서구,가양1동,외곽 차 중심 신주거지,False,0.7141693547812299,0.43755008908301224,0.5082084701923139,0.6526107041107041,공급 먼저,1137.3389818434523,0.0
1150060400,강서구,가양2동,교통 사각 저소득 고령 밀집,False,1.0265192480965837,0.33376919320318293,0.4333210668570533,0.5674021802325582,수요관리 가능,0.0,40.46911707789264
1150060500,강서구,가양3동,교통 사각 저소득 고령 밀집,False,1.258417165983385,0.35596927885831864,0.4779434458846997,0.49344979224376734,수요관리 가능,0.0,113.77967067174437
1150061100,강서구,발산1동,외곽 차 중심 신주거지,False,0.654877088222399,0.3731301078134275,0.5000444209212653,0.61332301316431,공급 먼저,594.2640371873889,0.0
1150062000,강서구,공항동,외곽 차 중심 신주거지,False,0.3473820042541243,0.4053756701955323,0.5342882376746798,0.6056737404580153,공급 먼저,1099.9770713370235,0.0
1150063000,강서구,방화1동,대중교통 양호 서민 주거지,False,1.2628941525361992,0.3990225594346416,0.48937166115724934,0.584034650833038,수요관리 가능,0.0,434.012354880114
1150064000,강서구,방화2동,교통 사각 저소득 고령 밀집,True,0.5591119488000521,0.48783610165115515,0.5894758564955163,0.5201856571714143,공급 먼저,352.8014750613843,0.0
1150064100,강서구,방화3동,교통 사각 저소득 고령 밀집,True,0.8416702749808502,0.5134664437294784,0.5982014686713636,0.456869723933379,공급 먼저,89.67896945859947,0.0
1150054000,강서구,화곡1동,대중교통 양호 서민 주거지,False,0.9123975313888016,0.3046007802701196,0.4144581762922089,0.5758480830210435,이동권 우선,0.0,0.0
1150061500,강서구,우장산동,고소득 활동 지역,False,1.066396509518497,0.31476591480746813,0.42318926567402265,0.6175445226130654,수요관리 가능,0.0,22.14141440113351
1153051000,구로구,신도림동,외곽 차 중심 신주거지,False,0.9301191413741025,0.37649230268766487,0.43011533125414303,0.6952009612886463,공급 먼저,46.03635308233075,0.0
1153052000,구로구,구로1동,외곽 차 중심 신주거지,False,0.5799067528182893,0.4987254249337823,0.5682774021615535,0.5560380485527544,공급 먼저,278.2103746073157,0.0
1153054000,구로구,구로3동,대중교통 양호 서민 주거지,False,0.873652713654994,0.21341476114921926,0.3421240218588521,0.5851353088182791,이동권 우선,0.0,0.0
1153055000,구로구,구로4동,대중교통 양호 서민 주거지,False,1.3922985135725154,0.2542439637215671,0.3549923823996397,0.5031359661109593,유지,0.0,0.0
1153056000,구로구,구로5동,대중교통 양호 서민 주거지,False,1.079995788183499,0.32450791278286606,0.42510184270599777,0.6454286622583927,수요관리 가능,0.0,44.00903540277996
1153072000,구로구,고척1동,외곽 차 중심 신주거지,False,0.5904463331535446,0.4774289767103065,0.5350840772426125,0.5889016666666667,공급 먼저,503.42666399689136,0.0
1153073000,구로구,고척2동,교통 사각 저소득 고령 밀집,True,0.4911987836194064,0.4695964770720419,0.5280923556868385,0.33619349988433955,공급 먼저,100.77862051583976,0.0
1153075000,구로구,개봉2동,교통 사각 저소득 고령 밀집,True,0.8420862967703594,0.4066326060107566,0.49947291860457793,0.5102975856260528,공급 먼저,72.15271931496216,0.0
1153076000,구로구,개봉3동,교통 사각 저소득 고령 밀집,True,0.38682055370748863,0.396294342851376,0.4930314719933344,0.5884481375358167,공급 먼저,127.51993574571334,0.0
1153077000,구로구,오류1동,교통 사각 저소득 고령 밀집,False,0.9001226077144383,0.3798957310016744,0.4497133959156662,0.5469150858175248,공급 먼저,0.0,0.0
1153080000,구로구,항동,외곽 차 중심 신주거지,False,0.4638402500557577,0.4100175668094828,0.49577700824054366,0.3773334466349422,공급 먼저,101.32668576171088,0.0
1153079000,구로구,수궁동,교통 사각 저소득 고령 밀집,True,0.6561140415598099,0.30939991304976955,0.41675941185001075,0.5685722651051371,이동권 우선,146.83651462670952,0.0
1153059500,구로구,가리봉동,교통 사각 저소득 고령 밀집,False,1.104649897508669,0.2973897260354795,0.39528278052076615,0.4195644709180098,유지,0.0,0.0
1153053000,구로구,구로2동,교통 사각 저소득 고령 밀집,True,0.8637170517949584,0.42391395670638066,0.5137372421196447,0.49544344299233883,공급 먼저,102.24772546915209,0.0
1153074000,구로구,개봉1동,교통 사각 저소득 고령 밀집,True,0.8930186467085641,0.4202929286375656,0.5127102115541219,0.572922905027933,공급 먼저,77.35950888418631,0.0
1154551000,금천구,가산동,외곽 차 중심 신주거지,False,0.9403919339104023,0.416652408472263,0.45574586973945985,0.5688212785814278,공급 먼저,481.0825008770189,0.0
1154561000,금천구,독산1동,교통 사각 저소득 고령 밀집,True,0.8928649648275585,0.5218777422385779,0.5777423987279989,0.48471219715956554,공급 먼저,132.64033701003282,0.0
1154562000,금천구,독산2동,교통 사각 저소득 고령 밀집,True,0.5850355960264864,0.5184242535956741,0.588442540858795,0.4453010331314571,공급 먼저,64.83389091555381,0.0
1154563000,금천구,독산3동,교통 사각 저소득 고령 밀집,True,0.7830045443886451,0.4221282105534987,0.5188634298955785,0.39970265557939916,공급 먼저,63.65491904043969,0.0
1154564000,금천구,독산4동,교통 사각 저소득 고령 밀집,True,0.70214201519668,0.44295716630839493,0.5207892426177201,0.5107796793760832,공급 먼저,56.872712673180914,0.0
1154567000,금천구,시흥1동,교통 사각 저소득 고령 밀집,True,0.8332804042799803,0.503066200639789,0.5875065099692103,0.4466010449526814,공급 먼저,90.14100953046746,0.0
1154568000,금천구,시흥2동,교통 사각 저소득 고령 밀집,False,0.32416648375906504,0.4580775586353944,0.5499561792822829,0.5826083978558666,공급 먼저,0.0,0.0
1154569000,금천구,시흥3동,교통 사각 저소득 고령 밀집,True,0.584948154386934,0.6466858978872286,0.6985752721919537,0.6045875873186459,공급 먼저,83.64031847209192,0.0
1154570000,금천구,시흥4동,교통 사각 저소득 고령 밀집,True,0.5678141125892132,0.4772539000380576,0.5418069407847491,0.5324311351035891,공급 먼저,67.89730042564003,0.0
1154571000,금천구,시흥5동,교통 사각 저소득 고령 밀집,True,0.5965400560886597,0.48189977511269655,0.5544188082714006,0.4527211019596705,공급 먼저,79.92212840839616,0.0
1156054000,영등포구,여의동,고소득 활동 지역,False,1.1654530290634244,0.421462627722311,0.3976052627615621,0.7119151865895031,유지,0.0,0.0
1156055000,영등포구,당산1동,대중교통 양호 서민 주거지,False,1.3566424726653716,0.3359177063157735,0.40172452755289,0.580625483372003,유지,0.0,0.0
1156056000,영등포구,당산2동,고소득 활동 지역,False,1.0880086056820775,0.33137427720199325,0.3974389845475953,0.6272930892070485,유지,0.0,0.0
1156061000,영등포구,양평1동,외곽 차 중심 신주거지,False,1.1814226584673526,0.47342407349192234,0.4986075652111081,0.6319774728120146,수요관리 가능,323.4628812671147,323.4628812671147
1156062000,영등포구,양평2동,외곽 차 중심 신주거지,False,0.8251885030726047,0.4345404441823732,0.4816070347052794,0.5727042878265155,공급 먼저,295.9247391951542,0.0
1156063000,영등포구,신길1동,대중교통 양호 서민 주거지,False,0.9829062735204419,0.3493637875390729,0.46364559177683373,0.5656609322974472,공급 먼저,0.0,0.0
1156065000,영등포구,신길3동,교통 사각 저소득 고령 밀집,True,0.8415170872511667,0.4104862788394901,0.4613878957059046,0.36441938046068306,공급 먼저,29.14363747078371,0.0
1156066000,영등포구,신길4동,교통 사각 저소득 고령 밀집,True,0.7624828305126267,0.37327276868335996,0.4766967515151354,0.42897641250685675,공급 먼저,34.877205700201074,0.0
1156067000,영등포구,신길5동,교통 사각 저소득 고령 밀집,True,1.0983201816204218,0.3913207990112477,0.4912735761407331,0.38204904458598726,수요관리 가능,0.0,60.1201252459345
1156068000,영등포구,신길6동,대중교통 양호 서민 주거지,False,1.4942186716153552,0.2788327199077167,0.38232081380327215,0.6411121551379448,유지,0.0,0.0
1156069000,영등포구,신길7동,고소득 활동 지역,False,1.30589203405865,0.35872346377244874,0.43423091014927384,0.6522684958353749,수요관리 가능,0.0,26.825646636934934
1156070000,영등포구,대림1동,교통 사각 저소득 고령 밀집,True,0.6680631874320173,0.3979743646980636,0.482932065797275,0.5458520388349515,공급 먼저,73.17971249491254,0.0
1156071000,영등포구,대림2동,대중교통 양호 서민 주거지,False,1.122361701212692,0.28571479662177746,0.3702954548613032,0.41988531905399373,유지,0.0,0.0
1156072000,영등포구,대림3동,교통 사각 저소득 고령 밀집,True,0.7961135642887207,0.32078165159583466,0.44523509683252616,0.5502483155530601,공급 먼저,92.700179752471,0.0
1156051500,영등포구,영등포본동,대중교통 양호 서민 주거지,False,1.1726374530546642,0.3122157350127143,0.4184849266689117,0.4226827160493827,유지,0.0,0.0
1156053500,영등포구,영등포동,대중교통 양호 서민 주거지,False,1.3241343676159332,0.3356895874646591,0.44086827105288656,0.5283084376261606,수요관리 가능,0.0,210.4219856033826
1156058500,영등포구,도림동,교통 사각 저소득 고령 밀집,True,0.6584375684048388,0.3948864434558652,0.47487982360765246,0.6120411280846064,공급 먼저,88.42159189082051,0.0
1156060500,영등포구,문래동,외곽 차 중심 신주거지,False,0.9816460632818188,0.3919180040261959,0.4441286704824562,0.5964580967829143,공급 먼저,170.95898243334736,0.0
1159052000,동작구,노량진2동,교통 사각 저소득 고령 밀집,False,0.9343060548722779,0.32668690487579205,0.4084581435953539,0.5525711261642676,이동권 우선,0.0,0.0
1159053000,동작구,상도1동,언덕 위 고령 주거지,False,1.232502224307372,0.29870837259408634,0.34134538169222645,0.6392540461432508,유지,0.0,0.0
1159054000,동작구,상도2동,대중교통 양호 서민 주거지,False,1.4493516396391537,0.2462249410375008,0.3514105353955858,0.6470133274751025,유지,0.0,0.0
1159055000,동작구,상도3동,언덕 위 고령 주거지,False,0.768087935927967,0.25103356547317685,0.34808661905671034,0.5740354908893119,이동권 우선,0.0,0.0
1159056000,동작구,상도4동,교통 사각 저소득 고령 밀집,False,0.506095043696513,0.3169597557310302,0.42338799561808377,0.4411182950191571,공급 먼저,0.0,0.0
1159062000,동작구,사당1동,대중교통 양호 서민 주거지,False,0.9377312090616248,0.19441852442532584,0.2910583899962047,0.6581687353237169,이동권 우선,0.0,0.0
1159064000,동작구,사당3동,언덕 위 고령 주거지,False,0.9845951567920155,0.31159896470397425,0.41378411450609603,0.5574694181326117,이동권 우선,0.0,0.0
1159065000,동작구,사당4동,언덕 위 고령 주거지,False,0.6252028181531484,0.2982906920374929,0.3828455424466403,0.6034593495934959,이동권 우선,0.0,0.0
1159065100,동작구,사당5동,언덕 위 고령 주거지,False,0.9167236372898603,0.29424953893491573,0.4084314067593404,0.6885414893617021,이동권 우선,0.0,0.0
1159066000,동작구,대방동,대중교통 양호 서민 주거지,False,1.2594603259005501,0.2860974641377377,0.3871879982521483,0.6332372109320252,유지,0.0,0.0
1159067000,동작구,신대방1동,대중교통 양호 서민 주거지,False,0.9477843078910664,0.3058180683364623,0.38956859570558955,0.6064537774944214,이동권 우선,0.0,0.0
1159068000,동작구,신대방2동,대중교통 양호 서민 주거지,False,1.4812996433672752,0.2542067234514083,0.3373023273476481,0.6323079985522982,유지,0.0,0.0
1159060500,동작구,흑석동,언덕 위 고령 주거지,False,0.8050980395643741,0.359000834503243,0.4164069243292485,0.6404204400102329,이동권 우선,0.0,0.0
1159051000,동작구,노량진1동,언덕 위 고령 주거지,False,1.1224509233531192,0.3087318388720625,0.35770315689267973,0.4720667681600696,유지,0.0,0.0
1159063000,동작구,사당2동,언덕 위 고령 주거지,False,0.6189225673534647,0.2574007208792878,0.37089157753411633,0.6877356131031431,이동권 우선,0.0,0.0
1162052500,관악구,보라매동,언덕 위 고령 주거지,False,0.934139927763322,0.25153978579362096,0.34366491518244546,0.5691748406760876,이동권 우선,0.0,0.0
1162054500,관악구,청림동,언덕 위 고령 주거지,False,0.4976958525345622,0.27675482626203063,0.4306704970344238,0.507905833716123,공급 먼저,0.0,0.0
1162057500,관악구,행운동,언덕 위 고령 주거지,False,0.9819706789898804,0.260387080934136,0.3422050016919774,0.5958522371045881,이동권 우선,0.0,0.0
1162058500,관악구,낙성대동,언덕 위 고령 주거지,False,0.7443529083009167,0.268725048495877,0.3296877326004614,0.620636047979798,이동권 우선,0.0,0.0
1162061500,관악구,중앙동,대중교통 양호 서민 주거지,False,1.0442114308951134,0.2048260699771865,0.3002910535064276,0.5845047593865679,유지,0.0,0.0
1162062500,관악구,인헌동,언덕 위 고령 주거지,False,0.574776595185534,0.21284814094269713,0.314207725895748,0.6300683398850923,이동권 우선,0.0,0.0
1162063000,관악구,남현동,언덕 위 고령 주거지,False,0.5845323524289594,0.233408547967122,0.3574314973810377,0.6706608084358524,이동권 우선,0.0,0.0
1162064500,관악구,서원동,대중교통 양호 서민 주거지,False,1.56423062962176,0.17229450888529357,0.24796258297760596,0.6113773191972738,유지,0.0,0.0
1162065500,관악구,신원동,언덕 위 고령 주거지,False,0.727250920912255,0.2245709725086098,0.3011087311422663,0.42072232897770945,이동권 우선,0.0,0.0
1162066500,관악구,서림동,언덕 위 고령 주거지,False,1.1070815510440388,0.2693006622254044,0.3607290149942801,0.5984100968188104,유지,0.0,0.0
1162068500,관악구,신사동,대중교통 양호 서민 주거지,False,0.8386799223898749,0.23610157610144444,0.31593272757602703,0.474350674715909,이동권 우선,0.0,0.0
1162069500,관악구,신림동,대중교통 양호 서민 주거지,False,1.6463232854928576,0.19700716605171883,0.29116229050203557,0.6813759973404254,유지,0.0,0.0
1162071500,관악구,난향동,언덕 위 고령 주거지,False,0.5459741904429939,0.3114213901552739,0.4518088212318405,0.44663149570718486,공급 먼저,0.0,0.0
1162072500,관악구,조원동,대중교통 양호 서민 주거지,False,0.9446801419611218,0.3604622776242171,0.43860688549950166,0.6046471210838272,공급 먼저,0.0,0.0
1162073500,관악구,대학동,언덕 위 고령 주거지,False,0.6467952864863675,0.29604106736239494,0.37755739095787844,0.5816235772357723,이동권 우선,0.0,0.0
1162060500,관악구,은천동,대중교통 양호 서민 주거지,False,0.9675482249853531,0.2547552047064895,0.3490244496319951,0.5100802325581396,이동권 우선,0.0,0.0
1162056500,관악구,성현동,언덕 위 고령 주거지,False,0.4413542606924421,0.2567540195020068,0.39058037099118265,0.6103577354260089,이동권 우선,0.0,0.0
1162059500,관악구,청룡동,언덕 위 고령 주거지,False,1.0570646209534729,0.1751172238267608,0.28407015461929247,0.6031625569552399,유지,0.0,0.0
1162077500,관악구,난곡동,교통 사각 저소득 고령 밀집,True,0.44234158519920014,0.30297446615593854,0.38298322304979393,0.3667011282523601,이동권 우선,139.38088024024375,0.0
1162074500,관악구,삼성동,언덕 위 고령 주거지,True,0.771896193179258,0.2688293696042269,0.35927013637663807,0.5871360319270239,이동권 우선,79.11805038563362,0.0
1162076500,관악구,미성동,교통 사각 저소득 고령 밀집,True,0.6509502067346397,0.33891670627807174,0.40639913693509516,0.5903178481543625,이동권 우선,156.23329391836472,0.0
1165051000,서초구,서초1동,고소득 활동 지역,False,0.8181226923295617,0.2771449480378785,0.36520681827958074,0.7277318725099602,이동권 우선,0.0,0.0
1165052000,서초구,서초2동,고소득 활동 지역,False,1.0166998322869132,0.27564230323235245,0.32686427830378545,0.7587931466778103,유지,0.0,0.0
1165053000,서초구,서초3동,고소득 활동 지역,False,1.0891000222349096,0.28002008357433766,0.3719951412123932,0.7340120967741935,유지,0.0,0.0
1165053100,서초구,서초4동,고소득 활동 지역,False,1.0662794469999257,0.2586729509262252,0.324623072783121,0.7603501727115718,유지,0.0,0.0
1165054000,서초구,잠원동,고소득 활동 지역,False,1.004707453865305,0.3456255212484817,0.45110298995877923,0.7727238481599537,수요관리 가능,0.0,181.67225234748662
1165055000,서초구,반포본동,외곽 차 중심 신주거지,False,1.0589576887372785,0.45183105908406546,0.6254087506288736,1.0329927007299269,수요관리 가능,247.9316953661544,247.9316953661544
1165056000,서초구,반포1동,고소득 활동 지역,False,1.2757648063799778,0.3280926811143085,0.43820229005272854,0.7773641994917407,수요관리 가능,0.0,92.91692560180809
1165057000,서초구,반포2동,고소득 활동 지역,False,1.1380799763286842,0.36950337674880174,0.5211742325154949,0.7852578892005609,수요관리 가능,0.0,422.8910837843681
1165058000,서초구,반포3동,고소득 활동 지역,False,1.0767333580135143,0.32156559095223874,0.43570919713641865,0.7341915393654523,수요관리 가능,0.0,75.66947184345678
1165058100,서초구,반포4동,고소득 활동 지역,False,0.8081138608784345,0.35428880014206454,0.40479959958742995,0.7474950472760017,이동권 우선,0.0,0.0
1165059000,서초구,방배본동,고소득 활동 지역,False,0.6754593331613149,0.38436816550777336,0.4952549387434866,0.6987124594155845,공급 먼저,0.0,0.0
1165060000,서초구,방배1동,고소득 활동 지역,False,1.3412251036176024,0.27345991858422153,0.3496464750437738,0.7176546025104603,유지,0.0,0.0
1165061000,서초구,방배2동,언덕 위 고령 주거지,False,0.8928726213001719,0.2556782427441864,0.3745507052447847,0.7903458563535911,이동권 우선,0.0,0.0
1165062000,서초구,방배3동,외곽 차 중심 신주거지,False,0.8385962308887209,0.3039262348029382,0.39205705643163186,0.6418026719229084,이동권 우선,0.0,0.0
1165062100,서초구,방배4동,고소득 활동 지역,False,1.0106882379183248,0.35974933661990444,0.443531426041109,0.7206926981008513,수요관리 가능,0.0,94.6962122353087
1165065100,서초구,양재1동,외곽 차 중심 신주거지,False,0.5408173318985052,0.4192455626012081,0.49371898283915305,0.6468762635064483,공급 먼저,791.2103689328467,0.0
1165065200,서초구,양재2동,외곽 차 중심 신주거지,False,0.4685588556698528,0.5564810681600841,0.6158188708490596,0.6223472812234494,공급 먼저,2072.5128705493735,0.0
1165066000,서초구,내곡동,외곽 차 중심 신주거지,False,0.32008419039480535,0.6122265741405184,0.7204426108126291,0.6148935652824542,공급 먼저,1696.7021943599204,0.0
1168051000,강남구,신사동,고소득 활동 지역,False,0.8560668401135245,0.380753336044643,0.4259136588570561,0.7217163599182005,공급 먼저,0.0,0.0
1168052100,강남구,논현1동,고소득 활동 지역,False,1.1389004853435438,0.3180929029699371,0.3796629580324521,0.6678995204882302,유지,0.0,0.0
1168053100,강남구,논현2동,고소득 활동 지역,False,1.1360248173460046,0.32010839106673167,0.37430326552597876,0.7025863058630587,유지,0.0,0.0
1168058000,강남구,삼성1동,고소득 활동 지역,False,1.106959651597196,0.32532734143803504,0.3388915486621632,0.8035563492063492,유지,0.0,0.0
1168059000,강남구,삼성2동,고소득 활동 지역,False,1.1787021258834611,0.22171593851796018,0.3375782145697146,0.6992246514575412,유지,0.0,0.0
1168060000,강남구,대치1동,고소득 활동 지역,False,1.5043065612216302,0.32654678148526123,0.4135732089973982,0.7649061441702952,유지,0.0,0.0
1168063000,강남구,대치4동,고소득 활동 지역,False,0.9512373594029178,0.23185363546459126,0.3469758097235479,0.6936315950920245,이동권 우선,0.0,0.0
1168064000,강남구,역삼1동,고소득 활동 지역,False,1.0741911021894417,0.24657588761286636,0.3387625122389421,0.6796992547906316,유지,0.0,0.0
1168065000,강남구,역삼2동,고소득 활동 지역,False,1.0798604725823218,0.33540596630795794,0.39947434402244353,0.723331279147235,유지,0.0,0.0
1168065500,강남구,도곡1동,고소득 활동 지역,False,0.974856676390197,0.3096224176329943,0.4076651011410188,0.7486641253706057,이동권 우선,0.0,0.0
1168065600,강남구,도곡2동,고소득 활동 지역,False,1.359088815427598,0.3809291267060802,0.4540247491456297,0.6194943820224719,수요관리 가능,0.0,147.99896290198367
1168066000,강남구,개포1동,외곽 차 중심 신주거지,False,0.6447060710994328,0.4426784457241937,0.5683071940554425,0.797885497470489,공급 먼저,386.0344920122316,0.0
1168069000,강남구,개포4동,외곽 차 중심 신주거지,False,0.6958719773667195,0.45355558362141135,0.5840149505727241,0.7112648367952523,공급 먼저,483.49295808964933,0.0
1168072000,강남구,일원본동,외곽 차 중심 신주거지,False,0.9060530277336439,0.5160436358958782,0.5450129862768557,0.6580987460815048,공급 먼저,506.82218812789887,0.0
1168073000,강남구,일원1동,교통 사각 저소득 고령 밀집,True,0.3153132899806765,0.46857347345982725,0.5643516501249913,0.46856482889733836,공급 먼저,144.545683354066,0.0
1168067500,강남구,개포3동,교통 사각 저소득 고령 밀집,True,0.6174453706742846,0.3454503087221229,0.4628546379804915,0.48889163854518186,공급 먼저,133.39711666417728,0.0
1168075000,강남구,수서동,교통 사각 저소득 고령 밀집,True,0.6928698641218635,0.4403005109418057,0.486830681247185,0.5699035043169121,공급 먼저,264.21059963255044,0.0
1168070000,강남구,세곡동,외곽 차 중심 신주거지,False,0.4285944049719889,0.5477489812129861,0.6295572438344943,0.6387048321193818,공급 먼저,1369.4571004880609,0.0
1168054500,강남구,압구정동,고소득 활동 지역,False,0.8709572045826856,0.38193228284191716,0.4321297823685193,0.6667351254480287,공급 먼저,0.0,0.0
1168056500,강남구,청담동,고소득 활동 지역,False,0.7930989998648427,0.38645343879527844,0.4506653173604909,0.7187844512195123,공급 먼저,0.0,0.0
1168061000,강남구,대치2동,고소득 활동 지역,False,1.1618423192626957,0.3793424289782015,0.3988319007258637,0.7226629293893131,유지,0.0,0.0
1168067000,강남구,개포2동,외곽 차 중심 신주거지,False,1.1369921644728145,0.39870814250557424,0.5103395883071316,0.7325263788968825,수요관리 가능,356.35650679013037,356.35650679013037
1171051000,송파구,풍납1동,교통 사각 저소득 고령 밀집,False,0.6341513055818315,0.3871209334442162,0.48804669622958596,0.6791737773152965,공급 먼저,0.0,0.0
1171052000,송파구,풍납2동,외곽 차 중심 신주거지,False,0.47272798293417984,0.6044153631102056,0.5859797738112944,0.6916041802743305,공급 먼저,909.8558532546622,0.0
1171053100,송파구,거여1동,대중교통 양호 서민 주거지,False,1.0486165747513625,0.38529481132075466,0.49635201450210054,0.612724902534113,수요관리 가능,0.0,117.62498388732635
1171053200,송파구,거여2동,대중교통 양호 서민 주거지,False,1.0770006596772999,0.37324212827802056,0.49112544987285023,0.6234101027397261,수요관리 가능,0.0,166.03626127348636
1171054000,송파구,마천1동,교통 사각 저소득 고령 밀집,True,1.1810342653912127,0.4965144820814924,0.5791910189273167,0.4122429065743945,수요관리 가능,0.0,183.05695282678946
1171055000,송파구,마천2동,교통 사각 저소득 고령 밀집,True,0.6159337955816648,0.4318941791924174,0.5357794860204482,0.573407179333133,공급 먼저,73.43734841539745,0.0
1171056100,송파구,방이1동,외곽 차 중심 신주거지,False,0.8999914768887642,0.4123583026960785,0.4936194632886054,0.7186368778280543,공급 먼저,165.39645609879312,0.0
1171056200,송파구,방이2동,대중교통 양호 서민 주거지,False,1.2622660547846776,0.32151930204802537,0.3994782028190616,0.6516737438075018,유지,0.0,0.0
1171056600,송파구,오륜동,외곽 차 중심 신주거지,False,0.6164049775066087,0.4002587263712087,0.5409040282575219,0.8043605669028763,공급 먼저,427.1065691755333,0.0
1171057000,송파구,오금동,외곽 차 중심 신주거지,False,0.8860446342514181,0.42185352693044087,0.5152030119440538,0.6980752279635257,공급 먼저,432.7331394345229,0.0
1171058000,송파구,송파1동,대중교통 양호 서민 주거지,False,1.26503819175673,0.29880319383720905,0.3887886395870662,0.724053671263511,유지,0.0,0.0
1171059000,송파구,송파2동,외곽 차 중심 신주거지,False,0.798597395807394,0.38490900998539035,0.47705291880957884,0.7262040347293156,공급 먼저,100.23261084116552,0.0
1171060000,송파구,석촌동,대중교통 양호 서민 주거지,False,1.0991308625406073,0.32572686655307215,0.41671256415820657,0.7087249159192824,유지,0.0,0.0
1171061000,송파구,삼전동,대중교통 양호 서민 주거지,False,0.9344805094299228,0.33490150092226967,0.46380967978690846,0.6580742478162407,공급 먼저,0.0,0.0
1171062000,송파구,가락본동,외곽 차 중심 신주거지,False,1.0605825603636156,0.42939264515056885,0.532383323014429,0.719189371005718,수요관리 가능,757.2443527076132,757.2443527076132
1171063100,송파구,가락1동,외곽 차 중심 신주거지,False,0.6191615602940064,0.48982977449939835,0.5860948500323098,0.7916779065683176,공급 먼저,837.811769427414,0.0
1171063200,송파구,가락2동,외곽 차 중심 신주거지,False,1.120543384491393,0.3762450358553422,0.4821504378131572,0.7141173418145297,수요관리 가능,187.9748160161824,187.9748160161824
1171064100,송파구,문정1동,외곽 차 중심 신주거지,False,1.0125180980412705,0.4478299873964594,0.5158690587358631,0.661646725440806,수요관리 가능,250.18918485601603,250.18918485601603
1171064200,송파구,문정2동,외곽 차 중심 신주거지,False,0.6933050746852434,0.44360212991916925,0.5410640919636256,0.7026731818181818,공급 먼저,1564.7075573289758,0.0
1171065000,송파구,잠실본동,대중교통 양호 서민 주거지,False,0.7819935882132725,0.3095064086281031,0.39715326811624474,0.7407513850415512,이동권 우선,0.0,0.0
1171069000,송파구,잠실4동,고소득 활동 지역,False,1.1091370550139568,0.35619806608075427,0.46646004873370167,0.8617489325362937,수요관리 가능,0.0,171.89108983422418
1171071000,송파구,잠실6동,고소득 활동 지역,False,1.4021188636602486,0.31833078263511944,0.36192365519366615,0.7846972727272726,유지,0.0,0.0
1171072000,송파구,잠실7동,외곽 차 중심 신주거지,False,0.5430903636403159,0.3578353554100137,0.423215011430504,0.6552616150442477,공급 먼저,13.482371341270149,0.0
1171067000,송파구,잠실2동,외곽 차 중심 신주거지,False,0.6467422930025544,0.3624580150900791,0.4559058093202109,0.7854778185456972,공급 먼저,186.26009408232244,0.0
1171068000,송파구,잠실3동,고소득 활동 지역,False,0.8805205026864309,0.32500037528282444,0.4371525916746189,0.7688082901554404,공급 먼저,0.0,0.0
1171064600,송파구,장지동,외곽 차 중심 신주거지,False,0.9410298167832193,0.40350327079489445,0.5242851327697962,0.6789171659286273,공급 먼저,377.81323132478394,0.0
1171064700,송파구,위례동,외곽 차 중심 신주거지,False,0.6707632944391836,0.5341029996092345,0.6228576604928011,0.7186893939393939,공급 먼저,1001.8260465311672,0.0
1174052600,강동구,상일제2동,외곽 차 중심 신주거지,False,0.40785701632463556,0.4541389882929089,0.61562135922035,0.7518485221674877,공급 먼저,579.1989399752943,0.0
1174052500,강동구,상일제1동,외곽 차 중심 신주거지,False,0.6252101265596793,0.4401340052264429,0.5270145290881302,0.7881544137742552,공급 먼저,604.394188267634,0.0
1174053000,강동구,명일1동,고소득 활동 지역,False,1.3782530506871014,0.3331737339076631,0.4181170105913746,0.7424103816793893,유지,0.0,0.0
1174054000,강동구,명일2동,외곽 차 중심 신주거지,False,0.9725792659914845,0.32340029812495097,0.45089709778458675,0.7112996673003803,공급 먼저,96.42924482506103,0.0
1174055000,강동구,고덕1동,외곽 차 중심 신주거지,False,0.48930770453876493,0.47111528949591375,0.5807331063990459,0.6387177419354838,공급 먼저,406.3254416855376,0.0
1174056000,강동구,고덕2동,외곽 차 중심 신주거지,False,0.4705549595237263,0.37408590880593523,0.5220186749487447,0.7156766717325228,공급 먼저,407.51896629692817,0.0
1174058000,강동구,암사2동,외곽 차 중심 신주거지,False,0.49482565558061964,0.40534898067336833,0.4929337655639156,0.6584538381742738,공급 먼저,133.47648409184342,0.0
1174059000,강동구,암사3동,외곽 차 중심 신주거지,False,0.48895047641572853,0.4490105213097936,0.5198754247878032,0.6509534246575343,공급 먼저,174.3921025243168,0.0
1174060000,강동구,천호1동,대중교통 양호 서민 주거지,False,0.752154031168657,0.3598778884880572,0.4754700314528889,0.6398599511599512,공급 먼저,0.0,0.0
1174062000,강동구,천호3동,대중교통 양호 서민 주거지,False,0.6731419169090193,0.3392059653107254,0.4386520968840984,0.6791890612674205,공급 먼저,0.0,0.0
1174064000,강동구,성내1동,외곽 차 중심 신주거지,False,0.898222403791933,0.42680109347134176,0.498224060389373,0.7552129516849371,공급 먼저,236.60197456038955,0.0
1174065000,강동구,성내2동,대중교통 양호 서민 주거지,False,1.0342615105644852,0.32183164686928634,0.39977644209094443,0.6855225404026085,유지,0.0,0.0
1174066000,강동구,성내3동,대중교통 양호 서민 주거지,False,0.8836372669307736,0.4011781247734529,0.5136552975801805,0.728955928979074,공급 먼저,0.0,0.0
1174069000,강동구,둔촌1동,외곽 차 중심 신주거지,False,0.6389818669189495,0.4596547871425557,0.5450211978800937,0.9064578374702482,공급 먼저,469.7012991128848,0.0
1174070000,강동구,둔촌2동,외곽 차 중심 신주거지,False,0.756323765930208,0.4465032667800683,0.5151795089599224,0.7282489866821078,공급 먼저,327.05060444443484,0.0
1174057000,강동구,암사1동,외곽 차 중심 신주거지,True,0.6160064305595522,0.40312254309259404,0.578352452747488,0.6793567170111288,공급 먼저,290.7076102304545,0.0
1174061000,강동구,천호2동,대중교통 양호 서민 주거지,False,0.7041100787855704,0.31379026862016374,0.4435238524312812,0.6316637327465493,공급 먼저,0.0,0.0
1174068500,강동구,길동,외곽 차 중심 신주거지,False,0.9060547873759746,0.41386490950496496,0.5035702866228198,0.6700336919169281,공급 먼저,802.0598594539518,0.0
1153078000,구로구,오류2동,교통 사각 저소득 고령 밀집,True,0.7799706946753441,0.3406461690053907,0.4414139071597687,0.6395135833333334,공급 먼저,163.26444978037446,0.0
1174051500,강동구,강일동,외곽 차 중심 신주거지,False,0.6390184958288272,0.38814046291700205,0.54188368866647,0.7233786606373815,공급 먼저,616.4866157433678,0.0
1123053300,동대문구,용두동,대중교통 양호 서민 주거지,False,1.502986195092293,0.20408065978178955,0.3627594509438578,0.4398955891425047,유지,0.0,0.0
