정책,구,동,판별,B고령자지수,"고령자지수_순위(낮은순, 427개 중)",동네전체_차량분담,C유형,C_1순위
녹색교통지역 (한양도성 15개 동),종로구,사직동,유지,1.1900491196552974,354,0.3174795827362266,고소득 활동 지역,False
녹색교통지역 (한양도성 15개 동),종로구,삼청동,공급 먼저,0.490763334156,32,0.42757495222636155,언덕 위 고령 주거지,True
녹색교통지역 (한양도성 15개 동),종로구,가회동,이동권 우선,0.6406243140964939,85,0.2876135232772999,언덕 위 고령 주거지,False
녹색교통지역 (한양도성 15개 동),종로구,종로1·2·3·4가동,유지,1.6142080118543163,417,0.2415214971132239,대중교통 양호 서민 주거지,False
녹색교통지역 (한양도성 15개 동),종로구,종로5·6가동,유지,1.5939435242461646,415,0.2801461997053707,대중교통 양호 서민 주거지,False
녹색교통지역 (한양도성 15개 동),종로구,이화동,유지,1.0362287097008895,280,0.35463204266101334,언덕 위 고령 주거지,False
녹색교통지역 (한양도성 15개 동),종로구,청운효자동,이동권 우선,0.47644553721458643,28,0.4174439309004312,언덕 위 고령 주거지,False
녹색교통지역 (한양도성 15개 동),종로구,혜화동,이동권 우선,0.7003866165768003,115,0.30730390793042095,언덕 위 고령 주거지,False
녹색교통지역 (한양도성 15개 동),중구,소공동,유지,1.6106170423136064,416,0.22980456134055247,고소득 활동 지역,False
녹색교통지역 (한양도성 15개 동),중구,회현동,유지,1.8061230275159714,425,0.2570226688754418,고소득 활동 지역,False
녹색교통지역 (한양도성 15개 동),중구,명동,유지,1.783120752827648,424,0.25200708622706225,고소득 활동 지역,False
녹색교통지역 (한양도성 15개 동),중구,필동,이동권 우선,0.8656004067189748,191,0.29487203017025154,언덕 위 고령 주거지,False
녹색교통지역 (한양도성 15개 동),중구,장충동,유지,1.1061325066450374,314,0.3951948459735834,언덕 위 고령 주거지,False
녹색교통지역 (한양도성 15개 동),중구,광희동,유지,1.8700838756534048,427,0.2634188042100083,대중교통 양호 서민 주거지,False
녹색교통지역 (한양도성 15개 동),중구,을지로동,유지,1.8216305581835306,426,0.24172736607463102,고소득 활동 지역,False
동작CALL버스 (사당3·4동),동작구,사당3동,이동권 우선,0.9845951567920155,252,0.41378411450609603,언덕 위 고령 주거지,False
동작CALL버스 (사당3·4동),동작구,사당4동,이동권 우선,0.6252028181531484,77,0.3828455424466403,언덕 위 고령 주거지,False
