,전체_승차(평일 하루),우대권_승차,우대권_비중,우대권_하루중_비중,전체_하루중_비중
06시간대이전,67634.10612244898,23312.583673469388,0.3446868009353571,0.026285651948721067,0.013140218042444172
06-07시간대,152120.3306122449,29153.13469387755,0.19164522307139184,0.03287105206831018,0.02955453139743831
07-08시간대,411799.0163265306,38874.510204081635,0.09440165872872461,0.04383220063524707,0.08000591971154311
08-09시간대,493276.98775510205,49468.60408163265,0.10028565148916373,0.05577736588496134,0.09583577792374622
09-10시간대,285162.02857142856,56651.34693877551,0.198663711373428,0.06387612839985517,0.05540239159914821
10-11시간대,197764.78775510204,60901.61632653061,0.30794974685759974,0.06866843728245993,0.03842251463359235
11-12시간대,195516.67346938775,64347.0693877551,0.3291129510641454,0.0725532911125427,0.03798574221813177
12-13시간대,212544.56326530612,66717.09795918368,0.3138969867505145,0.07522557089970304,0.04129398708967611
13-14시간대,219961.0367346939,68139.7306122449,0.309780912218702,0.07682963277860191,0.042734888494025576
14-15시간대,229967.64897959185,74488.51020408163,0.32390864773632577,0.0839880761749931,0.04467901216627601
15-16시간대,269831.2244897959,83170.0081632653,0.3082297399810766,0.09377673096096319,0.05242386316212077
16-17시간대,329157.1306122449,76331.4693877551,0.2318997897623413,0.08606606908801674,0.06394993169037481
17-18시간대,478527.0653061225,63862.767346938774,0.1334569598609529,0.07200722573166256,0.09297010543688233
18-19시간대,600827.5877551021,47386.795918367345,0.07886920787945285,0.05343006343363015,0.1167311281489282
19-20시간대,301070.03673469386,31474.595918367348,0.10454243889471837,0.0354885706846116,0.05849306149737735
20-21시간대,232346.60408163266,23766.8693877551,0.10229058213136116,0.0267978730023051,0.04514120484606698
21-22시간대,215315.9224489796,16692.751020408163,0.07752678404154532,0.01882158792585721,0.04183241756558821
22-23시간대,165996.01224489795,8797.248979591837,0.05299674890149193,0.00991916760590351,0.03225035296726135
23-24시간대,72431.23673469388,2817.3836734693878,0.03889735700343064,0.003176686363215286,0.014072223295960182
24시간대이후,15856.836734693878,539.7795918367347,0.034040811598679506,0.0006086180184391202,0.0030807281134178663
