코드,일수,KT_하루평균(전체),상관_전체_vs_카드일반,상관_70대_vs_카드우대권,시간대모양_상관_vs_카드,01~04시_비중,평균_직선거리_km,판별
1,152,16909.209144736844,-0.03541515806110923,0.6093388746036088,0.3479635221695388,4.756828651052064e-05,408.9868564667117,항공
2,152,99443.38769736842,-0.33292895734023453,0.7991036315640653,0.6373724211281849,0.002182467620116625,164.33916620684866,기차
3,152,31.716776315789474,-0.3995663312415414,0.08841445862185082,0.3892147141061713,0.01553220838216534,8.117616477272726,고속버스
4,152,103311.38493421052,0.9114335457124367,0.9084633756227969,0.6898211107468676,0.018714531278116744,3.8566502470123942,버스(광역 추정)
5,152,2200216.778092105,0.8519347391930175,0.9111095037763588,0.7653374059224562,0.018738018592189362,3.051619912883981,버스(일반 추정)
6,152,4243920.390723684,0.994224538729556,0.992441928306445,0.8536041807992438,0.004414487508668107,11.286444365127869,지하철
7,152,5525567.481776316,0.9084624225680712,0.9219877785506287,0.0249089128721043,0.023639276496177943,0.623866686769181,도보
8,152,4895900.3094078945,0.36782122205645734,0.37752749365141813,0.7158010664247941,0.027296913000010456,15.048062989176684,차량
9,152,1892063.2617105264,0.880680741536293,0.8971275327260215,0.784675711713205,0.0163462036778875,3.107516248324294,기타
