adm_cd10,gu,dong,mci_elderly,mci_general,mci_elderly_official,mci_general_official,priority1
1111053000,종로구,사직동,1.1900491196552974,2.5136436597110756,1.4096434754569973,2.7191011235955056,False
1111054000,종로구,삼청동,0.490763334156,1.7888198757763976,1.1008158599140396,2.3043478260869565,True
1111055000,종로구,부암동,0.5855150113407532,1.2554945054945057,0.7743314032821451,1.4094106125356125,False
1111056000,종로구,평창동,0.39326747168380793,0.8374384236453202,0.5852317461353103,1.044165558943884,False
1111057000,종로구,무악동,1.320572287921786,2.564285714285714,1.7578077376572359,2.794378306878307,False
1111058000,종로구,교남동,1.0244330474766237,2.3548387096774195,1.4069215267392965,2.5483870967741935,False
1111060000,종로구,가회동,0.6406243140964939,1.7828571428571427,1.235141418409889,2.3451190476190478,False
1111061500,종로구,종로1·2·3·4가동,1.6142080118543163,2.7799467613132207,1.8083972160576083,2.8633540372670807,False
1111063000,종로구,종로5·6가동,1.5939435242461646,2.9076923076923076,1.6745944529348415,2.923076923076923,False
1111064000,종로구,이화동,1.0362287097008895,2.3494505494505495,1.1179785394884676,2.462393162393162,False
1111067000,종로구,창신1동,1.6623875354777604,2.897321428571429,2.0300942115394647,3.0,False
1111068000,종로구,창신2동,0.6118774977781584,1.7922077922077924,0.798937781313607,2.1363636363636362,False
1111069000,종로구,창신3동,0.9975190791548345,2.1904761904761907,1.576884158519914,2.7777777777777777,False
1111070000,종로구,숭인1동,1.3830066074995058,2.5510204081632657,1.8864079680437233,2.9523809523809526,False
1111071000,종로구,숭인2동,1.6761398822663645,2.895238095238095,1.8999494060758881,2.933333333333333,False
1111051500,종로구,청운효자동,0.47644553721458643,1.408315565031983,0.8280524494368242,1.7537313432835822,False
1111065000,종로구,혜화동,0.7003866165768003,1.8626907073509016,1.194811454398796,2.2233009708737863,False
1114052000,중구,소공동,1.6106170423136064,2.9462184873949577,1.7320718607972911,2.9562480547774665,False
1114054000,중구,회현동,1.8061230275159714,2.8915009041591317,1.977564770128013,2.9240506329113924,False
1114055000,중구,명동,1.783120752827648,2.889543446244477,1.8841731347553627,2.9282236949762726,False
1114057000,중구,필동,0.8656004067189748,1.9894957983193275,0.9732331999760861,2.2058823529411766,False
1114058000,중구,장충동,1.1061325066450374,2.145408163265306,1.4537606868170325,2.4285714285714284,False
1114059000,중구,광희동,1.8700838756534048,3.0,2.02709539046514,3.0,False
1114060500,중구,을지로동,1.8216305581835306,2.987012987012987,2.0357328494659543,3.0,False
1114065000,중구,신당5동,1.3298359665720565,2.480952380952381,1.4717754125932905,2.7666666666666666,False
1114067000,중구,황학동,0.9498122348704444,2.488479262672811,1.3783836634418731,2.838709677419355,False
1114068000,중구,중림동,1.280555929445824,2.707792207792208,1.5786315257590031,2.9318181818181817,False
1114061500,중구,신당동,1.649236048331518,2.806878306878307,1.9288157050845247,2.925925925925926,False
1114062500,중구,다산동,1.3586442441337547,2.478835978835979,1.571910295268459,2.671602488732118,False
1114063500,중구,약수동,1.314731652926067,2.4693877551020407,1.738974532344206,2.738095238095238,False
1114064500,중구,청구동,1.0516366761274027,2.1,1.5897319142226407,2.6333333333333333,False
1114066500,중구,동화동,0.8567582425407629,2.428571428571429,1.336188741721848,2.838709677419355,False
1117051000,용산구,후암동,0.41054210756130904,1.7252747252747251,1.0088478980180924,2.246153846153846,False
1117052000,용산구,용산2가동,0.5038238725953943,1.0598006644518272,1.0473938637213682,1.4651162790697674,False
1117053000,용산구,남영동,1.616311309291922,2.8361344537815127,1.8542229165764836,2.8970588235294117,False
1117057000,용산구,원효로2동,0.6300588554932871,1.7516483516483516,1.047404668914597,2.046153846153846,False
1117058000,용산구,효창동,1.420386155786812,2.6502463054187193,1.62728270751095,2.7241379310344827,False
1117059000,용산구,용문동,1.3137484063161646,2.5306122448979593,1.6606871818263687,2.7142857142857144,False
1117063000,용산구,이촌1동,0.8717966147011581,2.3043478260869565,1.1400446397149835,2.5015599838969402,False
1117064000,용산구,이촌2동,0.43626475975764056,1.1945288753799392,0.703741963405057,1.5106382978723405,False
1117065000,용산구,이태원1동,1.403716914707805,2.598901098901099,1.6082027343823657,2.7855489417989414,False
1117066000,용산구,이태원2동,0.5111891116609641,1.4285714285714286,1.0108631713822092,1.8723417785917784,False
1117069000,용산구,서빙고동,0.7671194870761608,1.996031746031746,0.9912959507652254,2.2269620811287476,False
1117070000,용산구,보광동,0.3787200747848795,1.010204081632653,0.684426170578605,1.4713246409674983,True
1117055500,용산구,청파동,0.7805140567214214,1.974025974025974,1.2412354563054036,2.397727272727273,False
1117056000,용산구,원효로1동,1.3895300053796287,2.834733893557423,1.61671902913728,2.918560016599232,False
1117062500,용산구,한강로동,1.0755067810041263,2.361172161172161,1.365935441200115,2.5784086284086283,False
1117068500,용산구,한남동,0.8880836715547114,2.112857142857143,1.0876727804933566,2.3103505291005293,False
1120052000,성동구,왕십리2동,0.9526443423769799,2.4700460829493087,1.3101072200011479,2.8597670250896057,False
1120054000,성동구,마장동,1.1584327830779468,2.5313751668891857,1.5454951198114475,2.850467289719626,False
1120055000,성동구,사근동,0.9943659600074612,2.2259475218658893,1.4532172351333004,2.566427761580823,False
1120056000,성동구,행당1동,1.4172532905110395,2.8521303258145365,1.6067359470542861,2.9473684210526314,False
1120057000,성동구,행당2동,1.3765395004143615,2.6312292358803986,1.8069545396370938,2.927540913006029,False
1120058000,성동구,응봉동,1.1759234450287077,2.564784053156146,1.583419239033973,2.8560969607481237,False
1120059000,성동구,금호1가동,0.9005814690114405,2.457983193277311,1.40195764670842,2.7003579209461566,False
1120062000,성동구,금호4가동,0.8686005877125035,2.0025974025974027,1.1803834924457384,2.2363636363636363,False
1120065000,성동구,성수1가1동,0.873217241278149,1.7956810631229234,1.1698374564141885,2.0348837209302326,False
1120066000,성동구,성수1가2동,0.998607507373805,2.405042016806723,1.2574310367855697,2.635294117647059,False
1120067000,성동구,성수2가1동,0.5251450171547098,1.4354561101549053,0.8407118341968719,1.760390769426914,False
1120069000,성동구,성수2가3동,0.8553938851178545,2.384188626907074,1.2546993740808368,2.750507268711152,False
1120072000,성동구,송정동,0.498819978222446,1.6442048517520216,0.8971100509927761,1.9983278426674653,True
1120079000,성동구,용답동,0.5629101260965648,1.4961294862772696,0.6890772737401745,1.7476737821565407,False
1120053500,성동구,왕십리도선동,1.2777123158698103,2.778467908902692,1.5555893905161995,2.8840579710144927,False
1120061500,성동구,금호2·3가동,1.117186928413745,2.3785714285714286,1.5671069740822452,2.716666666666667,False
1120064500,성동구,옥수동,1.1559280886584018,2.1710758377425043,1.5132730045824199,2.419753086419753,False
1121571000,광진구,화양동,1.0170702891177659,2.3692722371967654,1.2042613960241042,2.5642283118698215,False
1121573000,광진구,군자동,1.249764650103888,2.7651663405088063,1.4783503324218117,2.8493150684931505,False
1121574000,광진구,중곡1동,1.0253901963103087,2.2882653061224487,1.2973661333738755,2.4285714285714284,False
1121575000,광진구,중곡2동,1.0098982660945155,2.155612244897959,1.2324437743088386,2.2857142857142856,False
1121576000,광진구,중곡3동,1.31429542513511,2.605911330049261,1.5576631188899355,2.6724137931034484,False
1121577000,광진구,중곡4동,0.6342526946930904,1.4578754578754578,1.0195156616541807,1.7808811558811557,False
1121578000,광진구,능동,1.2664666177031958,2.443609022556391,1.2965418056731206,2.5,False
1121585000,광진구,구의1동,0.9311882489750817,2.2270408163265305,1.1448686456002508,2.426351095993953,False
1121586000,광진구,구의2동,0.6915798923713868,1.7219662058371736,1.0236313413035592,2.1626130739033966,False
1121587000,광진구,구의3동,0.9016992031147607,2.2454212454212454,1.3118369049191292,2.5828839370506036,False
1121581000,광진구,광장동,0.5072686486434792,1.574025974025974,0.9512340690623212,2.080487413820747,False
1121582000,광진구,자양1동,0.7625791752806043,2.2248677248677247,1.0811555006599092,2.537037037037037,False
1121583000,광진구,자양2동,0.5557081677704138,1.6298701298701297,0.9634267015790136,2.0368746993746996,False
1121584000,광진구,자양3동,0.7316744515024495,2.1081632653061226,1.1153479208902046,2.4714285714285715,False
1121584700,광진구,자양4동,1.01355769298153,2.2837301587301586,1.1655707233960502,2.4444444444444446,False
1123071000,동대문구,회기동,0.5338825024864737,1.4681318681318682,0.8437726123765836,1.8923076923076922,False
1123072000,동대문구,휘경1동,1.1802713622818983,2.6559766763848396,1.4630701961011403,2.836734693877551,False
1123073000,동대문구,휘경2동,0.7592661859847243,1.914862914862915,0.9612137022490173,2.0606060606060606,False
1123070500,동대문구,청량리동,0.7628960632818188,2.1160714285714284,1.0857050722622197,2.396846064814815,True
1123051500,동대문구,신설동,1.2959831614437876,2.804232804232804,1.5032345583842528,2.9011447514533932,False
1123054500,동대문구,제기동,1.1575597170709062,2.5335018963337546,1.3856647869225325,2.6633071124221566,False
1123056000,동대문구,전농1동,1.034916702249081,2.472819216182048,1.3090093491068044,2.6814159292035398,False
1123057000,동대문구,전농2동,0.5486102495897992,1.7142857142857144,0.6281585953317812,1.7971014492753623,False
1123061000,동대문구,답십리2동,0.6618757532950547,1.7279843444227005,0.8556135223752894,1.917808219178082,False
1123065000,동대문구,장안1동,0.7021493876800131,1.8593073593073592,1.0444400850457656,2.159090909090909,True
1123066000,동대문구,장안2동,0.734492721715779,1.7516688918558077,0.9853024433198931,1.8598130841121496,False
1123074000,동대문구,이문1동,0.9008412359318115,1.9953917050691246,1.3469577505145722,2.3655913978494625,False
1123075000,동대문구,이문2동,1.0266575753480152,2.326530612244898,1.3702741028567376,2.7043461829176114,False
1123060000,동대문구,답십리1동,1.2006891778987272,2.641929499072356,1.5209388389913399,2.7532467532467533,False
1126052000,중랑구,면목2동,0.7676442312024121,1.973469387755102,1.1600702825206581,2.1857142857142855,True
1126054000,중랑구,면목4동,1.2014073866530774,2.4197802197802196,1.3970117822574728,2.523076923076923,False
1126055000,중랑구,면목5동,0.7566954932484659,1.9766233766233765,0.9859929111359498,2.1272727272727274,True
1126057000,중랑구,면목7동,1.024499853583813,2.4591836734693877,1.3159007073027833,2.6785714285714284,False
1126058000,중랑구,상봉1동,1.3252271174373773,2.517316017316017,1.5375023827043643,2.641263828763829,False
1126059000,중랑구,상봉2동,1.4888737366911364,2.9478458049886624,1.7496447117478258,3.0,False
1126060000,중랑구,중화1동,1.1847939565952776,2.358441558441559,1.41721338901471,2.4886483886483886,False
1126061000,중랑구,중화2동,1.0736852550678684,2.4719101123595504,1.5566538643551397,2.769157600618275,False
1126062000,중랑구,묵1동,1.19618468755306,2.5865384615384617,1.4793687014328516,2.772677553927554,False
1126063000,중랑구,묵2동,1.0776147873669917,2.328042328042328,1.4220613539886255,2.5540245933764454,False
1126066000,중랑구,망우3동,0.4160941464716285,0.9175824175824177,0.7122680026926699,1.25,True
1126068000,중랑구,신내1동,0.8475206389398973,2.1365546218487395,1.0796302091599397,2.299019607843137,True
1126069000,중랑구,신내2동,1.1629769066014883,2.2797619047619047,1.3215193072783398,2.3541666666666665,True
1126056500,중랑구,면목본동,1.2292751613324995,2.505226480836237,1.4409788195272328,2.6193379790940767,False
1126057500,중랑구,면목3·8동,0.910859019621413,1.8658536585365855,1.1496781135613272,2.048780487804878,False
1126065500,중랑구,망우본동,0.9165034835850121,2.0562060889929743,1.1849216740508628,2.2837157024315498,True
1129058000,성북구,돈암1동,1.1468954092895367,2.440816326530612,1.3165547681618566,2.56681783824641,False
1129059000,성북구,돈암2동,0.4716019920109309,1.392857142857143,1.067043274846115,1.8541666666666667,False
1129060000,성북구,안암동,1.0169851196107549,2.251700680272109,1.3005664579297467,2.4945263290501387,False
1129061000,성북구,보문동,1.2989339071721362,2.520408163265306,1.6416061783248943,2.785359977324263,False
1129062000,성북구,정릉1동,1.1453751061300703,2.4285714285714284,1.4651480892993003,2.632868674535341,False
1129063000,성북구,정릉2동,0.7392339916916789,1.687830687830688,1.1006308824095574,2.049848128551832,False
1129064000,성북구,정릉3동,0.615507463881661,1.3247767857142858,0.8304551729103146,1.4987444196428572,True
1129065000,성북구,정릉4동,0.8411373629068978,1.7222222222222223,1.2243466501979727,1.9222222222222223,False
1129066000,성북구,길음1동,0.741460460122233,1.9931972789115644,1.1309162424351582,2.25,False
1129068500,성북구,길음2동,1.1143631786011503,2.585480093676815,1.3623085021991708,2.765287535779339,False
1129071500,성북구,월곡1동,0.6854670851042746,1.8379530916844349,1.0688514852417141,2.1044776119402986,False
1129072500,성북구,월곡2동,1.2548732491433903,2.500802568218299,1.5949596481613317,2.7488853219190297,False
1129076000,성북구,장위1동,0.7315545798109867,1.2235023041474655,1.0260414085309386,1.3225806451612903,True
1129077000,성북구,장위2동,0.9859816452543196,1.6956521739130435,1.27408621230749,1.9468790736906678,False
1129078000,성북구,장위3동,0.9650075160306892,2.0766045548654244,1.0951834994675422,2.1449275362318843,False
1129052500,성북구,성북동,0.43679318100481934,1.1364365971107544,0.8404942581037308,1.6034904286308782,False
1129055500,성북구,삼선동,0.8848393711975415,2.096308186195827,1.3657467677780535,2.5053950419118958,False
1129057500,성북구,동선동,1.0680684947870331,2.4696969696969697,1.33669844322548,2.7355800064133398,False
1129070500,성북구,종암동,0.7684257265820204,1.849939975990396,1.141954989795768,2.1291071984349297,False
1129081000,성북구,석관동,0.8247019236833769,2.045918367346939,1.1363680852767852,2.34937641723356,True
1130559500,강북구,번1동,1.2356570917474032,2.4507389162561575,1.420386155786812,2.586206896551724,False
1130560300,강북구,번2동,0.6550935177050908,1.6045918367346939,1.0175510006982882,1.875,True
1130560800,강북구,번3동,0.7132976948548083,1.7170329670329672,1.0561748477791464,1.8846153846153846,True
1130561500,강북구,수유1동,0.9148282968816654,1.9642857142857144,1.3243049011363177,2.2058823529411766,False
1130562500,강북구,수유2동,1.1133091015505947,2.3995157384987897,1.342866689115871,2.5762711864406778,False
1130563500,강북구,수유3동,1.160492371747333,2.573359073359073,1.4516261239953234,2.7567567567567566,False
1130553400,강북구,삼양동,1.333069846013027,2.28397212543554,1.7072985631984956,2.4878048780487805,False
1130553500,강북구,미아동,1.093749542730996,2.342857142857143,1.5142764081899582,2.6521340388007055,False
1130554500,강북구,송중동,0.863486481103418,1.9458646616541353,1.2233862304768515,2.1578947368421053,False
1130555500,강북구,송천동,1.0758112617059434,2.5574534161490683,1.2625806807846411,2.7139406487232574,False
1130557500,강북구,삼각산동,1.0777525228634464,2.1527093596059115,1.3901612986342913,2.310344827586207,False
1130564500,강북구,우이동,1.1224389299422373,2.191763191763192,1.2750960307516557,2.3063063063063063,False
1130566000,강북구,인수동,0.74451469020644,1.5206611570247934,1.2682627035817862,1.9834710743801653,False
1132066000,도봉구,쌍문1동,0.8883925035843488,1.8394698085419734,1.3533472287695987,2.195876288659794,False
1132067000,도봉구,쌍문2동,0.686894818274987,1.9226190476190477,0.9214403053715913,2.1041666666666665,True
1132068000,도봉구,쌍문3동,1.025455343304007,2.3404255319148937,1.3318323171799944,2.6382978723404253,False
1132068100,도봉구,쌍문4동,0.6649247435200611,1.7325227963525835,0.9075000738071709,1.9148936170212767,True
1132069000,도봉구,방학1동,1.0948395858507272,2.396039603960396,1.3620533381625712,2.531903190319032,False
1132070000,도봉구,방학2동,0.4639773594754146,1.2635467980295565,0.9702931922559652,1.7193486590038316,True
1132071000,도봉구,방학3동,0.6500815223104276,1.4140786749482401,0.8857073684066161,1.5797101449275361,True
1132051100,도봉구,창1동,0.9453922733045196,2.2220077220077217,1.4785425647975259,2.657335907335907,False
1132051200,도봉구,창2동,0.6584337341430878,1.5668202764976957,1.0893093101799542,1.903225806451613,False
1132051300,도봉구,창3동,0.5261621526479014,1.4817275747508305,0.8881499710310685,1.7906976744186047,True
1132051400,도봉구,창4동,0.9483698155156044,2.354285714285714,1.2838087921791175,2.6488558201058203,False
1132051500,도봉구,창5동,0.7582883874369222,2.075892857142857,1.1554315188754798,2.341858878968254,False
1132052100,도봉구,도봉1동,0.8361358771300216,1.9852216748768472,1.1033815128662372,2.2411512497719395,True
1132052200,도봉구,도봉2동,1.0225560323467076,2.4941690962099123,1.4359883462372587,2.7448979591836733,True
1135056000,노원구,월계1동,1.0751812432110393,2.4158730158730157,1.3647195535543901,2.588800705467372,True
1135057000,노원구,월계2동,0.7076439759925329,1.7826747720364744,1.0535513258079774,2.095744680851064,True
1135058000,노원구,월계3동,1.0571051149304418,2.6018518518518516,1.3087554498198002,2.7962962962962963,True
1135060000,노원구,공릉2동,0.36846619197511055,1.2178130511463845,0.6676006052363223,1.6078960905349795,False
1135061100,노원구,하계1동,0.7455215418135895,1.9454545454545455,1.0758380379002839,2.2169131794131793,True
1135061200,노원구,하계2동,1.177965196952024,2.6212624584717608,1.4105233364869079,2.813953488372093,False
1135061900,노원구,중계본동,0.45354146610248364,1.2339089481946626,0.5687089163508229,1.3514957264957266,False
1135062100,노원구,중계1동,0.7370977862999427,1.826530612244898,1.0643650443253014,1.9968938964474678,False
1135062400,노원구,중계4동,0.7495757756173875,2.061576354679803,1.0865010629737093,2.4310344827586206,True
1135063000,노원구,상계1동,0.8402254405550239,2.1805714285714286,1.1661731644416349,2.44,False
1135064000,노원구,상계2동,1.1240202078042725,2.6842105263157894,1.39896095186457,2.807017543859649,False
1135067000,노원구,상계5동,0.9413749145905577,1.9107142857142858,1.3650100907238016,2.2061425264550265,False
1135070000,노원구,상계8동,0.7544634626300786,2.2514285714285713,1.2722609902238968,2.72,False
1135071000,노원구,상계9동,0.88532832470736,2.2689075630252105,1.2601386430952004,2.5285947712418304,False
1135072000,노원구,상계10동,0.9733704459825021,2.3759398496240602,1.1482509315507266,2.5,False
1135066500,노원구,상계3·4동,0.673443878213533,1.7490996398559424,1.0859727402366348,2.2153305766751146,False
1135069500,노원구,상계6·7동,0.8216679566544183,2.290213723284589,1.1414261099536882,2.6361600633254176,False
1135062500,노원구,중계2·3동,1.091851821192046,2.6821428571428574,1.449577458477865,2.8622767857142857,False
1135059500,노원구,공릉1동,1.3723259880052299,2.6599241466498103,1.7068891278105014,2.8126609542538747,False
1138051000,은평구,녹번동,1.165882126526102,2.4897959183673466,1.396464530054106,2.6611276455026456,False
1138052000,은평구,불광1동,1.0205204152024991,2.434948979591837,1.416606172849929,2.777075066137566,False
1138055100,은평구,갈현1동,0.5904117545288874,1.4623015873015874,0.9419271615644838,1.7469778806584362,False
1138055200,은평구,갈현2동,0.7900841566570443,1.5605786618444848,1.115330288865202,1.8083015203268367,False
1138056000,은평구,구산동,0.7141486677033588,1.4334975369458127,1.0575375455164582,1.6979717813051145,True
1138057000,은평구,대조동,1.3368255903685946,2.5210084033613445,1.6006687261806822,2.6705882352941175,False
1138058000,은평구,응암1동,1.0299578054712726,2.32183908045977,1.185634790141977,2.4482758620689653,False
1138059000,은평구,응암2동,0.8248161463260745,2.1032967032967034,1.0719009355618565,2.1846153846153844,False
1138063100,은평구,신사1동,1.0934677307607736,2.220779220779221,1.3458664528178839,2.3874458874458875,False
1138063200,은평구,신사2동,0.756822092693848,1.738498789346247,1.2364020997730694,2.1767554479418885,False
1138064000,은평구,증산동,1.2139545183783553,2.382936507936508,1.3019025385826761,2.4707892416225747,True
1138065000,은평구,수색동,0.8386010532954893,1.6285714285714286,1.0700648980926675,1.8907231040564374,False
1138069000,은평구,진관동,0.6316472540354989,1.6703637976929904,0.8685401294599752,1.8885047980544876,False
1138053000,은평구,불광2동,0.5935016030694807,1.6875,0.8406063384024168,1.8639288470017636,False
1138060000,은평구,응암3동,1.1392726558023598,2.2233400402414487,1.3076788945594051,2.352112676056338,False
1138062500,은평구,역촌동,0.9633623144239826,2.21978021978022,1.3002465563318173,2.399559930809931,False
1141052000,서대문구,천연동,0.8081083687338046,1.8683473389355743,1.190349437199454,2.204455856416641,False
1141062000,서대문구,홍제1동,1.182620931782887,2.095840867992767,1.3066256854377787,2.1960350947692717,False
1141064000,서대문구,홍제3동,0.9804274543131853,1.7893462469733656,1.1361841862547861,1.8843377275580666,False
1141065500,서대문구,홍제2동,1.2759452548804149,2.539170506912442,1.350318014737046,2.5759301928656764,False
1141066000,서대문구,홍은1동,0.48930661350632676,1.2122448979591836,0.9947404741882002,1.7142857142857142,False
1141068500,서대문구,홍은2동,0.67391905172126,1.5795586527293843,1.0257319014601851,1.8110293801350712,False
1141069000,서대문구,남가좌1동,1.2253546315311696,2.7247386759581884,1.435323228632782,2.8048780487804876,False
1141070000,서대문구,남가좌2동,0.7595138658940346,1.7982142857142858,1.0259035243438748,1.9375,False
1141071000,서대문구,북가좌1동,1.1155391494346016,2.4005102040816326,1.229351821192046,2.482142857142857,False
1141072000,서대문구,북가좌2동,0.9883361736024882,2.269016697588126,1.2205885145549236,2.4285714285714284,False
1141056500,서대문구,충현동,0.8289423082327122,1.55021216407355,1.2884019446725468,2.0296112944627795,False
1141055500,서대문구,북아현동,1.3182613253833741,2.7275747508305646,1.705362139691334,2.9767441860465116,False
1141058500,서대문구,신촌동,1.0036287306172254,2.047872340425532,1.108920672942509,2.1851464876730833,False
1141061500,서대문구,연희동,0.7273820916321142,1.5542258788332086,0.8985229813193961,1.6487645087121527,False
1144059000,마포구,용강동,1.0858804745658999,2.5627705627705626,1.3804443656049559,2.7674863716530385,False
1144060000,마포구,대흥동,1.621796614701158,2.867494824016563,1.8031932344297672,2.927536231884058,False
1144061000,마포구,염리동,0.8442201874127092,2.32069970845481,1.1812888968264648,2.6530612244897958,False
1144063000,마포구,신수동,1.1195617616379128,2.6021978021978023,1.427451192565092,2.777869352869353,False
1144066000,마포구,서교동,1.4049600504180895,2.700088731144632,1.6349539146496441,2.774084754674817,False
1144068000,마포구,합정동,0.9095638743155257,2.0876623376623376,1.3592974191616531,2.4886363636363638,False
1144069000,마포구,망원1동,0.7576671637562845,1.6513317191283294,1.2489361061669373,2.0,False
1144070000,마포구,망원2동,0.6953006420490363,1.6316964285714286,1.0499633404617348,1.890625,False
1144071000,마포구,연남동,0.49678327789137033,1.9562211981566822,1.0159964522232687,2.324138078170336,False
1144072000,마포구,성산1동,0.9515039333341936,2.2250489236790605,1.1133846550766586,2.353355801985939,False
1144073000,마포구,성산2동,1.3030126281674235,2.715250965250965,1.5158856188260097,2.7972972972972974,False
1144074000,마포구,상암동,0.9762996778331986,1.9177489177489178,1.0393580050478446,1.9296536796536796,False
1144058500,마포구,도화동,1.0479435566640851,2.0441558441558443,1.5258656345861632,2.418181818181818,False
1144065500,마포구,서강동,1.1356278675149474,2.2765399737876804,1.4508355427676434,2.5582920732003305,False
1144056500,마포구,공덕동,1.220523019536259,2.647907647907648,1.5232752326162868,2.717171717171717,False
1144055500,마포구,아현동,1.2853715299973507,2.727799227799228,1.4448591117134089,2.8513513513513513,False
1147051000,양천구,목1동,1.131822568859551,2.4692218350754938,1.303268059369328,2.658536585365854,False
1147052000,양천구,목2동,0.6999159945600733,1.5660714285714286,1.1158386136076923,2.075,False
1147053000,양천구,목3동,0.9737299570727012,2.19533527696793,1.1056152801286547,2.306122448979592,True
1147054000,양천구,목4동,0.5341499820940792,1.5811138014527846,0.8383014768372224,1.847457627118644,False
1147056000,양천구,신월1동,0.43034968513481164,1.3861607142857144,0.6634935587047502,1.609375,True
1147057000,양천구,신월2동,0.5554615728606028,1.7868852459016393,0.5718550154835537,1.8688524590163935,True
1147058000,양천구,신월3동,0.4385023994625168,1.2008281573498965,0.7714367341715418,1.5072463768115942,True
1147059000,양천구,신월4동,0.7672739500637499,1.8105590062111803,0.7701207409540191,1.8162525879917184,True
1147060000,양천구,신월5동,0.6964578303374289,1.48,0.9571324335120321,1.6901455026455026,True
1147061000,양천구,신월6동,0.6435807103224291,1.4903474903474905,0.7409347299049254,1.594022594022594,False
1147061100,양천구,신월7동,0.40611368461130043,0.8832752613240419,0.6234027966864324,1.1740708478513355,True
1147062000,양천구,신정1동,0.9229692413389151,2.2408163265306125,1.2287137613691492,2.3714285714285714,False
1147063000,양천구,신정2동,0.7577671712393511,2.18,1.1619040302743555,2.423703703703704,False
1147064000,양천구,신정3동,0.8165562050427184,1.8452380952380953,1.049213725495098,2.029608371126228,False
1147067000,양천구,신정6동,1.0086765551087913,2.4339285714285714,1.2288991064858539,2.6,False
1147068000,양천구,신정7동,0.9997963504486624,2.3246753246753245,1.273352813321902,2.502825877825878,True
1147055000,양천구,목5동,0.6213258311863151,1.7816711590296495,0.9917351330552566,2.1061778310205983,False
1147065000,양천구,신정4동,1.353370689197583,2.3776520509193775,1.4601599395511895,2.5258787783540257,False
1150051000,강서구,염창동,0.9328195198260486,2.31453634085213,1.1971876908361094,2.526043117051889,False
1150052000,강서구,등촌1동,1.2637817798200892,2.8344671201814062,1.4786698002232466,2.9630679432266733,False
1150053000,강서구,등촌2동,0.6423047018850233,1.6797235023041475,0.712589163216376,1.7970216760539341,False
1150053500,강서구,등촌3동,1.0582082189012616,2.497919556171983,1.3271617463004906,2.6116504854368934,False
1150059000,강서구,화곡본동,0.5387963381619921,1.4749536178107607,0.9295469268983896,1.8539562289562288,False
1150055000,강서구,화곡2동,0.5524227338790374,1.6149068322981368,0.9656207230532716,1.934782608695652,True
1150056000,강서구,화곡3동,0.8137296063174532,1.9708454810495626,0.9895475525435627,2.236219090810928,False
1150057000,강서구,화곡4동,0.3923399959377614,0.8426150121065376,0.759239525929726,1.227670164110842,True
1150059100,강서구,화곡6동,0.6147409433144079,1.5107142857142857,0.906221540917687,1.7122685185185187,False
1150059300,강서구,화곡8동,0.8409526992302913,1.6640211640211642,1.2762113706000735,2.094527728786988,False
1150060300,강서구,가양1동,0.7141693547812299,1.9451170298627924,0.9824468376904333,2.217360924281828,False
1150060400,강서구,가양2동,1.0265192480965837,2.2653061224489797,1.1455668671442027,2.4047619047619047,False
1150060500,강서구,가양3동,1.258417165983385,2.803921568627451,1.397393545055985,2.8627450980392157,False
1150061100,강서구,발산1동,0.654877088222399,1.790352504638219,1.009581997536895,2.11902471426281,False
1150062000,강서구,공항동,0.3473820042541243,0.7501980459466596,0.4889452626975591,0.8761552680221811,False
1150063000,강서구,방화1동,1.2628941525361992,2.723076923076923,1.481435529653073,2.8949582824582825,False
1150064000,강서구,방화2동,0.5591119488000521,1.2430262045646663,0.7127670732316665,1.4053254437869822,True
1150064100,강서구,방화3동,0.8416702749808502,1.8813775510204083,0.8892575110250097,1.8623334750566893,True
1150054000,강서구,화곡1동,0.9123975313888016,1.9249394673123486,1.18285600940966,2.117993901892207,False
1150061500,강서구,우장산동,1.066396509518497,2.292786421499293,1.299772886434019,2.510195662423385,False
1153051000,구로구,신도림동,0.9301191413741025,2.314028314028314,1.2882763439882583,2.6448829782163115,False
1153052000,구로구,구로1동,0.5799067528182893,1.8806907378335949,1.0246618733416215,2.288454270597128,False
1153054000,구로구,구로3동,0.873652713654994,2.25,1.3031905431164323,2.57,False
1153055000,구로구,구로4동,1.3922985135725154,2.7527472527472527,1.583547324915697,2.8653846153846154,False
1153056000,구로구,구로5동,1.079995788183499,2.5346097201767304,1.2971690078290334,2.597938144329897,False
1153072000,구로구,고척1동,0.5904463331535446,1.9118825100133512,0.964020810676187,2.1401869158878504,False
1153073000,구로구,고척2동,0.4911987836194064,1.173469387755102,0.969104047093449,1.542828798185941,True
1153075000,구로구,개봉2동,0.8420862967703594,2.1449579831932772,1.0947390603776417,2.3055750077808903,True
1153076000,구로구,개봉3동,0.38682055370748863,1.1336405529953917,0.8441844363513858,1.553006059054446,True
1153077000,구로구,오류1동,0.9001226077144383,2.109375,1.2102457889313696,2.3644593253968256,False
1153080000,구로구,항동,0.4638402500557577,1.445993031358885,0.9668496691305535,1.9019066976384051,False
1153079000,구로구,수궁동,0.6561140415598099,1.3755615453728662,0.8506203240363324,1.562543675751223,True
1153059500,구로구,가리봉동,1.104649897508669,2.425,1.3259916062230594,2.55,False
1153053000,구로구,구로2동,0.8637170517949584,2.2362278244631186,1.030660312559324,2.3674049866860325,True
1153074000,구로구,개봉1동,0.8930186467085641,2.01980198019802,1.1487991128346466,2.1426214049976426,True
1154551000,금천구,가산동,0.9403919339104023,2.2476635514018692,1.3141154979593357,2.4766355140186915,False
1154561000,금천구,독산1동,0.8928649648275585,2.222956234516928,1.2905093956206704,2.4736978927730373,True
1154562000,금천구,독산2동,0.5850355960264864,1.6071428571428572,0.7284571119951876,1.737408424908425,True
1154563000,금천구,독산3동,0.7830045443886451,1.76007326007326,0.9742438606279614,1.9487179487179487,True
1154564000,금천구,독산4동,0.70214201519668,1.2641509433962264,0.9805437322776422,1.474094040131776,True
1154567000,금천구,시흥1동,0.8332804042799803,1.8289738430583502,0.9844501381603288,1.9366197183098592,True
1154568000,금천구,시흥2동,0.32416648375906504,0.7885714285714286,0.9623146319072133,1.28,False
1154569000,금천구,시흥3동,0.584948154386934,1.5470383275261324,0.8351417277512391,1.7554200542005423,True
1154570000,금천구,시흥4동,0.5678141125892132,1.3090379008746356,0.8706752138677355,1.5714825612784797,True
1154571000,금천구,시흥5동,0.5965400560886597,1.0561224489795917,0.8571693077893399,1.2321192365835223,True
1156054000,영등포구,여의동,1.1654530290634244,2.521606507371632,1.2901523258613754,2.567137278992261,False
1156055000,영등포구,당산1동,1.3566424726653716,2.8003913894324852,1.7282211969489403,2.965082989055592,False
1156056000,영등포구,당산2동,1.0880086056820775,2.588850174216028,1.3777193190490655,2.7000150557061127,False
1156061000,영등포구,양평1동,1.1814226584673526,2.636904761904762,1.5615276200988042,2.9724334950029396,False
1156062000,영등포구,양평2동,0.8251885030726047,2.140926640926641,1.048704398816977,2.330169455169455,False
1156063000,영등포구,신길1동,0.9829062735204419,2.224761904761905,1.2976339614796086,2.4923544973544973,False
1156065000,영등포구,신길3동,0.8415170872511667,1.8950437317784257,1.0800222874390941,1.9591836734693877,True
1156066000,영등포구,신길4동,0.7624828305126267,1.7301587301587302,0.9844356033913255,1.949710954340584,True
1156067000,영등포구,신길5동,1.0983201816204218,2.3236151603498545,1.2922348040025393,2.3877551020408165,True
1156068000,영등포구,신길6동,1.4942186716153552,2.8813186813186813,1.7089265784742549,2.9384615384615387,False
1156069000,영등포구,신길7동,1.30589203405865,2.84,1.720076865692554,2.96,False
1156070000,영등포구,대림1동,0.6680631874320173,1.8017492711370264,1.0595705840414547,1.9591836734693877,True
1156071000,영등포구,대림2동,1.122361701212692,2.1974025974025975,1.5062767237177805,2.5272727272727273,False
1156072000,영등포구,대림3동,0.7961135642887207,2.003210272873194,1.2287553999632224,2.337078651685393,True
1156051500,영등포구,영등포본동,1.1726374530546642,2.6196660482374767,1.548903285456258,2.8181818181818183,False
1156053500,영등포구,영등포동,1.3241343676159332,2.800207039337474,1.5602993455180254,2.9244977379035353,False
1156058500,영등포구,도림동,0.6584375684048388,2.1596638655462184,1.1296676374744086,2.3137254901960786,True
1156060500,영등포구,문래동,0.9816460632818188,2.536388140161725,1.363364308159566,2.8273393564274065,False
1159052000,동작구,노량진2동,0.9343060548722779,2.325274725274725,1.136080304684276,2.5384615384615383,False
1159053000,동작구,상도1동,1.232502224307372,2.455503512880562,1.4574824185081177,2.6065573770491803,False
1159054000,동작구,상도2동,1.4493516396391537,2.8028169014084505,1.7540233720201945,2.8732394366197185,False
1159055000,동작구,상도3동,0.768087935927967,1.480295566502463,1.2664344967745278,1.9121966794380587,False
1159056000,동작구,상도4동,0.506095043696513,1.1311154598825832,0.8767711557412179,1.5068493150684932,False
1159062000,동작구,사당1동,0.9377312090616248,2.1311475409836067,1.0075374939901005,2.262295081967213,False
1159064000,동작구,사당3동,0.9845951567920155,2.3080357142857144,1.4001664200195287,2.625,False
1159065000,동작구,사당4동,0.6252028181531484,1.4805194805194803,0.737756930707261,1.6666666666666667,False
1159065100,동작구,사당5동,0.9167236372898603,1.6776556776556777,1.2346990353281722,1.8974358974358974,False
1159066000,동작구,대방동,1.2594603259005501,2.3117831074035453,1.5932269160168284,2.54014598540146,False
1159067000,동작구,신대방1동,0.9477843078910664,2.267281105990784,1.253226504421225,2.486836490868749,False
1159068000,동작구,신대방2동,1.4812996433672752,2.67436974789916,1.7553851288123727,2.8204754123871774,False
1159060500,동작구,흑석동,0.8050980395643741,2.0096670247046187,1.1083455748590385,2.371454429725106,False
1159051000,동작구,노량진1동,1.1224509233531192,2.483689538807649,1.3431043132577476,2.656938715993834,False
1159063000,동작구,사당2동,0.6189225673534647,1.3575705731394354,0.7429473215872445,1.5210254094984634,False
1162052500,관악구,보라매동,0.934139927763322,1.9955357142857142,1.191368485613982,2.2411230985449735,False
1162054500,관악구,청림동,0.4976958525345622,0.8663594470046083,0.9032258064516129,1.0,False
1162057500,관악구,행운동,0.9819706789898804,2.169230769230769,1.149991841124287,2.4,False
1162058500,관악구,낙성대동,0.7443529083009167,1.7285714285714286,1.1380037019517104,2.1,False
1162061500,관악구,중앙동,1.0442114308951134,2.665413533834587,1.3066448281299219,2.789473684210526,False
1162062500,관악구,인헌동,0.574776595185534,1.1931216931216932,1.1118136322225711,1.7777777777777777,False
1162063000,관악구,남현동,0.5845323524289594,1.533049040511727,0.6370771680334765,1.667989417989418,False
1162064500,관악구,서원동,1.56423062962176,2.618075801749271,1.714052463117063,2.6530612244897958,False
1162065500,관악구,신원동,0.727250920912255,1.7598784194528874,1.2373034548467812,2.1702127659574466,False
1162066500,관악구,서림동,1.1070815510440388,2.1053864168618266,1.41685877881231,2.323152485037731,False
1162068500,관악구,신사동,0.8386799223898749,2.108958837772397,1.1457417696628007,2.33086718679939,False
1162069500,관악구,신림동,1.6463232854928576,2.939209726443769,1.8241031253983842,2.9698300123832038,False
1162071500,관악구,난향동,0.5459741904429939,0.9586466165413534,0.7550515112284006,1.0789473684210527,False
1162072500,관악구,조원동,0.9446801419611218,2.258503401360544,1.3012705223206074,2.4285714285714284,False
1162073500,관악구,대학동,0.6467952864863675,1.242200328407225,0.9945206607775673,1.5851578179164385,False
1162060500,관악구,은천동,0.9675482249853531,2.204081632653061,1.3549100283822082,2.414285714285714,False
1162056500,관악구,성현동,0.4413542606924421,1.0491803278688525,0.9079330303829254,1.4426229508196722,False
1162059500,관악구,청룡동,1.0570646209534729,2.2468944099378882,1.3319479691787086,2.5130765470439385,False
1162077500,관악구,난곡동,0.44234158519920014,0.8033126293995859,0.6783664299196971,1.0144927536231885,True
1162074500,관악구,삼성동,0.771896193179258,1.1857142857142857,0.992304356444564,1.3428571428571427,True
1162076500,관악구,미성동,0.6509502067346397,1.5206349206349208,0.9563817162479369,1.7444444444444445,True
1165051000,서초구,서초1동,0.8181226923295617,1.9836065573770492,1.1776717987005383,2.2459016393442623,False
1165052000,서초구,서초2동,1.0166998322869132,2.361038961038961,1.2125534474355613,2.481818181818182,False
1165053000,서초구,서초3동,1.0891000222349096,2.2883475971033573,1.3290002966269896,2.4654377880184333,False
1165053100,서초구,서초4동,1.0662794469999257,2.587848932676519,1.3908285947078611,2.7778918080642216,False
1165054000,서초구,잠원동,1.004707453865305,2.33128078817734,1.264554652224235,2.606185002736727,False
1165055000,서초구,반포본동,1.0589576887372785,1.891348088531187,1.108871740376029,1.971830985915493,False
1165056000,서초구,반포1동,1.2757648063799778,2.6759941089837995,1.587529199146179,2.896286750668194,False
1165057000,서초구,반포2동,1.1380799763286842,2.45679012345679,1.3670169845552433,2.54320987654321,False
1165058000,서초구,반포3동,1.0767333580135143,2.4368530020703933,1.4309538914711624,2.6666666666666665,False
1165058100,서초구,반포4동,0.8081138608784345,1.9523809523809523,1.1997853297028669,2.3333333333333335,False
1165059000,서초구,방배본동,0.6754593331613149,1.9047619047619049,1.0285111463632381,2.090909090909091,False
1165060000,서초구,방배1동,1.3412251036176024,2.517857142857143,1.618121518861404,2.7241354875283443,False
1165061000,서초구,방배2동,0.8928726213001719,2.0755102040816324,1.0394163347899827,2.1892998866213156,False
1165062000,서초구,방배3동,0.8385962308887209,2.009259259259259,1.0091844465922482,2.1152385851459923,False
1165062100,서초구,방배4동,1.0106882379183248,2.4198606271777003,1.371362731059503,2.6811040134210864,False
1165065100,서초구,양재1동,0.5408173318985052,1.378988708885616,0.7249243449820663,1.587426589574356,False
1165065200,서초구,양재2동,0.4685588556698528,1.3191681735985532,0.8002065452516418,1.7210648148148149,False
1165066000,서초구,내곡동,0.32008419039480535,0.8594470046082949,0.5236221534021736,1.1355957257454954,False
1168051000,강남구,신사동,0.8560668401135245,2.1155844155844155,0.9314839473256648,2.241335978835979,False
1168052100,강남구,논현1동,1.1389004853435438,2.456445993031359,1.3025633949207107,2.626215210564804,False
1168053100,강남구,논현2동,1.1360248173460046,2.647352647352647,1.4461729385404827,2.7902097902097904,False
1168058000,강남구,삼성1동,1.106959651597196,2.374233128834356,1.3413741773446552,2.5644171779141103,False
1168059000,강남구,삼성2동,1.1787021258834611,2.584033613445378,1.4554732285850271,2.784313725490196,False
1168060000,강남구,대치1동,1.5043065612216302,2.7203219315895373,1.5340998885143042,2.8450704225352115,False
1168063000,강남구,대치4동,0.9512373594029178,2.3416149068322984,1.1019770771347173,2.4927536231884058,False
1168064000,강남구,역삼1동,1.0741911021894417,2.498168498168498,1.3415002636967266,2.7008207841541174,False
1168065000,강남구,역삼2동,1.0798604725823218,2.5096525096525095,1.2858275489301922,2.6126126126126126,False
1168065500,강남구,도곡1동,0.974856676390197,2.369047619047619,1.193484933142166,2.5277777777777777,False
1168065600,강남구,도곡2동,1.359088815427598,2.705980066445183,1.5478173325852693,2.7906976744186047,False
1168066000,강남구,개포1동,0.6447060710994328,1.5714285714285714,0.7585573742216803,1.6680664714645297,False
1168069000,강남구,개포4동,0.6958719773667195,1.6748768472906406,0.9836045465914097,1.8505747126436782,False
1168072000,강남구,일원본동,0.9060530277336439,2.064690026954178,1.1531579493668676,2.2822950983328343,False
1168073000,강남구,일원1동,0.3153132899806765,1.2676518883415435,0.623182696958746,1.5517241379310345,True
1168067500,강남구,개포3동,0.6174453706742846,1.501457725947522,0.910329328073075,2.0006478781988988,True
1168075000,강남구,수서동,0.6928698641218635,1.631055900621118,0.8511578777782328,1.817391304347826,True
1168070000,강남구,세곡동,0.4285944049719889,1.2906262791649612,0.6477098653820181,1.5467435302678856,False
1168054500,강남구,압구정동,0.8709572045826856,2.1097560975609757,0.9866581007248068,2.1402439024390243,False
1168056500,강남구,청담동,0.7930989998648427,2.0987755102040815,0.9304156520650895,2.2742857142857145,False
1168061000,강남구,대치2동,1.1618423192626957,2.422953451043339,1.3348877184030794,2.5898876404494384,False
1168067000,강남구,개포2동,1.1369921644728145,2.3588301462317207,1.3900633771495963,2.5350372870057907,False
1171051000,송파구,풍납1동,0.6341513055818315,1.96,1.075846012123756,2.5287566137566135,False
1171052000,송파구,풍납2동,0.47272798293417984,1.4757969303423848,1.0720224416696378,2.12756351392715,False
1171053100,송파구,거여1동,1.0486165747513625,2.519163763066202,1.4061586211935861,2.8536585365853657,False
1171053200,송파구,거여2동,1.0770006596772999,2.553935860058309,1.4858319560558313,2.836734693877551,False
1171054000,송파구,마천1동,1.1810342653912127,2.6285714285714286,1.5461136304705778,2.888888888888889,True
1171055000,송파구,마천2동,0.6159337955816648,1.819548872180451,0.8999141156791858,2.103818574213311,True
1171056100,송파구,방이1동,0.8999914768887642,2.2882653061224487,1.3983778770154078,2.6785714285714284,False
1171056200,송파구,방이2동,1.2622660547846776,2.4345238095238093,1.6559602035810608,2.7083333333333335,False
1171056600,송파구,오륜동,0.6164049775066087,1.7201166180758019,0.9091936129649969,2.0406138645934564,False
1171057000,송파구,오금동,0.8860446342514181,2.2806841046277664,1.2722594525948856,2.584507042253521,False
1171058000,송파구,송파1동,1.26503819175673,2.6623376623376624,1.6589212011314611,2.874669312169312,False
1171059000,송파구,송파2동,0.798597395807394,2.0977443609022557,1.1733043778811703,2.435765339274111,False
1171060000,송파구,석촌동,1.0991308625406073,2.413621262458472,1.4898413519402616,2.7504998769533655,False
1171061000,송파구,삼전동,0.9344805094299228,2.2610837438423648,1.3596623483170593,2.67816091954023,False
1171062000,송파구,가락본동,1.0605825603636156,2.551242236024845,1.4653066987280505,2.843095813204509,False
1171063100,송파구,가락1동,0.6191615602940064,1.724175824175824,0.783332770540713,2.039835164835165,False
1171063200,송파구,가락2동,1.120543384491393,2.511111111111111,1.5388891596684406,2.8031966490299824,False
1171064100,송파구,문정1동,1.0125180980412705,2.532879818594104,1.4315822333348283,2.6507936507936507,False
1171064200,송파구,문정2동,0.6933050746852434,1.9148351648351647,0.937291854668505,2.237290776353276,False
1171065000,송파구,잠실본동,0.7819935882132725,1.9839786381842457,1.0238291208652621,2.2336448598130842,False
1171069000,송파구,잠실4동,1.1091370550139568,2.4057971014492754,1.3537501981778248,2.6877156659765356,False
1171071000,송파구,잠실6동,1.4021188636602486,2.5183150183150182,1.5040363998073651,2.643925518925519,False
1171072000,송파구,잠실7동,0.5430903636403159,1.4261083743842364,0.6830097815330722,1.6724137931034482,False
1171067000,송파구,잠실2동,0.6467422930025544,1.8243386243386244,0.8044748683088604,2.077714089751127,False
1171068000,송파구,잠실3동,0.8805205026864309,2.363150867823765,1.1116279860351717,2.568572912030856,False
1171064600,송파구,장지동,0.9410298167832193,2.2184873949579833,1.2520692564492009,2.411764705882353,False
1171064700,송파구,위례동,0.6707632944391836,1.7542857142857142,0.9818909043764622,2.0114902998236333,False
1174052600,강동구,상일제2동,0.40785701632463556,1.3756613756613756,0.6658129023355047,1.7627049448037102,False
1174052500,강동구,상일제1동,0.6252101265596793,1.6725067385444743,1.1054561219436847,2.1136817410402315,False
1174053000,강동구,명일1동,1.3782530506871014,2.7288135593220337,1.5966835338617755,2.847457627118644,False
1174054000,강동구,명일2동,0.9725792659914845,2.1475409836065573,1.1922684549012248,2.3252125075895567,False
1174055000,강동구,고덕1동,0.48930770453876493,1.411764705882353,0.8186303962350165,1.6649659863945578,False
1174056000,강동구,고덕2동,0.4705549595237263,1.265409717186367,0.7105239380326079,1.528167217253512,False
1174058000,강동구,암사2동,0.49482565558061964,1.4417582417582417,0.6825685663612787,1.6770553520553522,False
1174059000,강동구,암사3동,0.48895047641572853,1.3224489795918366,0.6954277998027726,1.568929516250945,False
1174060000,강동구,천호1동,0.752154031168657,1.8144989339019189,1.1628387030473586,2.304074863776356,False
1174062000,강동구,천호3동,0.6731419169090193,2.2671957671957674,1.1485699315945759,2.7777777777777777,False
1174064000,강동구,성내1동,0.898222403791933,2.12987012987013,1.3514989517268694,2.5647847522847522,False
1174065000,강동구,성내2동,1.0342615105644852,2.453917050691244,1.3235613037733251,2.7436315924219152,False
1174066000,강동구,성내3동,0.8836372669307736,2.3794642857142856,1.3072909521838478,2.728329613095238,False
1174069000,강동구,둔촌1동,0.6389818669189495,1.8664192949907237,1.0435010944239858,2.420222634508349,False
1174070000,강동구,둔촌2동,0.756323765930208,2.224089635854342,1.1888650022432266,2.6146773524224503,False
1174057000,강동구,암사1동,0.6160064305595522,1.7971014492753623,1.0124183847580017,2.349838969404187,True
1174061000,강동구,천호2동,0.7041100787855704,2.0024420024420024,0.992349725956049,2.322570433681545,False
1174068500,강동구,길동,0.9060547873759746,2.2197802197802194,1.3495338249682565,2.585470085470085,False
1153078000,구로구,오류2동,0.7799706946753441,1.99375866851595,1.1261763673249665,2.2769494529203267,True
1174051500,강동구,강일동,0.6390184958288272,1.5222482435597189,0.7954180094270342,1.6942492844132189,False
1123053300,동대문구,용두동,1.502986195092293,2.9109730848861286,1.682786820323669,2.971014492753623,False
