연령,모형,기울기,95%하한,95%상한,R2,잔차_Moran_I,잔차_Moran_p,짝수,짝_통제변수_평균차(표준화),기울기를_0으로_만드는_δ
70p,(a) 통제 없음,-0.16014808258375346,-0.18235473873653207,-0.13794142643097485,0.3030073683480391,0.49008365450662456,0.005,,,
70p,(b) 기본: 소득·밀도·도심거리,-0.11466205869989715,-0.1352081576772891,-0.09411595972250518,0.47790217190202977,0.4287199160334899,0.005,,,
70p,(c) + 구 고정효과,-0.1012760524575936,-0.11982691356918752,-0.08272519134599966,0.6525316183873826,0.21363904619886895,0.005,,,
70p,(d) + 인구 구성·경사,-0.1223489027232306,-0.1441037135749383,-0.10059409187152288,0.4834173388719686,0.4065807440257492,0.005,,,
70p,(e) + 자가용 등록 (과잉 통제),-0.12608359774505573,-0.1480737397725216,-0.10409345571758985,0.49474307710622023,0.399542734184498,0.005,,,
70p,(f) SLX (이웃 동 평균 포함),-0.09991149440654988,-0.12140423728575543,-0.07841875152734433,0.502386031771343,0.43459466180883793,0.005,,,
70p,"(g) 매칭 (하위 1/3 ↔ 상위 1/3, 마할라노비스)",-0.12227949494965622,-0.1446381278917736,-0.09922412405863638,,,,143.0,0.3317383258113024,
70p,"(h) Oster 보정 (δ=1, R²max=1.3R²)",-0.07737472511956245,,,0.6212728234726387,,,,,3.075094078606087
adult,(a) 통제 없음,-0.15053296861547,-0.17113040893615136,-0.12993552829478863,0.31643155003583456,0.5476837120549477,0.005,,,
adult,(b) 기본: 소득·밀도·도심거리,-0.11322043999590667,-0.1323031260468815,-0.09413775394493183,0.47994924435460395,0.48222104715962755,0.005,,,
adult,(c) + 구 고정효과,-0.09825967898217589,-0.11461342414648149,-0.08190593381787029,0.6605104938948403,0.27189256560177205,0.005,,,
adult,(d) + 인구 구성·경사,-0.11447807618829658,-0.1342283390452977,-0.09472781333129544,0.4954483812721069,0.4506154884549925,0.005,,,
adult,(e) + 자가용 등록 (과잉 통제),-0.11599266089220978,-0.1358401840649334,-0.09614513771948616,0.49765004095866716,0.4520951128510406,0.005,,,
adult,(f) SLX (이웃 동 평균 포함),-0.09614483641578501,-0.11601128779670317,-0.07627838503486686,0.5127982872774997,0.4800051624682389,0.005,,,
adult,"(g) 매칭 (하위 1/3 ↔ 상위 1/3, 마할라노비스)",-0.12671613462653958,-0.14947964611437276,-0.10510012486547606,,,,143.0,0.3317383258113024,
adult,"(h) Oster 보정 (δ=1, R²max=1.3R²)",-0.08036506004967042,,,0.6239340176609851,,,,,3.446024370473812
