계산,구분,동수,70대이상_1인당_kg,20~50대_1인당_kg,70대이상_1인당_1분위÷4분위,20~50대_1인당_1분위÷4분위
방문 많은 동 제외 (기본),고령자 지수 1분위(낮음),98,45.681229981725046,107.0409832901626,1.1858406198483182,1.1863889551673534
방문 많은 동 제외 (기본),고령자 지수 2분위,86,41.25841303698363,94.52305556768754,,
방문 많은 동 제외 (기본),고령자 지수 3분위,82,38.971498333688935,93.45070019303513,,
방문 많은 동 제외 (기본),고령자 지수 4분위(높음),75,38.522234115717986,90.22419066187554,,
방문 많은 동 제외 (기본),공급 먼저,161,46.455945526439876,105.81469407354382,,
방문 많은 동 제외 (기본),이동권 우선,61,33.508643054479265,84.60415714607491,,
방문 많은 동 제외 (기본),수요관리 가능,45,43.84191610288081,100.05269111316402,,
방문 많은 동 제외 (기본),유지,74,34.7107761703027,84.38691799388785,,
거주자 몫 보정,고령자 지수 1분위(낮음),107,20.61119788621356,43.346944370127794,1.2651757405082023,1.2421788428913925
거주자 몫 보정,고령자 지수 2분위,107,18.34893871389481,39.15373739199333,,
거주자 몫 보정,고령자 지수 3분위,106,16.953751177853274,36.01437022246367,,
거주자 몫 보정,고령자 지수 4분위(높음),107,16.291173807944144,34.89589652745177,,
거주자 몫 보정,공급 먼저,180,20.635193509866188,42.9932374720527,,
거주자 몫 보정,이동권 우선,78,14.879483923769511,33.527030265288246,,
거주자 몫 보정,수요관리 가능,51,18.934266379424344,40.04048634570172,,
거주자 몫 보정,유지,118,15.36102932612291,32.93367784469945,,
전체 (보정 없음),고령자 지수 1분위(낮음),107,50.281546939481075,116.25296466077661,0.9661117964047243,0.8546229884750616
전체 (보정 없음),고령자 지수 2분위,107,49.601288670820836,123.250416526889,,
전체 (보정 없음),고령자 지수 3분위,106,48.87909227261876,128.3450262978544,,
전체 (보정 없음),고령자 지수 4분위(높음),107,52.045267562820534,136.02836131077106,,
전체 (보정 없음),공급 먼저,180,52.44693234078607,123.11258633969699,,
전체 (보정 없음),이동권 우선,78,40.83074557307691,108.19040956060876,,
전체 (보정 없음),수요관리 가능,51,47.937948132691176,108.61380028338793,,
전체 (보정 없음),유지,118,53.78794996615031,150.8862946395458,,
