레버,지금_차량CO2_t,줄어드는_차량이동_평일,감축_t,감축률,감축_0~2km,감축_2~5km,감축_5~10km,감축_10~20km,감축_20km+,서울승용배출_대비,주행거리4.5%목표_대비
"A 공급 확대 (선택권 1 미만 동, 서울 출발)",602279.9238940753,274173.48256019014,82894.90966757714,0.1376351865285752,2775.464798560553,12180.536390367524,27375.719188213676,34804.71924281421,5758.470047621184,0.014121790403335117,0.3138175645185582
"B 수요관리 (선택권 1 이상 동, 서울 출발)",428391.9383923224,60960.13915197824,17110.591671950373,0.03994144179314703,695.1646038389432,2694.838020030363,5623.953685553057,7442.327390350905,654.3079721771035,0.002914921920264118,0.06477604267253596
C 광역 유입 (서울 밖 출발),3259512.0608052807,922712.9744726794,1510979.655598699,0.4635600750700714,55.86317222241729,5103.166203739813,44479.58562866281,213319.41782439908,1248021.6227696752,0.2574070963541225,5.720157696758278
C′ 광역 유입 중 선택권 낮은 동 도착분 (도착지 접근 개선),1842470.1455460836,205927.01596170047,309363.68548311945,0.16790702754721065,19.521731647936598,1844.9221642296498,9651.541935073752,61998.689847825546,235849.00980434258,0.05270250178588066,1.1711667063529037
"C½ 광역 유입, 격차 절반만",3259512.0608052807,461356.4872363397,755489.8277993496,0.2317800375350357,27.931586111208645,2551.5831018699064,22239.792814331406,106659.70891219954,624010.8113848376,0.12870354817706126,2.860078848379139
서울 안 합계 (A+B),1030671.8622863977,335133.6217121684,100005.50133952752,0.09702942808361883,3470.629402399496,14875.374410397888,32999.67287376673,42247.04663316511,6412.7780197982875,0.017036712323599237,0.37859360719109414
관측 근거 합계 (A+B+C′),2873142.0078324815,541060.6376738688,409369.186822647,0.1424813621139033,3490.1511340474326,16720.296574627537,42651.21480884048,104245.73648099066,242261.78782414086,0.06973921410947989,1.5497603135439977
합계 (A+B+C½),4290183.923091678,796490.108948508,855495.3291388771,0.19940761153250813,3498.5609885107046,17426.957512267792,55239.465688098135,148906.75554536463,630423.589404636,0.1457402605006605,3.2386724555702333
합계 (A+B+C),4290183.923091678,1257846.5961848479,1610985.1569382267,0.37550491676293596,3526.4925746219133,19978.540614137703,77479.25850242954,255566.46445756417,1254434.4007894734,0.2744438086777217,6.0987513039493715
