adm_cd10,pop_total,pop_65_plus,mci_general,mci_elderly,도착목적_출근,도착목적_귀가,도착목적_병원,도착_하루,도착_인구비,종합병원,유형,의료이중사각_65세이상,gu,dong,quadrant,priority1,cut_t,shift,co2_t,누적몫,순위
1165058100,17732,3340,1.9523809523809523,0.8081138608784345,0.1545898361685722,0.12141345181795288,0.07134719419154313,115969.84045454545,6.540144397391465,1,고소득 활동 지역,81.46341463414635,서초구,반포4동,이동권 우선,False,11694.1656649442,2447.7570097801417,78220.71298175189,0.037800705815493316,1
1171052000,23026,4730,1.4757969303423848,0.47272798293417984,0.18201058497618158,0.25944636882201105,0.2672767102706681,65688.3,2.852788152523235,1,외곽 차 중심 신주거지,2110.909090909091,송파구,풍납2동,공급 먼저,False,9361.510545948704,3517.343832840699,34989.395033277244,0.06806124053639713,2
1121587000,27367,5225,2.2454212454212454,0.9016992031147607,0.19892542281728146,0.3358316123068998,0.0,62268.38136363636,2.2753089985616386,0,외곽 차 중심 신주거지,0.0,광진구,구의3동,공급 먼저,False,7742.575943855385,2211.5654971479735,35581.86563910221,0.09308866394507599,3
1165065200,20730,3712,1.3191681735985532,0.4685588556698528,0.27561282557828765,0.16300856467993438,0.0,87599.41,4.225731307284129,0,외곽 차 중심 신주거지,1609.3164556962024,서초구,양재2동,공급 먼저,False,6013.222822757449,4721.107789351653,26638.31861416297,0.11252605464388045,4
1150062000,28686,5090,0.7501980459466596,0.3473820042541243,0.17620386923294892,0.22217172158166282,0.0,88772.75136363637,3.094636804142661,1,외곽 차 중심 신주거지,3631.682070240296,강서구,공항동,공급 먼저,False,5307.979347370719,3868.0619368914395,27331.853134974892,0.12968378710068604,5
1171064200,28540,4823,1.9148351648351647,0.6933050746852434,0.33416805363699653,0.19027545819665986,0.0,109870.77136363636,3.849711680575906,0,외곽 차 중심 신주거지,1507.1875,송파구,문정2동,공급 먼저,False,5103.433653208022,3042.02363721614,28837.217780310515,0.14618033757731427,6
1171063100,27101,4661,1.724175824175824,0.6191615602940064,0.1447086843043579,0.35311157548533234,0.0,54571.97454545454,2.0136516934967177,0,외곽 차 중심 신주거지,358.53846153846155,송파구,가락1동,공급 먼저,False,4273.716306553112,2217.625235230841,16439.746822468012,0.15999487531104678,7
1150061100,34517,6293,1.790352504638219,0.654877088222399,0.1707444312745541,0.28311043450880824,0.0,82206.95363636363,2.3816366902211556,2,외곽 차 중심 신주거지,1498.3333333333333,강서구,발산1동,공급 먼저,False,3755.43887783753,3215.9267322091227,16866.723825871275,0.17213411160173434,8
1174068500,46943,10662,2.2197802197802194,0.9060547873759746,0.16116505431916328,0.3312554592590963,0.0,108197.12454545454,2.3048617375424354,1,외곽 차 중심 신주거지,902.1692307692308,강동구,길동,공급 먼저,False,3665.0189197850323,2579.8911501337025,19587.557912477703,0.1839810706721292,9
1165066000,16600,3971,0.8594470046082949,0.32008419039480535,0.27379969067385734,0.27116557069015146,0.0,40515.34227272727,2.440683269441402,0,외곽 차 중심 신주거지,2717.4815668202764,서초구,내곡동,공급 먼저,False,3646.5344519572163,3315.9832140866038,12538.418345053722,0.19576827978254108,10
1150060300,33295,4327,1.9451170298627924,0.7141693547812299,0.33664250399748386,0.19736367203067795,0.0,114404.065,3.436073434449617,0,외곽 차 중심 신주거지,1723.466101694915,강서구,가양1동,공급 먼저,False,3634.4299185929995,3349.061287237935,24830.62224580085,0.2075163616975767,11
1168072000,22256,4066,2.064690026954178,0.9060530277336439,0.14345849149888423,0.35549697676853254,0.1677714669520081,41820.39272727273,1.8790614992484154,1,외곽 차 중심 신주거지,843.8867924528303,강남구,일원본동,공급 먼저,False,3628.931484559491,1623.7403456827915,15672.01528045813,0.21924667024653374,12
1150064000,22354,6021,1.2430262045646663,0.5591119488000521,0.1387438937400095,0.27072371291088954,0.0,53087.28636363636,2.374845055186381,0,교통 사각 저소득 고령 밀집,3740.85798816568,강서구,방화2동,공급 먼저,True,3532.0796096929644,3130.2144048121877,15304.71253754418,0.23066391078068718,13
1168075000,13403,5559,1.631055900621118,0.6928698641218635,0.19172043318468265,0.15161937703343184,0.0,57752.23090909091,4.30890329844743,0,교통 사각 저소득 고령 밀집,1256.817391304348,강남구,수서동,공급 먼저,True,3499.5396344484802,1325.8078209913488,22662.832132932825,0.2419759677500868,14
1154561000,47736,7621,2.222956234516928,0.8928649648275585,0.1717139136229414,0.4353118037297492,0.0,69826.80045454546,1.4627702458217164,0,교통 사각 저소득 고령 밀집,1365.6127167630057,금천구,독산1동,공급 먼저,True,3487.890441732408,3109.3678095293185,13178.774365117019,0.253250369386095,15
1168070000,45665,8473,1.2906262791649612,0.4285944049719889,0.1136025904632786,0.5283015731204759,0.0,59249.49318181818,1.2974815106058946,0,외곽 차 중심 신주거지,4005.859598853868,강남구,세곡동,공급 먼저,False,3419.991620431074,2253.5284029177865,12688.97880962127,0.2643052920577403,16
1144074000,28988,5075,1.9177489177489178,0.9762996778331986,0.3112981438771352,0.21992924915174653,0.0,96709.40909090909,3.336187701494035,0,외곽 차 중심 신주거지,1076.5151515151515,마포구,상암동,공급 먼저,False,3300.135320313778,3245.2218867545284,20516.131514773475,0.27497278625687394,17
1171064700,44813,4739,1.7542857142857142,0.6707632944391836,0.1059705247878136,0.5246518641286008,0.0,58534.45409090909,1.3061936065630304,0,외곽 차 중심 신주거지,1242.6711111111113,송파구,위례동,공급 먼저,False,3198.8668271849774,2438.7938588213165,11216.099959604082,0.2853129359812653,18
1126068000,36551,8973,2.1365546218487395,0.8475206389398973,0.15810217305336607,0.40581999025410687,0.0,62161.38181818182,1.7006752706678838,1,교통 사각 저소득 고령 밀집,2375.205882352941,중랑구,신내1동,공급 먼저,True,3191.0806518783666,2408.86828874937,11271.110697621789,0.2956279173498606,19
1174052500,38947,6213,1.6725067385444743,0.6252101265596793,0.09646676876789068,0.4505421840522945,0.0,65530.03681818182,1.6825438883144226,1,외곽 차 중심 신주거지,175.83962264150944,강동구,상일제1동,공급 먼저,False,3092.351866160798,2325.313126692353,11120.771007532545,0.30562376369922,20
1138069000,53508,10595,1.6703637976929904,0.6316472540354989,0.09603006760622763,0.42296194243009877,0.0,96681.51818181819,1.8068609961467106,1,외곽 차 중심 신주거지,5330.403726708074,은평구,진관동,공급 먼저,False,2971.286911212743,3004.140282731752,14078.573626249548,0.31522827467009434,21
1154551000,25639,3483,2.2476635514018692,0.9403919339104023,0.5143632909707548,0.11198457290519542,0.0,163140.12545454546,6.362967567165079,0,외곽 차 중심 신주거지,537.0981308411215,금천구,가산동,공급 먼저,False,2949.653121694562,2115.649807408367,38186.99936616095,0.32476285568301516,22
1165065100,40296,8735,1.378988708885616,0.5408173318985052,0.289901881677274,0.26853360712243984,0.0,101588.47636363638,2.521056093995344,0,외곽 차 중심 신주거지,3451.975945017182,서초구,양재1동,공급 먼저,False,2892.7362414618133,2010.888120466832,24687.34959625123,0.33411345621308175,23
1171068000,33389,6947,2.363150867823765,0.8805205026864309,0.11654770988510828,0.29602178376797605,0.0,82974.87636363636,2.48509618028801,0,고소득 활동 지역,1168.6542056074766,송파구,잠실3동,공급 먼저,False,2888.7266177347838,1319.8288552074837,19804.469609801286,0.3434510958692152,24
1147055000,40317,6092,1.7816711590296495,0.6213258311863151,0.11255148666759786,0.41246619967302556,0.009080264475530392,67667.78272727273,1.6783933012692593,1,외곽 차 중심 신주거지,957.8616352201258,양천구,목5동,공급 먼저,False,2845.833302733309,2003.328381750407,10844.832237179067,0.35265008539602116,25
1121581000,32833,4714,1.574025974025974,0.5072686486434792,0.12100588998731847,0.4396234696404503,0.0,56950.03772727273,1.7345365250593223,0,외곽 차 중심 신주거지,1457.0545454545454,광진구,광장동,공급 먼저,False,2809.509191144082,1389.9905739938094,12259.742136638848,0.3617316593589011,26
1153053000,21586,6506,2.2362278244631186,0.8637170517949584,0.2540826707857635,0.28299738243608463,0.09252551121556801,49225.85363636364,2.2804527766313183,1,교통 사각 저소득 고령 밀집,85.04575163398692,구로구,구로2동,공급 먼저,True,2661.1816688758595,1913.1388312309991,10976.228625123653,0.370333773290664,27
1174057000,32412,7788,1.7971014492753623,0.6160064305595522,0.16100146325528863,0.4017159321082325,0.0,58351.217272727285,1.8002967195090487,0,외곽 차 중심 신주거지,0.0,강동구,암사1동,공급 먼저,True,2629.4879620680613,1931.8308971217598,10664.722078642793,0.3788334391708455,28
1126065500,37949,8679,2.0562060889929743,0.9165034835850121,0.12569220711596338,0.4228496077969835,0.0,58944.194545454535,1.5532476361815735,1,교통 사각 저소득 고령 밀집,1565.065573770492,중랑구,망우본동,공급 먼저,True,2571.365546376161,1856.9034057219624,9591.114614380127,0.38714522774538546,29
1117068500,13658,2771,2.112857142857143,0.8880836715547114,0.24174438346001315,0.16717986402790394,0.0,59963.64,4.390367550153756,1,외곽 차 중심 신주거지,166.26,용산구,한남동,공급 먼저,False,2316.407124568319,1357.7542718311292,13837.27768947195,0.3946328781493134,30
1154567000,30949,7673,1.8289738430583502,0.8332804042799803,0.12836566241600147,0.4268576341652556,0.0,44154.586363636365,1.4266886285061349,1,교통 사각 저소득 고령 밀집,1026.669014084507,금천구,시흥1동,공급 먼저,True,2305.851732967857,1976.321479809993,7744.16242248713,0.40208640886791375,31
1174051500,34173,7278,1.5222482435597189,0.6390184958288272,0.09500026459288236,0.5248202650130477,0.0,47405.590454545454,1.3872235523526015,0,외곽 차 중심 신주거지,2624.852459016394,강동구,강일동,공급 먼저,False,2303.447775281985,1912.237541332648,7905.796388662269,0.4095321689340469,32
1171057000,36909,8345,2.2806841046277664,0.8860446342514181,0.12256661557258082,0.45970879877971893,0.0,59622.62727272727,1.6153953581166456,0,외곽 차 중심 신주거지,528.9084507042253,송파구,오금동,공급 먼저,False,2284.1271252857973,1566.0795199320216,9324.433908489722,0.41691547613029645,33
1174069000,33034,5115,1.8664192949907237,0.6389818669189495,0.08389689650869084,0.4987373807052982,0.0,52467.22954545455,1.5882796375084627,0,외곽 차 중심 신주거지,1594.2857142857142,강동구,둔촌1동,공급 먼저,False,2231.9979463543023,1537.8318007749585,8408.134410273246,0.4241302788078269,34
1135060000,40678,7148,1.2178130511463845,0.36846619197511055,0.09767341784865807,0.35099699396598466,0.0,86881.46409090908,2.1358342123730045,1,외곽 차 중심 신주거지,4478.530864197531,노원구,공릉2동,공급 먼저,False,2186.82712465458,1924.102394592735,13760.891319407647,0.43119906944897635,35
1135063000,35794,9362,2.1805714285714286,0.8402254405550239,0.09147664052894448,0.5013776370608829,0.0,49951.14272727273,1.395517201968842,0,교통 사각 저소득 고령 밀집,599.168,노원구,상계1동,공급 먼저,False,2185.482480696251,1789.2441149677366,8414.01897290774,0.4382635136072598,36
1147064000,44056,9133,1.8452380952380953,0.8165562050427184,0.10688342685877564,0.5139452150614119,0.0,55838.63818181818,1.2674468445119436,1,교통 사각 저소득 고령 밀집,1413.440476190476,양천구,신정3동,공급 먼저,False,2135.4730025953263,1677.397701237018,8305.639579528135,0.4451663050556499,37
1168069000,22941,4292,1.6748768472906406,0.6958719773667195,0.14749661172180648,0.4905001919744197,0.0,33130.597727272725,1.4441653688711358,0,외곽 차 중심 신주거지,345.3333333333333,강남구,개포4동,공급 먼저,False,2101.335219201339,1418.6210241479585,7505.703138283674,0.4519587481179951,38
1171064600,30717,6085,2.2184873949579833,0.9410298167832193,0.11599580344847499,0.5010399338113902,0.0,43261.494545454545,1.4083893135870869,0,외곽 차 중심 신주거지,298.28431372549016,송파구,장지동,공급 먼저,False,2086.915307712806,1215.4922628016695,8485.307973128909,0.4587045796607431,39
1174056000,26270,4139,1.265409717186367,0.4705549595237263,0.12078975652016259,0.46904804920745896,0.0,37245.79454545455,1.417807177215628,0,외곽 차 중심 신주거지,1764.8527918781726,강동구,고덕2동,공급 먼저,False,2077.020830194144,1428.9147696096902,7320.00887377885,0.46541842788423626,40
1153072000,26234,5457,1.9118825100133512,0.5904463331535446,0.10650638433793204,0.3263901856368518,0.0,55395.47136363637,2.1115907358251262,1,외곽 차 중심 신주거지,306.0,구로구,고척1동,공급 먼저,False,2074.7908909973503,1416.5699491364558,8697.797077892234,0.4721250679598394,41
1174066000,21559,4856,2.3794642857142856,0.8836372669307736,0.15151010359469577,0.31662000982099625,0.0,54633.413181818185,2.534134847711776,0,대중교통 양호 서민 주거지,0.0,강동구,성내3동,공급 먼저,False,2003.9003363798504,1214.1793296180088,9170.182461428867,0.47860255846830174,42
1123066000,33005,6568,1.7516688918558077,0.734492721715779,0.12799209138197054,0.4348257125146899,0.0,54663.498181818184,1.6562186996460593,0,외곽 차 중심 신주거지,368.29906542056074,동대문구,장안2동,공급 먼저,False,1952.4802518725955,1278.6884233321198,7312.472150927856,0.48491383656425374,43
1150051000,40967,5826,2.31453634085213,0.9328195198260486,0.13622133133329878,0.4743025289754775,0.0,58003.240454545456,1.4158527706335697,0,외곽 차 중심 신주거지,613.2631578947368,강서구,염창동,공급 먼저,False,1900.3383349405974,1353.1588277757119,9943.614707156454,0.4910565689666459,44
1150054000,49574,10702,1.9249394673123486,0.9123975313888016,0.08728159750325253,0.5402847955980167,0.0,59233.13590909092,1.1948427786559672,0,대중교통 양호 서민 주거지,725.5593220338983,강서구,화곡1동,이동권 우선,False,1884.4204669010996,1395.7073004558117,8990.496020344905,0.49714784779259563,45
1174061000,36033,7768,2.0024420024420024,0.7041100787855704,0.12727559496510768,0.3988971970190969,0.0,64791.347272727275,1.7981113777017532,0,대중교통 양호 서민 주거지,929.5042735042736,강동구,천호2동,공급 먼저,False,1806.9155642001042,868.9613134605521,10275.850051436732,0.5029885965584966,46
1132051400,25798,5566,2.354285714285714,0.9483698155156044,0.14135216953983903,0.3371255569690723,0.0,54621.626818181816,2.1172814488790532,0,외곽 차 중심 신주거지,166.98,도봉구,창4동,공급 먼저,False,1766.7923660025162,1614.1586842134627,7610.493207807517,0.5086996494354475,47
1171065000,26809,4561,1.9839786381842457,0.7819935882132725,0.13518494020120586,0.33384014753370206,0.0,62080.60727272727,2.315662921881729,0,대중교통 양호 서민 주거지,852.5233644859812,송파구,잠실본동,이동권 우선,False,1736.2880856845463,945.8792307149303,10799.30097959849,0.5143120990123042,48
1153078000,35329,8742,1.99375866851595,0.7799706946753441,0.11278442641789393,0.4896726878966747,0.0,50197.057727272724,1.4208456997727852,0,교통 사각 저소득 고령 밀집,3055.456310679612,구로구,오류2동,공급 먼저,True,1660.6806232005808,1071.9335864335553,8396.330575357058,0.519680151893518,49
1153074000,33128,8142,2.01980198019802,0.8930186467085641,0.09948358568847392,0.5268195545759684,0.0,41912.52409090909,1.265169164782332,0,교통 사각 저소득 고령 밀집,403.0693069306931,구로구,개봉1동,공급 먼저,True,1656.5001436490468,1146.365723377012,6690.23792699945,0.5250346916193497,50
1141061500,32954,6650,1.5542258788332086,0.7273820916321142,0.13070725391973198,0.3972165460535635,0.0,61739.61090909091,1.8735088580776509,0,언덕 위 고령 주거지,1009.6858638743456,서대문구,연희동,공급 먼저,False,1640.963585584101,1070.5555120481888,8126.977991440417,0.5303390103309059,51
1168066000,26489,4649,1.5714285714285714,0.6447060710994328,0.08311400440114776,0.5616380646297746,0.0,35088.78090909091,1.3246547966737479,0,외곽 차 중심 신주거지,1715.1650485436894,강남구,개포1동,공급 먼저,False,1603.022272361835,1031.4844226333034,6064.819426180349,0.5355206859689449,52
1135069500,30044,6111,2.290213723284589,0.8216679566544183,0.1643268795086161,0.28515092423136396,0.0,71553.90545454546,2.3816371140509074,1,대중교통 양호 서민 주거지,1443.543307086614,노원구,상계6·7동,이동권 우선,False,1562.7125873444816,1127.0382398375577,9256.450244290627,0.5405720629103078,53
1150059100,25204,5135,1.5107142857142857,0.6147409433144079,0.1458211618874558,0.3844218631169633,0.0,46567.16863636364,1.8476102458484225,0,교통 사각 저소득 고령 밀집,320.9375,강서구,화곡6동,공급 먼저,False,1525.6415695346934,1209.7472865155628,7749.345005821549,0.5455036099571183,54
1174070000,25126,5468,2.224089635854342,0.756323765930208,0.11094334233106405,0.4607389804444342,0.0,40145.13909090909,1.5977528890754236,1,외곽 차 중심 신주거지,857.7254901960785,강동구,둔촌2동,공급 먼저,False,1500.5837497194093,1102.579882701337,7218.6039782936505,0.5503541590685177,55
1174052600,13118,2323,1.3756613756613756,0.40785701632463556,0.19786301633608347,0.41603070701631145,0.0,25119.51818181818,1.914889326255388,0,외곽 차 중심 신주거지,1089.8024691358023,강동구,상일제2동,공급 먼저,False,1467.7413041256589,1265.208374457954,4944.230095126736,0.5550985468974692,56
1174062000,27770,5970,2.2671957671957674,0.6731419169090193,0.09800829923406358,0.48778433115067366,0.0,41827.40863636363,1.5062084492748877,0,대중교통 양호 서민 주거지,0.0,강동구,천호3동,공급 먼저,False,1458.450367840487,724.5799700662377,6614.968422342718,0.5598129023188654,57
1138062500,44213,10685,2.21978021978022,0.9633623144239826,0.10050990518215623,0.5133245327593086,0.0,61522.84636363636,1.3915103332421768,0,대중교통 양호 서민 주거지,513.7019230769231,은평구,역촌동,이동권 우선,False,1456.7929171103856,1284.1421701890697,7290.318340793416,0.5645219001278208,58
1171067000,34473,4436,1.8243386243386244,0.6467422930025544,0.10018909563716057,0.38962781611251324,0.0,64990.442272727276,1.8852563534571194,0,외곽 차 중심 신주거지,2267.288888888889,송파구,잠실2동,공급 먼저,False,1437.648623508501,923.5788052760962,11976.729850742102,0.5691690151286115,59
1150064100,21157,6426,1.8813775510204083,0.8416702749808502,0.12334813059558304,0.47958325673430335,0.0,27348.732272727273,1.292656438659889,0,교통 사각 저소득 고령 밀집,2180.25,강서구,방화3동,공급 먼저,True,1429.025054289785,1271.0146437530987,5914.688938920943,0.5737882549468148,60
1123065000,36998,8217,1.8593073593073592,0.7021493876800131,0.20354630643132152,0.3826516493043914,0.0,58938.60772727273,1.593021453248087,0,교통 사각 저소득 고령 밀집,249.0,동대문구,장안1동,공급 먼저,True,1422.8219429251835,886.377926569145,8449.554021947433,0.578387443570726,61
1154569000,9865,2913,1.5470383275261324,0.584948154386934,0.2342846760578143,0.39762700727404265,0.0,16426.591363636366,1.6651385061973,0,교통 사각 저소득 고령 밀집,426.2926829268292,금천구,시흥3동,공급 먼저,True,1398.774613931615,1317.2636124144324,4667.066219137514,0.5829089006116429,62
1121583000,26254,5082,1.6298701298701297,0.5557081677704138,0.15604569794753687,0.4326517038335689,0.0,45798.87409090909,1.7444531915483008,0,외곽 차 중심 신주거지,739.1999999999999,광진구,자양2동,공급 먼저,False,1357.5313088274215,850.5960602089942,7716.140412586782,0.5872970410836166,63
1174055000,23550,3562,1.411764705882353,0.48930770453876493,0.08303376654696125,0.5805304046009017,0.0,28981.117727272725,1.2306207102875892,0,외곽 차 중심 신주거지,1257.1764705882354,강동구,고덕1동,공급 먼저,False,1341.6555235365595,971.0297405133255,4792.483862585938,0.591633864009169,64
1156060500,31057,5327,2.536388140161725,0.9816460632818188,0.2915423892481675,0.23721733919045732,0.0,86781.65454545454,2.7942703591929208,0,외곽 차 중심 신주거지,0.0,영등포구,문래동,공급 먼저,False,1338.9326329743799,965.815151042826,15157.126009174655,0.595961885350405,65
1147054000,23446,4061,1.5811138014527846,0.5341499820940792,0.0951905795317422,0.5279349016555237,0.0,29787.826363636363,1.2704864950796027,0,교통 사각 저소득 고령 밀집,0.0,양천구,목4동,공급 먼저,False,1256.0646751571135,851.5832510934886,4676.612099319958,0.6000220408699372,66
1174064000,18809,3839,2.12987012987013,0.898222403791933,0.1756245851796739,0.36283415210862635,0.0,40554.935,2.1561451964485085,0,외곽 차 중심 신주거지,0.0,강동구,성내1동,공급 먼저,False,1255.6554622500537,707.7953465286887,6299.429653259316,0.6040808736327068,67
1117069000,12130,2468,1.996031746031746,0.7671194870761608,0.11505050047556502,0.3309718583076438,0.0,25942.825,2.138732481450948,0,외곽 차 중심 신주거지,1188.2962962962963,용산구,서빙고동,공급 먼저,False,1246.1337924602763,660.0392838432992,6930.2043711469905,0.6081089281553773,68
1150059300,22283,5480,1.6640211640211642,0.8409526992302913,0.17758896852257838,0.3061105968664864,0.0,49874.07454545455,2.2382118451489723,0,대중교통 양호 서민 주거지,1217.7777777777776,강서구,화곡8동,공급 먼저,False,1244.9020871754035,968.8362318635375,7011.74424271221,0.6121330012628311,69
1135061900,21973,3002,1.2339089481946626,0.45354146610248364,0.10534206594482576,0.4594935425892017,0.0,34115.17227272727,1.5525951063909011,0,외곽 차 중심 신주거지,1319.5604395604396,노원구,중계본동,공급 먼저,False,1243.035319196738,1101.6348426293155,4444.546922868341,0.6161510401520935,70
1138056000,30488,7660,1.4334975369458127,0.7141486677033588,0.09506531446463429,0.49344450235439313,0.0,43241.11772727273,1.4182995843372057,0,교통 사각 저소득 고령 밀집,2025.057471264368,은평구,구산동,공급 먼저,True,1230.6929580997446,1296.1026820879856,5203.606415462605,0.6201291830817584,71
1171061000,28102,4868,2.2610837438423648,0.9344805094299228,0.13015380279590696,0.5243133537746808,0.0,37715.001818181816,1.342075361831251,0,대중교통 양호 서민 주거지,1286.9425287356323,송파구,삼전동,공급 먼저,False,1220.0670703985877,725.3756668045392,6229.395405750864,0.6240729784515778,72
1138065000,21058,3799,1.6285714285714286,0.8386010532954893,0.0976908409989501,0.5187445644805372,0.0,28285.642272727273,1.3432254854557542,0,외곽 차 중심 신주거지,202.61333333333337,은평구,수색동,공급 먼저,False,1199.9771547304272,1135.3563813970286,4638.078076632751,0.6279518343452697,73
1135061100,25059,5588,1.9454545454545455,0.7455215418135895,0.11171874749568078,0.39480724462857464,0.0,47503.15681818182,1.895652532749983,1,교통 사각 저소득 고령 밀집,762.0,노원구,하계1동,이동권 우선,True,1194.6022423125164,897.2538531929765,6354.2729099806265,0.6318133161492732,74
1147056000,18415,5424,1.3861607142857144,0.43034968513481164,0.10535203333981118,0.5039090042814712,0.0,22568.814090909087,1.225566879766988,0,교통 사각 저소득 고령 밀집,508.5,양천구,신월1동,공급 먼저,True,1179.3551210743656,961.0467169537495,3866.5412026801887,0.6356255125265972,75
1154568000,19668,5188,0.7885714285714286,0.32416648375906504,0.08576174996452846,0.5736520844845376,0.0,23021.017272727273,1.1704808456745615,0,교통 사각 저소득 고령 밀집,415.04,금천구,시흥2동,공급 먼저,False,1175.0239437531502,1072.7244803093204,3707.662862503443,0.639423708626822,76
1156062000,22354,3243,2.140926640926641,0.8251885030726047,0.23956490124465246,0.32549621749132734,0.0,48233.98181818182,2.157733820264016,0,외곽 차 중심 신주거지,920.3108108108108,영등포구,양평2동,공급 먼저,False,1151.370426039838,854.2217942557621,8743.111562265849,0.6431454461159581,77
1147068000,27580,6339,2.3246753246753245,0.9997963504486624,0.09652466998018466,0.47647772430104485,0.0,40350.50409090909,1.4630349561605906,0,교통 사각 저소득 고령 밀집,704.3333333333333,양천구,신정7동,공급 먼저,True,1142.383448973386,851.3726320909096,4973.266960558703,0.6468381337279168,78
1154571000,17088,5196,1.0561224489795917,0.5965400560886597,0.10665689543489591,0.4914538663274968,0.0,21348.383181818182,1.2493201768386109,0,교통 사각 저소득 고령 밀집,278.35714285714283,금천구,시흥5동,공급 먼저,True,1141.6633631707095,894.0725954344971,3710.892534854288,0.6505284937046795,79
1150059000,31606,6361,1.4749536178107607,0.5387963381619921,0.08612571668862944,0.5847862523795764,0.0,35394.23772727273,1.1198581828536585,0,교통 사각 저소득 고령 밀집,1156.5454545454545,강서구,화곡본동,이동권 우선,False,1140.1398369241358,789.685479483413,5190.220050201146,0.654213928972053,80
1117063000,24925,4895,2.3043478260869565,0.8717966147011581,0.09793311399133782,0.48153251287593574,0.0,36511.821363636365,1.4648674569162032,0,고소득 활동 지역,478.85869565217394,용산구,이촌1동,공급 먼저,False,1127.887321735268,622.8717717373396,5866.958417910387,0.6578597587014664,81
1174060000,23741,6345,1.8144989339019189,0.752154031168657,0.08989518686284721,0.5596742371263704,0.0,30042.20909090909,1.2654146451669723,0,대중교통 양호 서민 주거지,94.70149253731344,강동구,천호1동,공급 먼저,False,1124.9331326385595,614.7964262688287,4718.5450969829235,0.6614960391875934,82
1141072000,29456,7586,2.269016697588126,0.9883361736024882,0.08661844772029567,0.521499117652376,0.0,41612.90227272727,1.4127139554836796,0,대중교통 양호 서민 주거지,0.0,서대문구,북가좌2동,이동권 우선,False,1121.431525161837,896.3877760497165,5207.367986071167,0.6651210009325718,83
1162076500,28290,7209,1.5206349206349208,0.6509502067346397,0.10785013986492963,0.5045257017875617,0.0,37395.656818181815,1.3218683923005237,0,교통 사각 저소득 고령 밀집,961.2,관악구,미성동,이동권 우선,True,1110.910276010785,737.9650609277796,5231.296102616096,0.6687119533556912,84
1132052100,19293,6904,1.9852216748768472,0.8361358771300216,0.1209208920967969,0.3955339084630529,0.0,30721.554090909085,1.5923679101699624,0,교통 사각 저소득 고령 밀집,2142.620689655173,도봉구,도봉1동,공급 먼저,True,1100.0647430889298,1046.9765932778873,4689.538425691353,0.6722678482286496,85
1153052000,20014,3583,1.8806907378335949,0.5799067528182893,0.09097496361092598,0.5964724090474319,0.0,22143.26,1.1063885280303787,0,외곽 차 중심 신주거지,393.7362637362637,구로구,구로1동,공급 먼저,False,1085.1344347159038,763.8385884882564,4072.407590965932,0.6757754817539656,86
1162073500,25084,3674,1.242200328407225,0.6467952864863675,0.1379154724454802,0.2314774317054066,0.0,69667.56727272726,2.777370725272176,0,언덕 위 고령 주거지,2069.264367816092,관악구,대학동,이동권 우선,False,1083.436443067381,770.0362997527889,8443.813918027889,0.6792776266206956,87
1135066500,26200,7301,1.7490996398559424,0.673443878213533,0.08620788950731427,0.5584806680375075,0.0,31601.927272727276,1.2061804302567662,0,언덕 위 고령 주거지,2147.3529411764707,노원구,상계3·4동,공급 먼저,False,1081.6772722061485,955.5518719501235,4568.463673812189,0.6827740850706165,88
1123061000,27116,6744,1.7279843444227005,0.6618757532950547,0.11731246403997907,0.522670311631609,0.0,36381.943636363634,1.3417149888023172,0,교통 사각 저소득 고령 밀집,0.0,동대문구,답십리2동,공급 먼저,False,1081.416053365967,619.1066034181406,4524.655361323364,0.6862696991459312,89
1153075000,29083,7912,2.1449579831932772,0.8420862967703594,0.09948277099781222,0.5296873438916662,0.0,33425.76045454545,1.1493229878123115,0,교통 사각 저소득 고령 밀집,1396.235294117647,구로구,개봉2동,공급 먼저,True,1080.1339397975087,753.808896489028,5096.485920780191,0.6897611688642037,90
1153077000,23027,4867,2.109375,0.9001226077144383,0.09311989067029126,0.5372703658131227,0.0,27583.619545454545,1.1978815974922719,0,교통 사각 저소득 고령 밀집,1064.65625,구로구,오류1동,공급 먼저,False,1077.6144589732594,684.3066966969154,4516.1977646141895,0.6932444945082281,91
1135057000,24502,7015,1.7826747720364744,0.7076439759925329,0.08759443529105043,0.4748800401954644,0.0,32564.506363636363,1.329055030758157,0,교통 사각 저소득 고령 밀집,1119.414893617021,노원구,월계2동,공급 먼저,True,1075.8216067954036,940.4023067035424,4753.567119998664,0.6967220248625595,92
1168073000,13986,3910,1.2676518883415435,0.3153132899806765,0.10714994358252221,0.440746585948271,0.0,19856.83818181818,1.4197653497653497,0,교통 사각 저소득 고령 밀집,1438.1609195402298,강남구,일원1동,공급 먼저,True,1075.1455543463646,606.7207605234097,4260.489611650428,0.7001973699169325,93
1135062100,25709,3207,1.826530612244898,0.7370977862999427,0.10665127673150081,0.4529225228475564,0.0,39015.660454545454,1.5175876329124218,0,외곽 차 중심 신주거지,0.0,노원구,중계1동,공급 먼저,False,1050.560296130612,879.8580794874232,4506.353572075747,0.7035932445635963,94
1153051000,35718,5914,2.314028314028314,0.9301191413741025,0.16283523955259643,0.4263849837738489,0.0,60746.215454545454,1.7007171581428258,0,외곽 차 중심 신주거지,586.072072072072,구로구,신도림동,공급 먼저,False,1044.084260294963,623.1511405830802,9504.584423913568,0.706968185803595,95
1132051500,23236,5672,2.075892857142857,0.7582883874369222,0.11243021164537394,0.4507569311674082,0.0,34633.44818181818,1.4905081847916242,0,교통 사각 저소득 고령 밀집,0.0,도봉구,창5동,공급 먼저,False,1031.57468016085,859.5236738098586,4746.8761297770725,0.7103026905582493,96
1129081000,32735,8612,2.045918367346939,0.8247019236833769,0.09866144250989663,0.4752619346773573,0.0,45506.314545454545,1.3901424941333296,0,교통 사각 저소득 고령 밀집,1353.3142857142857,성북구,석관동,공급 먼저,True,1030.2588123726073,737.5944927417205,5396.395677982902,0.7136329418473225,97
1171056100,14705,2843,2.2882653061224487,0.8999914768887642,0.12734770704647777,0.32932547745625657,0.0,33894.87090909091,2.3049895211894533,0,외곽 차 중심 신주거지,0.0,송파구,방이1동,공급 먼저,False,1028.1721085485337,675.41078628213,4794.533486716299,0.7169564479884616,98
1132071000,25209,6770,1.4140786749482401,0.6500815223104276,0.07746626534728608,0.5995479497243983,0.0,26984.93090909091,1.0704482886703521,0,교통 사각 저소득 고령 밀집,2060.434782608696,도봉구,방학3동,공급 먼저,True,988.4839476997829,675.4023653146751,3788.0624725057573,0.7201516644734091,99
1174054000,16844,3323,2.1475409836065573,0.9725792659914845,0.10742569917736687,0.38147002075116193,0.0,33263.19772727272,1.974780202284061,0,외곽 차 중심 신주거지,272.37704918032784,강동구,명일2동,공급 먼저,False,978.2125069627318,673.9608429051278,3897.5423606329005,0.7233136791275696,100
1153079000,21589,5736,1.3755615453728662,0.6561140415598099,0.11291303525767651,0.49742888920501227,0.0,29514.74590909091,1.3671196400523837,0,교통 사각 저소득 고령 밀집,2417.056603773585,구로구,수궁동,이동권 우선,True,976.4499573239445,646.9799953498045,4840.701720390491,0.7264699964432205,101
1111056000,16921,4192,0.8374384236453202,0.39326747168380793,0.08873506174853907,0.47578841755747503,0.0,23734.82727272727,1.4026846683249967,0,언덕 위 고령 주거지,1424.8669950738915,종로구,평창동,공급 먼저,False,964.0797890805519,620.0744349582927,4130.43202763381,0.7295863279143011,102
1129071500,24355,5715,1.8379530916844349,0.6854670851042746,0.11424836475177397,0.4348395523317,0.0,39382.60863636364,1.6170235531251753,0,교통 사각 저소득 고령 밀집,85.29850746268657,성북구,월곡1동,공급 먼저,False,959.3148093746977,567.2770982239783,4869.943632071458,0.7326872568674734,103
1147063000,18650,3358,2.18,0.7577671712393511,0.13698992226087203,0.41479690775633665,0.0,29978.58545454545,1.607430855471606,0,외곽 차 중심 신주거지,134.32,양천구,신정2동,공급 먼저,False,957.7572781766896,731.1809090820609,4057.351554887384,0.735783151192242,104
1132067000,17208,4849,1.9226190476190477,0.686894818274987,0.13943112179079448,0.3999471520181452,0.0,29178.03,1.6956084379358438,0,교통 사각 저소득 고령 밀집,0.0,도봉구,쌍문2동,공급 먼저,True,953.0842670109968,648.5076389153239,3725.382229391497,0.7388639402820236,105
1147052000,27720,5428,1.5660714285714286,0.6999159945600733,0.08392005306800415,0.602831107332107,0.0,32433.855909090908,1.1700525219729765,0,외곽 차 중심 신주거지,271.40000000000003,양천구,목2동,공급 먼저,False,948.5693967171969,657.8762271024468,4646.6377841950225,0.7419301353179272,106
1121577000,26753,6687,1.4578754578754578,0.6342526946930904,0.09755696106626158,0.4726853798358725,0.0,41851.71272727272,1.5643745646197706,0,언덕 위 고령 주거지,1800.3461538461538,광진구,중곡4동,공급 먼저,False,947.8679178969156,628.4812299084426,5364.304163512742,0.744994062864616,107
1171059000,16890,3141,2.0977443609022557,0.798597395807394,0.10255183264228451,0.48418303564532916,0.0,25131.100909090906,1.487927821734216,0,외곽 차 중심 신주거지,0.0,송파구,송파2동,공급 먼저,False,946.3777982463844,444.5041225327269,4024.1857952604696,0.7480531736867815,108
1154563000,22518,5939,1.76007326007326,0.7830045443886451,0.10959397475592315,0.542538792796171,0.0,23610.903181818183,1.0485346470298509,0,교통 사각 저소득 고령 밀집,685.2692307692308,금천구,독산3동,공급 먼저,True,945.4550112133576,732.866209984405,3566.5036059177596,0.751109301653892,109
1154562000,16964,4483,1.6071428571428572,0.5850355960264864,0.09963522802744816,0.5429823795912087,0.0,17058.602272727272,1.005576648946432,0,교통 사각 저소득 고령 밀집,0.0,금천구,독산2동,공급 먼저,True,944.3681050260248,728.2542316229026,3127.6387253172493,0.7541619162603906,110
1147061100,17842,5292,0.8832752613240419,0.40611368461130043,0.11820054031388194,0.5056614842157306,0.0,21211.912727272727,1.1888752789638342,0,교통 사각 저소득 고령 밀집,1871.560975609756,양천구,신월7동,공급 먼저,True,943.6402222419322,772.8638237042728,3323.777743830678,0.7572121780284075,111
1132051200,27407,6836,1.5668202764976957,0.6584337341430878,0.10929640522531794,0.49813971101349913,0.0,36961.02181818182,1.3485978698209151,0,교통 사각 저소득 고령 밀집,330.7741935483871,도봉구,창2동,이동권 우선,False,939.3113282026534,642.1859883554031,4484.367390028553,0.7602484468999001,112
1165059000,19706,3630,1.9047619047619049,0.6754593331613149,0.13973104633992373,0.4741300990571752,0.0,29966.669545454548,1.5206875847688293,0,고소득 활동 지역,0.0,서초구,방배본동,공급 먼저,False,937.0932150819458,518.6266867390028,4902.2978582206,0.7632775458506013,113
1154570000,18166,5351,1.3090379008746356,0.5678141125892132,0.07803875529095464,0.6242244926035885,0.0,18670.69409090909,1.0277823456407074,0,교통 사각 저소득 고령 밀집,109.20408163265306,금천구,시흥4동,공급 먼저,True,931.1514382440218,742.4619218246845,3057.953340861444,0.7662874383555665,114
1126052000,22841,5828,1.973469387755102,0.7676442312024121,0.12723047231016374,0.559257417118576,0.0,24495.72909090909,1.0724455624057219,0,교통 사각 저소득 고령 밀집,166.5142857142857,중랑구,면목2동,공급 먼저,True,929.4553387188682,599.3228932929328,3788.7320874878874,0.7692918483181235,115
1121586000,24773,5463,1.7219662058371736,0.6915798923713868,0.11219719604139078,0.47348003584245524,0.0,38783.869090909095,1.5655701405122147,0,언덕 위 고령 주거지,1409.8064516129032,광진구,구의2동,공급 먼저,False,917.4100327897035,672.8662565020733,5473.048900724135,0.7722573225345204,116
1150053000,18830,4093,1.6797235023041475,0.6423047018850233,0.09766939353319401,0.509170513636441,0.0,25009.05818181818,1.3281496644619322,0,외곽 차 중심 신주거지,594.1451612903227,강서구,등촌2동,공급 먼저,False,902.0785276375502,656.5551411121878,4033.8293869337003,0.7751732385581767,117
1129076000,22459,5014,1.2235023041474655,0.7315545798109867,0.09155176923376024,0.5528337108930618,0.0,29084.70181818182,1.295013216001684,0,교통 사각 저소득 고령 밀집,80.87096774193549,성북구,장위1동,공급 먼저,True,884.381311800658,553.774278886613,3602.2584624653105,0.7780319493678166,118
1162074500,19850,6432,1.1857142857142857,0.771896193179258,0.08872864181076935,0.5322575400422126,0.0,24546.311818181817,1.2365900160293106,0,언덕 위 고령 주거지,1010.7428571428572,관악구,삼성동,이동권 우선,True,879.4832107620629,585.2078268234781,3684.6211594957776,0.7808748273526344,119
1156063000,18870,4097,2.224761904761905,0.9829062735204419,0.12454266437549617,0.4879192475588567,0.0,27508.765909090907,1.4578042347159994,1,대중교통 양호 서민 주거지,327.76,영등포구,신길1동,공급 먼저,False,870.4819886629293,535.3143860437864,4412.888089234347,0.7836886094140407,120
1144070000,17042,3524,1.6316964285714286,0.6953006420490363,0.07922119024564266,0.4894378282069899,0.0,24086.708636363634,1.4133733503323338,0,교통 사각 저소득 고령 밀집,1486.6875,마포구,망원2동,공급 먼저,False,868.9788059464,667.3014963067167,3797.7184263995473,0.7864975325253275,121
1171055000,16801,5181,1.819548872180451,0.6159337955816648,0.10387940615701595,0.5432453776109475,0.0,20747.388181818184,1.2348900768893627,0,교통 사각 저소득 고령 밀집,886.2236842105264,송파구,마천2동,공급 먼저,True,868.7301943918609,725.1886813455341,3058.649939180841,0.7893056520143205,122
1121585000,23264,3982,2.2270408163265305,0.9311882489750817,0.10092460089639106,0.46857095847373786,0.0,34344.89227272727,1.4763107063586345,0,대중교통 양호 서민 주거지,0.0,광진구,구의1동,이동권 우선,False,868.6168020139168,547.0667697977988,5098.806526950202,0.792113404969091,123
1174058000,14517,2969,1.4417582417582417,0.49482565558061964,0.10273951870201621,0.498538372485319,0.0,21233.49090909091,1.4626638361294282,0,외곽 차 중심 신주거지,1233.2769230769231,강동구,암사2동,공급 먼저,False,864.9528467984026,431.0172707247111,3931.797801726344,0.7949093144031528,124
1153076000,18482,5290,1.1336405529953917,0.38682055370748863,0.11154706575178672,0.5045246454654266,0.0,25099.103636363638,1.3580296307955653,0,교통 사각 저소득 고령 밀집,682.5806451612902,구로구,개봉3동,공급 먼저,True,863.8682323639797,588.5673017441477,3907.37965452079,0.7977017178845599,125
1150056000,20398,5211,1.9708454810495626,0.8137296063174532,0.11781265933928416,0.41933776034964176,0.0,33910.45136363636,1.66244001194413,0,대중교통 양호 서민 주거지,0.0,강서구,화곡3동,이동권 우선,False,855.9928105056943,632.3493792695813,4624.81535560071,0.8004686645259181,126
1132070000,17385,5436,1.2635467980295565,0.4639773594754146,0.11009525866952355,0.5333993871942985,0.0,19887.810454545455,1.143963788009517,0,교통 사각 저소득 고령 밀집,1874.4827586206895,도봉구,방학2동,공급 먼저,True,854.9441672617943,584.1626934586548,3031.612779328605,0.8032322214893887,127
1129070500,36618,8164,1.849939975990396,0.7684257265820204,0.11621424286255072,0.4323367861031195,0.0,63865.634545454544,1.7441049359728698,0,언덕 위 고령 주거지,1440.7058823529412,성북구,종암동,공급 먼저,False,841.4478484090687,560.5941324496512,7080.992148982454,0.8059521523923807,128
1147060000,13597,3184,1.48,0.6964578303374289,0.11601072411171576,0.4748501310951671,0.0,14868.449090909091,1.093509530845708,0,교통 사각 저소득 고령 밀집,191.04,양천구,신월5동,공급 먼저,True,839.3945613602239,661.170335132998,2930.3096845969353,0.808665446165208,129
1153073000,24683,6523,1.173469387755102,0.4911987836194064,0.09435417785282078,0.5678380191961578,0.0,19010.243636363637,0.7701755717037491,0,교통 사각 저소득 고령 밀집,559.1142857142858,구로구,고척2동,공급 먼저,True,834.0853823518137,602.2068039552253,2886.136649098773,0.8113615783277444,130
1162060500,31236,6879,2.204081632653061,0.9675482249853531,0.1002015325780504,0.5273777872173779,0.0,39198.715454545454,1.2549210991978952,0,대중교통 양호 서민 주거지,589.6285714285715,관악구,은천동,이동권 우선,False,832.8089223784319,396.94237578555214,5043.726565566997,0.8140535844081538,131
1156058500,17519,3896,2.1596638655462184,0.6584375684048388,0.09732281968950787,0.5377306934097142,0.0,23183.958181818183,1.3233608186436545,0,교통 사각 저소득 고령 밀집,0.0,영등포구,도림동,공급 먼저,True,822.1344260955748,444.9739895753582,3978.728305744151,0.8167110858043234,132
1162056500,29432,6512,1.0491803278688525,0.4413542606924421,0.0811140566481077,0.6230986584897826,0.0,32371.52181818182,1.099875027799056,0,언덕 위 고령 주거지,320.2622950819672,관악구,성현동,이동권 우선,False,815.3315137262327,386.7805248847532,4107.097623565977,0.8193465971845715,133
1123073000,23529,4739,1.914862914862915,0.7592661859847243,0.08015134518417753,0.47864419857478013,0.0,35237.689090909094,1.4976279948535465,1,교통 사각 저소득 고령 밀집,1053.111111111111,동대문구,휘경2동,공급 먼저,False,814.9242651123793,576.5560384796522,4931.574252869621,0.8219807921575197,134
1147057000,20397,5125,1.7868852459016393,0.5554615728606028,0.11435042710989635,0.5449173738347773,0.0,17540.833636363637,0.8599712524569122,0,교통 사각 저소득 고령 밀집,420.0819672131147,양천구,신월2동,공급 먼저,True,809.5774324787851,609.6157240529469,2939.7727218616383,0.8245977038070383,135
1154564000,13775,3691,1.2641509433962264,0.70214201519668,0.1283772675824064,0.43790485850733013,0.0,20042.846818181817,1.455016102953308,0,교통 사각 저소득 고령 밀집,487.49056603773585,금천구,독산4동,공급 먼저,True,809.1133667349916,620.3796583240528,2986.521677282354,0.8272131153912112,136
1130566000,27872,8408,1.5206611570247934,0.74451469020644,0.10055639610316434,0.5122922776991801,0.0,37149.30272727273,1.3328538578958355,1,교통 사각 저소득 고령 밀집,4655.669421487603,강북구,인수동,이동권 우선,False,806.3236661635116,528.097841402521,4095.374993182176,0.8298195094316246,137
1121582000,21417,4329,2.2248677248677247,0.7625791752806043,0.13806817391099324,0.4111704537295048,0.0,34393.068636363634,1.6058770433003517,1,대중교통 양호 서민 주거지,240.5,광진구,자양1동,이동권 우선,False,790.8421833892784,508.40709543526964,5016.48692274775,0.8323758604854151,138
1162077500,23988,6480,0.8033126293995859,0.44234158519920014,0.0762812466166628,0.60236960498624,0.0,21814.79818181818,0.909404626555702,0,교통 사각 저소득 고령 밀집,1408.695652173913,관악구,난곡동,이동권 우선,True,790.3885222084311,486.9933807585063,3150.109327871983,0.8349307451060004,139
1129063000,21380,5348,1.687830687830688,0.7392339916916789,0.07398735675537615,0.5388158277591555,0.0,30423.361363636366,1.422982290160728,0,언덕 위 고령 주거지,1518.567901234568,성북구,정릉2동,공급 먼저,False,788.6437635298001,456.6715946052125,3602.25395402275,0.8374799898963132,140
1168065500,20798,3580,2.369047619047619,0.974856676390197,0.2816696146923525,0.211024861551778,0.026910171960932205,73738.1018181818,3.545441956831513,2,고소득 활동 지역,49.72222222222222,강남구,도곡1동,이동권 우선,False,783.311515470757,363.19959491678213,16214.100195639563,0.8400119985069797,141
1121584000,26547,5360,2.1081632653061226,0.7316744515024495,0.11900314477669865,0.3390792096600066,0.009857776952935769,57683.52909090909,2.1728831540629483,0,외곽 차 중심 신주거지,612.5714285714286,광진구,자양3동,이동권 우선,False,780.0415791596317,608.5969310362725,7724.637980143331,0.8425334372399761,142
1135070000,21207,3536,2.2514285714285713,0.7544634626300786,0.09346669332883059,0.5095208087581898,0.0,28838.960454545453,1.3598793065754446,0,외곽 차 중심 신주거지,707.2,노원구,상계8동,이동권 우선,False,775.0077951126862,602.2636639696259,3894.9394112477166,0.84503860456077,143
1150057000,18957,4868,0.8426150121065376,0.3923399959377614,0.09099000233421911,0.5760720159026497,0.0,20633.725454545456,1.0884488819193678,0,교통 사각 저소득 고령 밀집,1237.6271186440677,강서구,화곡4동,공급 먼저,True,773.377662295017,600.5937276164109,2958.439354522413,0.8475385025726756,144
1126057500,23347,6312,1.8658536585365855,0.910859019621413,0.1265147570436601,0.3732673132277544,0.0,43288.557727272724,1.8541379075372735,1,교통 사각 저소득 고령 밀집,1000.6829268292684,중랑구,면목3·8동,이동권 우선,False,773.1819171269149,600.7195085971921,5965.764805238752,0.8500377678497861,145
1174059000,16835,3384,1.3224489795918366,0.48895047641572853,0.09247255010073092,0.5165575720861093,0.0,22978.184999999998,1.3649055539055537,0,외곽 차 중심 신주거지,2078.7428571428572,강동구,암사3동,공급 먼저,False,772.1163148469616,583.3028316316818,3286.2098664219725,0.8525335886299181,146
1144072000,18234,3490,2.2250489236790605,0.9515039333341936,0.1521458639787697,0.4486818753440858,0.0,29341.582727272726,1.6091687357284592,0,대중교통 양호 서민 주거지,143.42465753424656,마포구,성산1동,공급 먼저,False,768.7149639020886,589.8011446975008,4605.124760973504,0.8550184147422707,147
1141066000,23338,5702,1.2122448979591836,0.48930661350632676,0.06868953076989986,0.6384014089126526,0.0,25167.570909090908,1.0783945029175983,0,언덕 위 고령 주거지,1140.4,서대문구,홍은1동,공급 먼저,False,752.941720885578,382.2553755887691,3394.93859314593,0.8574522547700998,148
1135062400,18464,4619,2.061576354679803,0.7495757756173875,0.10262035352465104,0.48438417535240624,0.0,25789.355000000003,1.3967371642114386,0,교통 사각 저소득 고령 밀집,238.91379310344828,노원구,중계4동,공급 먼저,True,748.9046586200075,646.039265548137,3335.977912797105,0.8598730452305267,149
1135067000,21971,6193,1.9107142857142858,0.9413749145905577,0.09924773613784721,0.5491724633544305,0.0,27235.185000000005,1.23959696873151,0,대중교통 양호 서민 주거지,258.04166666666663,노원구,상계5동,이동권 우선,False,745.5993316358364,599.4540552453274,3750.4148858990648,0.8622831514150049,150
1144069000,18345,3855,1.6513317191283294,0.7576671637562845,0.11369758637219,0.373095248107187,0.0,34417.749090909085,1.876137862682425,0,대중교통 양호 서민 주거지,1110.7627118644068,마포구,망원1동,이동권 우선,False,742.8283170144432,520.5245398272574,5199.031616476957,0.8646843004569631,151
1129066000,35319,5445,1.9931972789115644,0.741460460122233,0.08471213281941854,0.5250213635926275,0.0,50098.50681818182,1.4184576805170537,0,언덕 위 고령 주거지,64.82142857142857,성북구,길음1동,공급 먼저,False,740.8792373190915,468.61845732151926,4590.536734642486,0.8670791492129253,152
1162072500,19935,3574,2.258503401360544,0.9446801419611218,0.2029916993297131,0.3309688066636048,0.0,40385.62136363636,2.025865129853843,0,대중교통 양호 서민 주거지,0.0,관악구,조원동,공급 먼저,False,740.7319039592676,592.2509996537563,6159.172964060945,0.869473521722428,153
1141070000,28284,5597,1.7982142857142858,0.7595138658940346,0.09290476595330052,0.4300711200864331,0.0,47582.77272727273,1.6823211966932798,0,교통 사각 저소득 고령 밀집,69.9625,서대문구,남가좌2동,공급 먼저,False,738.2891929661755,566.2969386454288,5836.152394967388,0.871859998311667,154
1159063000,27574,6554,1.3575705731394354,0.6189225673534647,0.12842543981703528,0.3683629157508038,0.0,55170.90136363637,2.00083054194663,0,언덕 위 고령 주거지,2982.65868263473,동작구,사당2동,이동권 우선,False,735.5640663847823,327.47314523181035,8517.740110521861,0.8742376660887887,155
1120079000,13198,2517,1.4961294862772696,0.5629101260965648,0.20688855514254056,0.35330304224618947,0.0,28403.594545454544,2.15211354337434,0,외곽 차 중심 신주거지,1239.9014778325122,성동구,용답동,공급 먼저,False,712.6098122730692,415.9589675602034,4675.627216443885,0.8765411355834717,156
1138055200,26554,6327,1.5605786618444848,0.7900841566570443,0.07816987159280628,0.5237838363846222,0.0,33533.345,1.2628359192588687,0,교통 사각 저소득 고령 밀집,961.0632911392404,은평구,갈현2동,이동권 우선,False,704.9029056800049,701.7737396647598,3971.4339431062995,0.878819692953834,157
1126055000,13744,2907,1.9766233766233765,0.7566954932484659,0.09362120078640263,0.6018827887441026,0.0,15272.075,1.111181242724098,0,교통 사각 저소득 고령 밀집,369.98181818181814,중랑구,면목5동,공급 먼저,True,704.1716729838676,447.54272850109174,2659.6336039318617,0.8810958866573199,158
1147061000,13549,2459,1.4903474903474905,0.6435807103224291,0.12893029672506473,0.49360410572040314,0.0,16626.82409090909,1.2271624541227462,0,외곽 차 중심 신주거지,0.0,양천구,신월6동,공급 먼저,False,700.7098040620376,555.1261806333772,2948.135257937872,0.8833608900722092,159
1165051000,19996,3655,1.9836065573770492,0.8181226923295617,0.2753421562483867,0.2387446009680547,0.0,64898.945,3.245596369273855,1,고소득 활동 지역,479.344262295082,서초구,서초1동,이동권 우선,False,695.0549519040991,312.20242212406106,16498.399898381827,0.8856076145085912,160
1153080000,15952,2397,1.445993031358885,0.4638402500557577,0.1236570614279691,0.496050569945359,0.0,15059.537727272727,0.944053267757819,0,외곽 차 중심 신주거지,1227.7317073170732,구로구,항동,공급 먼저,False,693.8515879948172,512.392846661021,2653.261069240775,0.8878504491415937,161
1117057000,13318,2642,1.7516483516483516,0.6300588554932871,0.17085554994876187,0.4986272394858883,0.0,19275.857727272727,1.4473537863998143,0,언덕 위 고령 주거지,0.0,용산구,원효로2동,공급 먼저,False,680.9129924654117,456.20998739363745,3773.3338978309243,0.8900514605221055,162
1147062000,19334,3350,2.2408163265306125,0.9229692413389151,0.12868492564889603,0.440593928872746,0.0,23410.18,1.2108296265646012,0,외곽 차 중심 신주거지,0.0,양천구,신정1동,공급 먼저,False,679.160409845937,523.5883658790748,2893.0662974537076,0.892246806781914,163
1171056600,17354,3659,1.7201166180758019,0.6164049775066087,0.13781649742810512,0.301089869960505,0.0,42416.90363636363,2.4442147998365584,0,외곽 차 중심 신주거지,1070.3197278911564,송파구,오륜동,공급 먼저,False,674.1265418110903,592.0014894141859,7506.311337345169,0.8944258813580341,164
1132051300,12506,3568,1.4817275747508305,0.5261621526479014,0.11364818429758576,0.5127960092794646,0.0,15945.081363636364,1.274994511725281,0,교통 사각 저소득 고령 밀집,0.0,도봉구,창3동,공급 먼저,True,672.6618822537844,465.4555155278334,2234.8527424973695,0.8966002215078914,165
1162071500,14222,3310,0.9586466165413534,0.5459741904429939,0.12720930900239774,0.5586905453851035,0.0,15262.176363636363,1.0731385433579217,0,언덕 위 고령 주거지,87.10526315789473,관악구,난향동,공급 먼저,False,667.7540177780089,571.9654127860672,2928.553936996294,0.8987586972731877,166
1147053000,20497,4472,2.19533527696793,0.9737299570727012,0.11150911518423545,0.5473696157874692,0.0,17833.43,0.870050739132556,0,교통 사각 저소득 고령 밀집,0.0,양천구,목3동,공급 먼저,True,667.3876778829601,460.102369135331,2774.7864028562162,0.9009159888662224,167
1141068500,27015,6224,1.5795586527293843,0.67391905172126,0.08190849215567984,0.49936502891877915,0.0,33796.45681818182,1.2510256086685847,1,언덕 위 고령 주거지,2024.0650406504064,서대문구,홍은2동,공급 먼저,False,667.2581611954919,466.297874902771,4325.1677442102,0.9030728618041481,168
1147058000,13430,3765,1.2008281573498965,0.4385023994625168,0.1258001688532346,0.47257650277475394,0.0,12298.469545454545,0.9157460569958709,0,교통 사각 저소득 고령 밀집,654.7826086956521,양천구,신월3동,공급 먼저,True,662.1675201801469,507.6476723997188,2078.1827608618487,0.9052132795430501,169
1130560800,15273,5269,1.7170329670329672,0.7132976948548083,0.11191697426315676,0.4967572137580087,0.0,19283.921818181818,1.2626151913953918,0,교통 사각 저소득 고령 밀집,607.9615384615385,강북구,번3동,공급 먼저,True,651.0835288166274,432.5475036859127,2562.4064882542134,0.90731786892884,170
1162057500,28396,5064,2.169230769230769,0.9819706789898804,0.09178357357048149,0.6064160250450805,0.0,30570.329545454544,1.076571684232094,0,언덕 위 고령 주거지,233.72307692307697,관악구,행운동,이동권 우선,False,640.3825021584163,261.8196045856655,4219.6295376110165,0.9093878678725053,171
1159056000,28593,6317,1.1311154598825832,0.506095043696513,0.08204221598422151,0.6174818314658593,0.0,28461.10681818182,0.995387221284294,0,교통 사각 저소득 고령 밀집,259.6027397260274,동작구,상도4동,공급 먼저,False,638.3716269881459,294.16139785915055,3846.47658590039,0.9114513667799198,172
1147059000,16537,4216,1.8105590062111803,0.7672739500637499,0.09081747122898219,0.5753559280132751,0.0,12473.41090909091,0.7542728976894787,0,교통 사각 저소득 고령 밀집,183.30434782608697,양천구,신월4동,공급 먼저,True,635.2947432952343,470.107099193552,2127.820840404616,0.9135049198409493,173
1129052500,15514,3417,1.1364365971107544,0.43679318100481934,0.1277479873272984,0.3425004829362772,0.0,35267.21636363637,2.2732510225368294,0,언덕 위 고령 주거지,2668.331460674158,성북구,성북동,공급 먼저,False,629.6640635047017,366.455025904684,4515.3704340307295,0.9155402720592338,174
1159067000,22734,4757,2.267281105990784,0.9477843078910664,0.14130896250264713,0.47378875105888507,0.0,33307.975454545456,1.4651172452953927,0,대중교통 양호 서민 주거지,0.0,동작구,신대방1동,이동권 우선,False,628.6128656189612,341.95204562816986,4502.778059337925,0.9175722263419004,175
1138059000,26693,4788,2.1032967032967034,0.8248161463260745,0.0698282703831441,0.6236162687793333,0.0,27511.747272727276,1.0306727334030374,0,언덕 위 고령 주거지,73.66153846153847,은평구,응암2동,공급 먼저,False,626.2228827934105,517.6816537630637,3097.132685943566,0.9195964551450175,176
1126066000,15157,4303,0.9175824175824177,0.4160941464716285,0.09499999773261036,0.6154549509737456,0.0,15035.311363636363,0.9919714563328075,0,교통 사각 저소득 고령 밀집,579.25,중랑구,망우3동,공급 먼저,True,620.0963460503691,471.9650671341128,2335.57065617801,0.9216008802768232,177
1135071000,18835,4323,2.2689075630252105,0.88532832470736,0.06469351790189769,0.6019787310427979,0.0,22826.56681818182,1.2119228467311822,0,대중교통 양호 서민 주거지,339.05882352941177,노원구,상계9동,이동권 우선,False,610.8460060170582,418.3625772537632,3009.216809273138,0.923575404226081,178
1171051000,10508,3075,1.96,0.6341513055818315,0.10437081757085429,0.4912585038070215,0.0,15702.325454545455,1.4943210367858255,0,교통 사각 저소득 고령 밀집,984.0,송파구,풍납1동,공급 먼저,False,601.2144131138085,276.7136540709296,2855.420948238771,0.9255187946152112,179
1132051100,22562,5571,2.2220077220077217,0.9453922733045196,0.09002601634905348,0.5196819388384821,0.0,30365.17181818182,1.3458546147585242,0,대중교통 양호 서민 주거지,1505.6756756756758,도봉구,창1동,공급 먼저,False,596.1018024469308,507.64964788100906,3702.0127352461036,0.9274456587897055,180
1129078000,18740,3208,2.0766045548654244,0.9650075160306892,0.10108643683730231,0.5385238641791836,0.0,16991.156363636364,0.90667856796352,0,외곽 차 중심 신주거지,0.0,성북구,장위3동,공급 먼저,False,584.0698485223993,408.6519717479018,2383.0612547631827,0.9293336303776129,181
1168067500,15443,3805,1.501457725947522,0.6174453706742846,0.1611780608295748,0.4263968961505339,0.0,23657.66090909091,1.5319342685417932,0,교통 사각 저소득 고령 밀집,1553.061224489796,강남구,개포3동,공급 먼저,True,579.7800682702965,340.31565363553125,3961.866920262602,0.9312077355020228,182
1132068100,17522,4273,1.7325227963525835,0.6649247435200611,0.07629020533585702,0.593688923847094,0.0,18847.325909090912,1.0756378215438256,0,교통 사각 저소득 고령 밀집,636.4042553191489,도봉구,쌍문4동,공급 먼저,True,578.0638173654643,420.46081778513735,2348.469931686269,0.9330762929458699,183
1156070000,13177,3726,1.8017492711370264,0.6680631874320173,0.11086605134022624,0.41797272269421903,0.0,20771.679545454546,1.576358772516851,2,교통 사각 저소득 고령 밀집,0.0,영등포구,대림1동,공급 먼저,True,563.7923092070954,272.153247038274,3242.380420621631,0.9348987185751956,184
1156072000,20591,5563,2.003210272873194,0.7961135642887207,0.15399113786016144,0.42365606606562434,0.0,32162.45590909091,1.5619666800588077,0,교통 사각 저소득 고령 밀집,0.0,영등포구,대림3동,공급 먼저,True,562.2888738852945,304.1626841672119,5136.353932904792,0.9367162844378701,185
1162058500,17678,2279,1.7285714285714286,0.7443529083009167,0.13407673114383012,0.29864381874919305,0.0,46304.01454545455,2.619301648685063,0,언덕 위 고령 주거지,1215.4666666666667,관악구,낙성대동,이동권 우선,False,561.9352755197633,256.6759098185478,5920.372989097168,0.9385327073145314,186
1138063200,19316,4710,1.738498789346247,0.756822092693848,0.07399891272906284,0.6169930953262619,0.0,21314.416363636366,1.1034591200888573,0,언덕 위 고령 주거지,1995.7627118644064,은평구,신사2동,공급 먼저,False,549.1684724541401,517.9690122521758,2669.422769951283,0.9403078622477826,187
1123071000,10269,1634,1.4681318681318682,0.5338825024864737,0.12094386794879432,0.23813164729366235,0.020091641670474034,35696.34545454546,3.476126736249436,1,언덕 위 고령 주거지,754.1538461538462,동대문구,회기동,공급 먼저,False,537.4830923308673,515.3773415043523,5314.018908872986,0.9420452448739673,188
1162063000,17072,3422,1.533049040511727,0.5845323524289594,0.13136906310120924,0.37074425698355556,0.0,33960.67318181819,1.9892615500127804,0,언덕 위 고령 주거지,1430.089552238806,관악구,남현동,이동권 우선,False,534.8957362275016,303.72856945893193,6912.7026028397895,0.9437742640230384,189
1135072000,17830,3431,2.3759398496240602,0.9733704459825021,0.08961333713141469,0.5079984799482032,0.0,22193.023636363636,1.2447012695661042,0,대중교통 양호 서민 주거지,812.6052631578947,노원구,상계10동,이동권 우선,False,522.8171554088113,397.5827711842197,3025.346983402023,0.945464239866817,190
1144068000,15454,2860,2.0876623376623376,0.9095638743155257,0.16451984817446696,0.2492011294796514,0.0,40659.1090909091,2.6309763874019088,0,대중교통 양호 서민 주거지,487.49999999999994,마포구,합정동,이동권 우선,False,518.7734507692811,338.45150954666093,6977.521514058533,0.9471411446721085,191
1117066000,8333,1876,1.4285714285714286,0.5111891116609641,0.13276115905635358,0.2924190442077085,0.0,19958.90090909091,2.395163915647535,0,언덕 위 고령 주거지,469.0,용산구,이태원2동,공급 먼저,False,518.3762801414791,272.44789984662583,3344.18647763339,0.9488167656465999,192
1168056500,26480,4984,2.0987755102040815,0.7930989998648427,0.2557855211942708,0.2008033652125272,0.0,98857.67636363636,3.733295935182642,0,고소득 활동 지역,313.28000000000003,강남구,청담동,공급 먼저,False,515.773265876044,380.6696041699731,21166.73288318805,0.9504839725298855,193
1150055000,16638,3577,1.6149068322981368,0.5524227338790374,0.07536615552735688,0.6503176730341155,0.0,12759.760454545456,0.7669047033625109,0,교통 사각 저소득 고령 밀집,544.3260869565217,강서구,화곡2동,공급 먼저,True,510.2461439152604,357.20386441990075,2042.5483784638793,0.9521333133150472,194
1159064000,23124,5441,2.3080357142857144,0.9845951567920155,0.08164682848364417,0.6107275522046207,0.0,24030.984090909093,1.0392226297746536,0,언덕 위 고령 주거지,255.046875,동작구,사당3동,이동권 우선,False,500.90746403948765,219.7059917288,3914.6699638404393,0.9537524673642928,195
1120062000,13682,2937,2.0025974025974027,0.8686005877125035,0.08806903373953034,0.5286177217164579,0.0,17878.583181818183,1.3067229339144997,0,언덕 위 고령 주거지,534.0,성동구,금호4가동,공급 먼저,False,496.00782262133134,260.83595272271214,2350.0660411721456,0.9553557836095293,196
1130561500,19226,5398,1.9642857142857144,0.9148282968816654,0.12646561889768482,0.46682164995753067,0.0,26184.640909090907,1.3619390881665925,0,교통 사각 저소득 고령 밀집,635.0588235294117,강북구,수유1동,이동권 우선,False,492.87365947911644,305.7837329051905,2823.324599331931,0.9569489688559147,197
1129077000,15636,3870,1.6956521739130435,0.9859816452543196,0.12398797303600079,0.47824978056587764,0.0,23232.795909090906,1.4858528977418077,0,대중교통 양호 서민 주거지,56.08695652173913,성북구,장위2동,공급 먼저,False,487.6853516617206,374.12521475278606,3242.629408966305,0.9585253832010571,198
1129065000,23347,5842,1.7222222222222223,0.8411373629068978,0.07088236297765739,0.5388559949749548,0.0,30743.46,1.3168055853000384,0,언덕 위 고령 주거지,1168.4,성북구,정릉4동,공급 먼저,False,481.5354144049205,299.72285563130595,3827.1113975011044,0.9600819182340974,199
1159060500,29799,5843,2.0096670247046187,0.8050980395643741,0.09936127897369494,0.3027041567271441,0.07351960020046258,69812.16863636364,2.342768839100763,1,언덕 위 고령 주거지,1493.6992481203006,동작구,흑석동,이동권 우선,False,479.43115736814866,206.2728586503151,11061.423247294117,0.9616316513794712,200
1120059000,14233,3144,2.457983193277311,0.9005814690114405,0.10863819808380641,0.5180154232116119,0.0,20522.31454545455,1.4418825648461004,0,언덕 위 고령 주거지,0.0,성동구,금호1가동,이동권 우선,False,467.1928830681399,236.14014401669263,2360.7539564584717,0.9631418250197241,201
1162068500,22010,4127,2.108958837772397,0.8386799223898749,0.11072449375675901,0.5526703039046706,0.0,23797.444545454542,1.0812105654454585,0,대중교통 양호 서민 주거지,69.94915254237289,관악구,신사동,이동권 우선,False,463.8755480250653,204.5917135211643,3454.829894764075,0.9646412755686813,202
1120067000,13222,3316,1.4354561101549053,0.5251450171547098,0.21747514639282178,0.2946106315653889,0.0,33930.73409090909,2.5662331032301537,0,외곽 차 중심 신주거지,39.95180722891566,성동구,성수2가1동,공급 먼저,False,453.5471079260509,327.0383478000071,6028.053207058555,0.9661073400397512,203
1162052500,22885,5312,1.9955357142857142,0.934139927763322,0.13769465707103412,0.5327312491633532,0.0,27640.100000000002,1.2077823902119293,0,언덕 위 고령 주거지,498.0,관악구,보라매동,이동권 우선,False,448.6050004481957,207.52502565922322,3986.911444701367,0.9675574294377606,204
1162062500,24891,4802,1.1931216931216932,0.574776595185534,0.09519261095124726,0.5331038300338307,0.0,33224.45136363636,1.334797772835015,0,언덕 위 고령 주거지,355.7037037037037,관악구,인헌동,이동권 우선,False,444.9340428887721,184.48633570632177,4280.445064448164,0.9689956526803946,205
1162054500,14099,3158,0.8663594470046083,0.4976958525345622,0.07769456688055408,0.65976756146692,0.0,12344.925454545455,0.8755887264731864,0,언덕 위 고령 주거지,0.0,관악구,청림동,공급 먼저,False,434.8186321492198,186.2871433194267,1924.4847772241344,0.970401178450073,206
1159055000,23306,5441,1.480295566502463,0.768087935927967,0.07366492809680054,0.6135897120327569,0.0,25417.442727272726,1.0905965299610711,0,언덕 위 고령 주거지,938.103448275862,동작구,상도3동,이동권 우선,False,420.88140145149333,156.37284982614946,3271.6714146751956,0.9717616529375495,207
1130560300,14115,4714,1.6045918367346939,0.6550935177050908,0.11164903285814612,0.5194899430075528,0.0,18836.148181818182,1.334477377387048,0,교통 사각 저소득 고령 밀집,168.35714285714286,강북구,번2동,공급 먼저,True,411.1469508538481,277.72621837237733,2050.605909851063,0.9730906613834238,208
1123057000,17115,4337,1.7142857142857144,0.5486102495897992,0.08882740761976793,0.40697587893833037,0.0,32436.42090909091,1.8952042599527263,0,교통 사각 저소득 고령 밀집,1131.391304347826,동대문구,전농2동,공급 먼저,False,406.5887051267124,308.4904877740879,3442.6119647280293,0.9744049355668716,209
1123074000,31110,4403,1.9953917050691246,0.9008412359318115,0.0764231915259989,0.3817732372866834,0.0,63992.01,2.05695949855352,0,대중교통 양호 서민 주거지,662.8172043010753,동대문구,이문1동,이동권 우선,False,395.91371831792446,526.536880940424,7250.158077642592,0.9756847034804831,210
1111055000,8862,2061,1.2554945054945057,0.5855150113407532,0.09675014113017436,0.33373837623606917,0.0,19546.750909090908,2.2056816643072565,0,언덕 위 고령 주거지,1089.951923076923,종로구,부암동,공급 먼저,False,387.7737321372878,171.5424249816328,4786.8775171282505,0.9769381593653641,211
1129059000,22770,4280,1.392857142857143,0.4716019920109309,0.07708670836424193,0.6354463764177044,0.0,14245.941363636364,0.6256452070108197,0,언덕 위 고령 주거지,445.83333333333337,성북구,돈암2동,공급 먼저,False,383.7057122834841,174.41120951585242,1783.5465091218143,0.9781784656142514,212
1141064000,17103,4434,1.7893462469733656,0.9804274543131853,0.11123230818267067,0.41660009834514855,0.0,30532.54090909091,1.7852155124300362,0,언덕 위 고령 주거지,300.6101694915254,서대문구,홍제3동,이동권 우선,False,382.63344002216854,164.4716395159507,3364.829545108908,0.9794153058058357,213
1159065100,13673,2777,1.6776556776556777,0.9167236372898603,0.09780703659238742,0.5177563200012172,0.0,18880.67818181818,1.3808731208818972,0,언덕 위 고령 주거지,498.43589743589746,동작구,사당5동,이동권 우선,False,369.31489494776037,175.24464240493708,2526.3566746591523,0.9806090945802712,214
1117070000,4990,1263,1.010204081632653,0.3787200747848795,0.12784529062095984,0.3968542921390402,0.0,9008.985454545455,1.805407906722536,0,교통 사각 저소득 고령 밀집,22.553571428571427,용산구,보광동,공급 먼저,True,353.8102357065658,209.04989468441056,1798.407284073102,0.9817527654515115,215
1171072000,9243,2494,1.4261083743842364,0.5430903636403159,0.1254896014479259,0.44157080136632887,0.0,14583.870454545457,1.577828676246398,0,외곽 차 중심 신주거지,43.0,송파구,잠실7동,공급 먼저,False,351.4507861636031,194.64246440673907,2656.062374204083,0.9828888095402505,216
1156065000,16048,3831,1.8950437317784257,0.8415170872511667,0.10110104126068804,0.5258446834817635,0.0,14621.654999999999,0.9111200772681953,0,교통 사각 저소득 고령 밀집,0.0,영등포구,신길3동,공급 먼저,True,351.1982984070203,211.3442070307256,1821.098532391443,0.9840240374770995,217
1138053000,26084,7395,1.6875,0.5935016030694807,0.09214868094617965,0.5364050005835863,0.0,33328.40090909091,1.2777335113131003,0,언덕 위 고령 주거지,3543.4375,은평구,불광2동,이동권 우선,False,346.96140903916216,226.12933157847715,3879.9742249928017,0.985145569917138,218
1156066000,11752,2820,1.7301587301587302,0.7624828305126267,0.09216503574408402,0.573631910223595,0.0,11579.475,0.9853195200816882,0,교통 사각 저소득 고령 밀집,0.0,영등포구,신길4동,공급 먼저,True,346.7209689731038,217.0553939073311,1622.689718846736,0.9862663251487407,219
1120072000,8993,2058,1.6442048517520216,0.498819978222446,0.20159956519723785,0.4306505909389764,0.0,11924.32,1.3259557433559435,0,교통 사각 저소득 고령 밀집,854.2641509433963,성동구,송정동,공급 먼저,True,338.6154643121457,200.96376671633035,2095.765054391193,0.9873608798111063,220
1117052000,8352,2151,1.0598006644518272,0.5038238725953943,0.10750459423404006,0.36350055597912206,0.0,15550.371363636363,1.8618739659526296,0,언덕 위 고령 주거지,0.0,용산구,용산2가동,공급 먼저,False,331.8268264921274,187.70241378337357,2604.139088460661,0.9884334905991952,221
1117064000,7682,1931,1.1945288753799392,0.43626475975764056,0.05739532040849708,0.41775885167283033,0.0,8167.010454545454,1.063135961279023,0,교통 사각 저소득 고령 밀집,986.0425531914892,용산구,이촌2동,공급 먼저,False,315.07639838178017,195.06370042879493,1870.9184993033928,0.9894519566091593,222
1130554500,27132,7084,1.9458646616541353,0.863486481103418,0.12071009610720446,0.38139018421642296,0.0,54148.29136363636,1.9957353443769852,0,대중교통 양호 서민 주거지,298.2736842105263,강북구,송중동,이동권 우선,False,314.7307171624334,252.71324329195187,5666.185739046245,0.9904693052248216,223
1165061000,17387,4095,2.0755102040816324,0.8928726213001719,0.14360604315460263,0.29324516293877595,0.0,46591.259090909094,2.6796606137291707,0,언덕 위 고령 주거지,1199.25,서초구,방배2동,이동권 우선,False,298.5596756910257,185.46126602922286,8633.007649714544,0.9914343818957462,224
1159065000,13488,3265,1.4805194805194803,0.6252028181531484,0.10894271456181952,0.5192520985167434,0.0,18077.75772727273,1.340284529008951,0,언덕 위 고령 주거지,0.0,동작구,사당4동,이동권 우선,False,292.97780462877637,123.35157047276184,2525.8704903759135,0.9923814154952821,225
1141052000,16465,3732,1.8683473389355743,0.8081083687338046,0.08744973870861113,0.5519605432845441,0.0,20929.263636363637,1.2711365706871325,0,언덕 위 고령 주거지,804.9411764705883,서대문구,천연동,이동권 우선,False,271.911074537995,104.00775773321156,2734.064049384997,0.9932603521232621,226
1132066000,20459,5738,1.8394698085419734,0.8883925035843488,0.0863530329268903,0.4836952729890695,0.0,28939.23727272727,1.4144991090829107,0,교통 사각 저소득 고령 밀집,887.319587628866,도봉구,쌍문1동,공급 먼저,False,265.1059173296212,306.1579167451155,3321.244637594585,0.9941172914790097,227
1162065500,17109,3690,1.7598784194528874,0.727250920912255,0.08150052530040888,0.634669891672944,0.0,15459.119545454545,0.9035665173566279,0,언덕 위 고령 주거지,235.531914893617,관악구,신원동,이동권 우선,False,231.673167261133,86.99988597835448,1873.999713537895,0.9948661614276572,228
1165062000,15344,3388,2.009259259259259,0.8385962308887209,0.1725093496487973,0.3526730189278657,0.0,29352.706818181818,1.912976200350744,0,외곽 차 중심 신주거지,1160.7037037037037,서초구,방배3동,이동권 우선,False,226.18236354863674,117.60258900202157,6040.952526510571,0.9955972826747921,229
1114067000,13134,2409,2.488479262672811,0.9498122348704444,0.12807604974091108,0.45902970244520674,0.0,20004.27590909091,1.5230909021692485,0,대중교통 양호 서민 주거지,0.0,중구,황학동,이동권 우선,False,215.41176334906189,94.45739067748865,2192.4525230618224,0.9962935885874032,230
1117051000,15584,3385,1.7252747252747251,0.41054210756130904,0.10203089010572351,0.4837837117058392,0.0,21560.74318181818,1.3835179146443903,0,언덕 위 고령 주거지,416.61538461538464,용산구,후암동,공급 먼저,False,208.0364410148179,112.92363755051682,2912.889819351263,0.996966054202396,231
1159052000,7391,1811,2.325274725274725,0.9343060548722779,0.1856427234081539,0.19944989746185623,0.0,24271.012272727276,3.283860407621063,0,교통 사각 저소득 고령 밀집,55.72307692307693,동작구,노량진2동,이동권 우선,False,207.44059428263188,165.59006322744946,4703.892618872084,0.9976365937777141,232
1144071000,13799,2587,1.9562211981566822,0.49678327789137033,0.15527533678628083,0.3229305183090813,0.0,30669.976363636364,2.2226231149819817,0,언덕 위 고령 주거지,83.45161290322581,마포구,연남동,이동권 우선,False,157.03580455800852,147.34912507368387,4614.655019098089,0.9981442028214607,233
1120052000,15603,3049,2.4700460829493087,0.9526443423769799,0.11559882500193328,0.5451385674182899,0.0,21754.310454545455,1.3942389575431298,0,언덕 위 고령 주거지,590.1290322580645,성동구,왕십리2동,이동권 우선,False,150.1671582258785,77.74567431369869,2285.5908470153995,0.9986296093680997,234
1129064000,13822,3397,1.3247767857142858,0.615507463881661,0.0785980080608155,0.27931407719196694,0.0,29752.46,2.1525437708001736,0,교통 사각 저소득 고령 밀집,875.7890625,성북구,정릉3동,공급 먼저,True,107.96481103224988,107.73208207143823,3504.784069236851,0.9989785992983937,235
1120069000,9303,2060,2.384188626907074,0.8553938851178545,0.352384374612593,0.09782892796999718,0.0,78031.91545454545,8.387822794211056,0,외곽 차 중심 신주거지,40.0,성동구,성수2가3동,이동권 우선,False,90.73341748219703,132.4299992453161,14567.891582908818,0.9992718897579397,236
1114066500,9694,2422,2.428571428571429,0.8567582425407629,0.20476785241571882,0.41777928418001264,0.0,15941.387272727272,1.6444591781233002,0,언덕 위 고령 주거지,468.7741935483871,중구,동화동,이동권 우선,False,85.72146342061404,43.95443027678367,1990.5666012932672,0.9995489793694328,237
1123070500,18374,6128,2.1160714285714284,0.7628960632818188,0.1464529413065082,0.3614423114946429,0.0,34564.23954545455,1.8811494255717072,1,교통 사각 저소득 고령 밀집,1978.8333333333337,동대문구,청량리동,이동권 우선,True,55.4399317962454,68.08371642554174,4425.460292287897,0.9997281857029416,238
1111069000,6031,1513,2.1904761904761907,0.9975190791548345,0.10072278315068899,0.588729571144181,0.0,7435.588636363636,1.2328948161770248,0,언덕 위 고령 주거지,84.05555555555556,종로구,창신3동,이동권 우선,False,32.47958142813107,21.57317379444965,661.7768812486329,0.99983317404822,239
1111054000,2029,610,1.7888198757763976,0.490763334156,0.1694565554554578,0.08845597380695365,0.0,16289.125454545454,8.028154487208209,0,언덕 위 고령 주거지,291.7391304347826,종로구,삼청동,공급 먼저,True,20.465846088056356,9.267560207071382,2770.651287658784,0.9998993286974192,240
1120065000,14723,2871,1.7956810631229234,0.873217241278149,0.2612663917486398,0.2498556528474581,0.0,41748.31227272727,2.835584614054695,0,외곽 차 중심 신주거지,500.7558139534884,성동구,성수1가1동,이동권 우선,False,11.480419227269369,22.935828746295293,6788.458017333887,0.9999364384803898,241
1111051500,10592,2303,1.408315565031983,0.47644553721458643,0.13929888372399882,0.2341352260354864,0.0,33084.39681818182,3.1235268899340842,0,언덕 위 고령 주거지,687.4626865671642,종로구,청운효자동,이동권 우선,False,4.499098245161395,9.511266145007019,5307.174567091151,0.999950981552044,242
1168054500,25300,5698,2.1097560975609757,0.8709572045826856,0.26878542789309323,0.17830798614756974,0.0,94587.93181818182,3.7386534315486886,0,고소득 활동 지역,243.2073170731707,강남구,압구정동,공급 먼저,False,4.465617098684826,9.45844253118472,19040.315932611076,0.9999654163978523,243
1168051000,14913,3298,2.1155844155844155,0.8560668401135245,0.2497495188518285,0.15853282092402646,0.0,70238.00227272727,4.70985061843541,0,고소득 활동 지역,0.0,강남구,신사동,공급 먼저,False,4.231925114035576,9.264094392965653,15096.247304718889,0.9999790958480033,244
1120066000,14274,2604,2.405042016806723,0.998607507373805,0.270656053980043,0.21021684292701914,0.0,50545.27954545454,3.5410732482453793,0,외곽 차 중심 신주거지,245.08235294117648,성동구,성수1가2동,이동권 우선,False,3.4025788606650096,7.113185876554472,7673.022540993074,0.9999900944849484,245
1144061000,16697,2356,2.32069970845481,0.8442201874127092,0.15161119499338044,0.30302642394315665,0.0,36467.35681818182,2.184066408227934,0,언덕 위 고령 주거지,0.0,마포구,염리동,이동권 우선,False,1.8965918177147985,4.175187448864738,4414.162963824951,0.9999962251069532,246
1111065000,15721,2890,1.8626907073509016,0.7003866165768003,0.10932826864591308,0.2491294933471742,0.0,50495.80227272728,3.2119968368887015,0,언덕 위 고령 주거지,645.3398058252427,종로구,혜화동,이동권 우선,False,0.48287024684727337,1.0058126389690314,6214.995692862383,0.999997785956754,247
1141056500,19038,3948,1.55021216407355,0.8289423082327122,0.33928934139407235,0.13645047530533355,0.0,114460.96909090909,6.012237056986505,0,언덕 위 고령 주거지,938.138613861386,서대문구,충현동,이동권 우선,False,0.32223385667869375,0.6891843655001542,17942.422216721814,0.9999988275588289,248
1138055100,13933,3591,1.4623015873015874,0.5904117545288874,0.10281230945745423,0.3671501964267503,0.0,28548.115909090913,2.0489568584720383,1,언덕 위 고령 주거지,947.625,은평구,갈현1동,이동권 우선,False,0.22723927849268793,2.488303485776518,3435.0062181803355,0.9999995620964917,249
1117055500,18790,3685,1.974025974025974,0.7805140567214214,0.13933247805314972,0.31074019243867224,0.0,43223.12090909091,2.3003257535439547,0,언덕 위 고령 주거지,41.875,용산구,청파동,이동권 우선,False,0.13547144363804395,0.2787157027809884,7318.5150352343235,1.0000000000000013,250
1111060000,3500,897,1.7828571428571427,0.6406243140964939,0.29530162313511144,0.11456280979491663,0.0,21096.434545454547,6.027552727272727,0,언덕 위 고령 주거지,538.1999999999999,종로구,가회동,이동권 우선,False,0.0,0.0,3273.942315572437,1.0000000000000013,251
1111068000,7048,2093,1.7922077922077924,0.6118774977781584,0.11590703582023401,0.5679737867386211,0.0,8505.895909090908,1.2068524275100607,0,언덕 위 고령 주거지,570.8181818181818,종로구,창신2동,이동권 우선,False,0.0,0.0,713.6938943582505,1.0000000000000013,252
1159062000,22111,4400,2.1311475409836067,0.9377312090616248,0.1318224148701185,0.34583188427628603,0.0,45044.96727272727,2.037219812433959,0,대중교통 양호 서민 주거지,72.1311475409836,동작구,사당1동,이동권 우선,False,0.0,0.0,7215.655406681989,1.0000000000000013,253
1114057000,4331,978,1.9894957983193275,0.8656004067189748,0.2767836919513214,0.07746040650219434,0.0,52072.71454545454,12.023254339749373,0,언덕 위 고령 주거지,302.0294117647059,중구,필동,이동권 우선,False,0.0,0.0,6957.289546982525,1.0000000000000013,254
1120055000,12097,1674,2.2259475218658893,0.9943659600074612,0.07262627432043643,0.18789652936417045,0.009785034182979416,55791.32272727272,4.611996588184899,1,언덕 위 고령 주거지,307.46938775510205,성동구,사근동,이동권 우선,False,0.0,0.0,6163.698562347894,1.0000000000000013,255
1168063000,18200,2370,2.3416149068322984,0.9512373594029178,0.3005997394190511,0.15711146272261747,0.0,91577.19636363635,5.031714085914086,1,고소득 활동 지역,0.0,강남구,대치4동,이동권 우선,False,0.0,0.0,14964.963344541331,1.0000000000000013,256
1129055500,21504,4533,2.096308186195827,0.8848393711975415,0.1315338118583784,0.33936084069128925,0.0,48914.63681818182,2.2746761913216993,0,언덕 위 고령 주거지,763.9887640449438,성북구,삼선동,이동권 우선,False,0.0,0.0,5084.111724871282,1.0000000000000013,257
1153054000,22634,4132,2.25,0.873652713654994,0.42575040113568946,0.16329885932059296,0.0,95748.31954545455,4.230287158498478,0,대중교통 양호 서민 주거지,0.0,구로구,구로3동,이동권 우선,False,0.0,0.0,15481.384537816728,1.0000000000000013,258
