hour,cut_a,shift_a,cnt_car,cnt_pt,C′_몫,유입_차량분담,C′_몫_상위50,70대이상_도착_몫_상위50,전연령_도착_몫_상위50
0,725.6148339600859,732.8460592901922,4430.562,580.088,0.0023455074658388737,0.884228992246515,0.0019511672383781787,0.0019482369654757214,0.005275268462774366
1,1430.5927861682665,1028.1354671644483,5982.758,472.096,0.0046243074197095035,0.9268618624061831,0.0037186306799853806,0.0028770555273773773,0.0051183917558901846
2,1372.1602843924477,933.4095536668631,5138.376,334.948,0.004435427778957334,0.938803549725907,0.003767830768135621,0.0026036630976314953,0.0036417969981616992
3,1424.186158827515,942.2847068252863,5385.136,316.46,0.00460359837194022,0.9444962428064002,0.0042962928931888225,0.0027636281545703983,0.003210549883856188
4,1781.033558545715,1327.865494991846,7463.53,556.046,0.00575708669802131,0.9306639153990186,0.006141379164314882,0.005172705752767918,0.004287407127162288
5,3913.2173565812914,2907.103110519877,17912.18,2127.25,0.012649245985255814,0.8938467810711183,0.013980358481295726,0.013936258228360799,0.009286334370899112
6,8000.355457944769,6058.185401564112,40021.522,12318.192000000001,0.025860680594915243,0.7646492298372131,0.029664344741085872,0.02634045601093081,0.020700208825918377
7,13009.846347702869,10656.115253688744,70333.416,38040.936,0.04205356658906482,0.6489858043165047,0.05090498441351163,0.03350504973510801,0.044045894619555055
8,17921.44000711703,14713.945621777886,98976.79,94581.454,0.0579300055180359,0.5113540397690319,0.07035134759061946,0.044872236995497174,0.07462161630675355
9,16447.505808753955,11709.776858091936,79150.018,59147.456,0.053165599521057615,0.5723171632187585,0.06627777710939288,0.057024007387296335,0.055515920209271076
10,15636.472238598722,10087.429841036446,64328.848,33427.452,0.05054398099175714,0.6580532200993696,0.062352363430335865,0.062477393047394074,0.04297726975105873
11,14452.671106564541,9055.070186758592,55165.908,24565.664,0.046717413144320576,0.6918954012345323,0.05493277159082468,0.06815573156917551,0.04484863141702206
12,14434.601171053595,9445.111133019005,54740.43,22169.088,0.04665900313578086,0.7117510475101405,0.05350357266819653,0.07202335225906444,0.05298664892430496
13,14815.931250104615,10024.246610480743,58207.214,21536.936,0.04789163028933806,0.7299245649994389,0.0531514149237267,0.0706502880788513,0.05142383492823773
14,14817.612470374912,9936.044989701919,56319.836,18822.304,0.047897064735425904,0.7495106740372314,0.04960793917733642,0.06773887307945992,0.046952762905666745
15,15622.39238499565,10372.541160638777,57640.214,17430.406,0.05049846868936429,0.7678132137446048,0.048284981387118495,0.07039593049131498,0.05108186512009459
16,17777.509087840448,11619.160990127724,61868.728,19574.974,0.05746475724866707,0.7596502428143553,0.053494055826126874,0.06961565952780643,0.05541440820376203
17,20639.681925345394,13711.529065631714,72861.376,26075.36,0.06671656336493834,0.7364441050491094,0.05874120949133505,0.0670890245758401,0.062002150943184536
18,23721.567653281694,15693.24648331438,83592.936,34185.902,0.07667857853528212,0.7097449543524958,0.0670566474792279,0.05984862508188303,0.07420392948049237
19,25856.137744258285,16126.620152474057,83694.846,31069.966,0.0835784513747304,0.729272714706316,0.0711380287263302,0.050080226695898296,0.0693833936584154
20,21854.273716271488,12896.903380102754,64668.242,17941.88,0.07064266021444193,0.7828125710793647,0.058450955656831845,0.042099719841664336,0.05741621441720984
21,16847.467968853576,10093.729921835878,49906.606,12899.784,0.054458453785691224,0.7946103254780286,0.04446340978667979,0.036784993214515144,0.053780215479859915
22,13268.344223990443,7998.502662137558,39439.242,10374.58,0.042889145839046565,0.7917329049756511,0.03603254744313441,0.03330219811878617,0.05352195455968665
23,13593.069941592146,7857.21185685972,39385.662,9988.72,0.04393880270841891,0.7976942779759755,0.03773598933288679,0.03869468656333024,0.0583033316507626
