시간대,band,1분위(낮음),2분위,3분위,4분위(높음),1분위÷4분위,지수
낮 10~16시,2~5km,0.6045313916737084,0.5231064810253035,0.4710906751881207,0.4340573304100166,1.3927454953995584,고령자 기준
낮 10~16시,5~10km,0.7267649538816731,0.6863943738809802,0.675896970753384,0.5902704311495157,1.2312406577208053,고령자 기준
낮 10~16시,10~20km,0.7406882953879879,0.6786268507802545,0.6260186744994161,0.5574555672597221,1.3286947676009062,고령자 기준
낮 10~16시,20km+,0.8006175698037549,0.7486011869515338,0.7070005758100303,0.6553167488867816,1.221726090724528,고령자 기준
밤·새벽,2~5km,0.6539145093504789,0.6284075210346712,0.5693973355245638,0.5884614957043397,1.111227351532656,고령자 기준
밤·새벽,5~10km,0.7644112029649939,0.7443847539367361,0.7353003497848155,0.6912160569896373,1.1058932952080625,고령자 기준
밤·새벽,10~20km,0.7981711446207859,0.7752665383030881,0.7291017960336696,0.6953630722828733,1.1478480472084809,고령자 기준
밤·새벽,20km+,0.8757877575654208,0.8538880236873264,0.8336016208238911,0.8127303872393865,1.077587071082973,고령자 기준
출근 7~9시,2~5km,0.5256833961076505,0.3840965377372806,0.36781693619872763,0.39009577201588413,1.34757522080051,고령자 기준
출근 7~9시,5~10km,0.6266766182725393,0.5318737985037892,0.4827826657133055,0.4334667372321524,1.4457317354362746,고령자 기준
출근 7~9시,10~20km,0.6399032360867083,0.5298357357470421,0.454726824051169,0.3834031731823089,1.669008711574834,고령자 기준
출근 7~9시,20km+,0.6737920334655266,0.558288249226017,0.5193702393259314,0.45944515595140334,1.4665341983424791,고령자 기준
퇴근 17~19시,2~5km,0.6145522757917559,0.5656207412423985,0.5561980183831432,0.5189688409167962,1.1841795255108276,고령자 기준
퇴근 17~19시,5~10km,0.6971547296062103,0.6725517036475286,0.6414663660749774,0.5939246669849598,1.173810027364741,고령자 기준
퇴근 17~19시,10~20km,0.7013216995644126,0.6835341317048852,0.6018365235033178,0.5800432499200152,1.2090851840119181,고령자 기준
퇴근 17~19시,20km+,0.8018390695385564,0.7841035955624852,0.7442183035388363,0.7119092043888808,1.126322099216112,고령자 기준
낮 10~16시,2~5km,0.6065686143710867,0.49192454760375015,0.5403639587658857,0.450903335702885,1.3452298227635526,일반 성인 기준
낮 10~16시,5~10km,0.7286535601355573,0.7050468131696012,0.6523981777600467,0.615895992010948,1.183078912003384,일반 성인 기준
낮 10~16시,10~20km,0.7286128317569508,0.6775377103272021,0.6404214345258964,0.5626409534910566,1.2949871978498493,일반 성인 기준
낮 10~16시,20km+,0.794161178293899,0.7406666863656554,0.7243381893090906,0.6570705726520386,1.208639088931561,일반 성인 기준
밤·새벽,2~5km,0.6528879133766947,0.5993018178421734,0.6417365277284106,0.5847457694342667,1.1165329404748914,일반 성인 기준
밤·새벽,5~10km,0.765293411401056,0.7572816186366431,0.7172115162190335,0.706671252523247,1.0829553468723854,일반 성인 기준
밤·새벽,10~20km,0.7902287224006469,0.7770410544195682,0.734247792785208,0.6990949560188271,1.1303596394126545,일반 성인 기준
밤·새벽,20km+,0.8707460002227927,0.8502799853957858,0.842309269874946,0.8132549468524254,1.0706925344787355,일반 성인 기준
출근 7~9시,2~5km,0.5191244872825722,0.3987914493719281,0.36080094146025943,0.4357257424718016,1.1914019225434398,일반 성인 기준
출근 7~9시,5~10km,0.6162810921338971,0.5709678498492958,0.47887116910513716,0.4424003714372268,1.3930392737505706,일반 성인 기준
출근 7~9시,10~20km,0.6131846580058476,0.5439771851611358,0.46340874911840874,0.3927665361713731,1.5611937411549264,일반 성인 기준
출근 7~9시,20km+,0.6430826627467527,0.5764658219380132,0.5154129752798983,0.470244988335103,1.3675481476657085,일반 성인 기준
퇴근 17~19시,2~5km,0.6192533798818352,0.5180979373542361,0.6029961726574725,0.5751523168691303,1.0766771891883722,일반 성인 기준
퇴근 17~19시,5~10km,0.6994004528581226,0.6720228997606972,0.6429843901120043,0.6042278792906651,1.1575110597001674,일반 성인 기준
퇴근 17~19시,10~20km,0.6993158838504407,0.6728490959443894,0.6244898565020347,0.5746427137127377,1.216957715050794,일반 성인 기준
퇴근 17~19시,20km+,0.7993494108890918,0.7690670657719737,0.76286844934962,0.7138395141374003,1.1197886850730323,일반 성인 기준
